Date,Store_ID,Store_Type,Store_Size,Dept_ID,Dept_Name,Weekly_Sales,IsHoliday,Holiday_Name,Markdown_Discount,Promotional_Flag,Temperature,Fuel_Price,CPI,Unemployment_Rate
2021-01-01,1,A,150000,1,Electronics,48356.88,0,None,0.0,0,35.7,3.139,210.248,7.52
2021-01-08,1,A,150000,1,Electronics,48052.62,0,None,0.0,0,44.5,3.144,210.068,7.49
2021-01-15,1,A,150000,1,Electronics,49517.76,0,None,1154.62,1,36.4,3.281,210.599,7.49
2021-01-22,1,A,150000,1,Electronics,42339.5,0,None,0.0,0,36.5,3.323,211.174,7.39
2021-01-29,1,A,150000,1,Electronics,50128.12,0,None,0.0,0,40.1,3.34,210.432,7.45
2021-02-05,1,A,150000,1,Electronics,45891.73,0,None,0.0,0,37.8,3.337,210.57,7.49
2021-02-12,1,A,150000,1,Electronics,55328.8,1,Super Bowl,1705.51,1,31.6,3.341,211.614,7.57
2021-02-19,1,A,150000,1,Electronics,46959.04,0,None,0.0,0,48.6,3.483,211.345,7.51
2021-02-26,1,A,150000,1,Electronics,48078.43,0,None,0.0,0,46.8,3.641,210.864,7.62
2021-03-05,1,A,150000,1,Electronics,48593.3,0,None,4259.33,1,48.5,3.641,211.508,7.31
2021-03-12,1,A,150000,1,Electronics,53267.78,0,None,3676.1,1,52.1,3.574,211.142,7.47
2021-03-19,1,A,150000,1,Electronics,46535.04,0,None,0.0,0,58.9,3.734,211.278,7.39
2021-03-26,1,A,150000,1,Electronics,49586.74,0,None,0.0,0,53.8,3.794,211.769,7.57
2021-04-02,1,A,150000,1,Electronics,51985.96,0,None,2779.56,1,51.3,3.733,210.829,7.26
2021-04-09,1,A,150000,1,Electronics,50709.14,0,None,0.0,0,58.7,3.853,211.061,7.25
2021-04-16,1,A,150000,1,Electronics,51659.81,0,None,1417.01,1,58.2,3.879,211.779,7.26
2021-04-23,1,A,150000,1,Electronics,48780.75,0,None,0.0,0,66.5,3.813,211.691,7.09
2021-04-30,1,A,150000,1,Electronics,45436.08,0,None,0.0,0,72.8,3.959,212.492,7.24
2021-05-07,1,A,150000,1,Electronics,43814.24,0,None,0.0,0,65.7,3.997,212.019,7.21
2021-05-14,1,A,150000,1,Electronics,48356.01,0,None,0.0,0,76.2,4.057,211.904,7.29
2021-05-21,1,A,150000,1,Electronics,48228.85,0,None,0.0,0,83.1,4.068,213.48,7.29
2021-05-28,1,A,150000,1,Electronics,60068.41,1,Memorial Day,3286.6,1,77.5,3.883,212.772,7.43
2021-06-04,1,A,150000,1,Electronics,47898.24,0,None,2805.15,1,78.2,3.924,213.056,7.33
2021-06-11,1,A,150000,1,Electronics,45801.83,0,None,0.0,0,85.7,4.041,212.447,7.16
2021-06-18,1,A,150000,1,Electronics,53986.36,0,None,0.0,0,79.0,4.038,213.025,7.12
2021-06-25,1,A,150000,1,Electronics,47793.4,0,None,0.0,0,82.7,4.03,213.49,7.25
2021-07-02,1,A,150000,1,Electronics,50166.55,0,None,0.0,0,79.7,4.286,212.996,7.05
2021-07-09,1,A,150000,1,Electronics,45244.95,0,None,0.0,0,72.6,4.007,213.897,7.36
2021-07-16,1,A,150000,1,Electronics,44786.01,0,None,0.0,0,76.8,4.032,213.546,7.28
2021-07-23,1,A,150000,1,Electronics,47734.26,0,None,0.0,0,80.8,3.994,213.838,7.1
2021-07-30,1,A,150000,1,Electronics,50206.96,0,None,0.0,0,80.3,3.942,213.82,6.97
2021-08-06,1,A,150000,1,Electronics,70226.88,0,None,0.0,0,79.9,3.833,215.184,7.26
2021-08-13,1,A,150000,1,Electronics,68407.05,0,None,3154.15,1,84.0,3.883,214.389,7.1
2021-08-20,1,A,150000,1,Electronics,80178.19,0,None,4487.5,1,73.7,3.722,214.004,7.22
2021-08-27,1,A,150000,1,Electronics,70591.89,0,None,3499.84,1,76.7,3.723,215.082,6.93
2021-09-03,1,A,150000,1,Electronics,66497.66,0,None,1262.75,1,74.0,3.658,214.197,7.02
2021-09-10,1,A,150000,1,Electronics,86737.56,1,Labor Day,2759.36,1,70.3,3.655,215.049,7.07
2021-09-17,1,A,150000,1,Electronics,68668.49,0,None,0.0,0,59.6,3.784,214.103,7.06
2021-09-24,1,A,150000,1,Electronics,62192.81,0,None,1227.71,1,59.5,3.396,214.556,7.0
2021-10-01,1,A,150000,1,Electronics,47822.11,0,None,0.0,0,62.2,3.545,215.456,7.09
2021-10-08,1,A,150000,1,Electronics,52301.7,0,None,3363.89,1,62.4,3.305,215.864,6.91
2021-10-15,1,A,150000,1,Electronics,50428.57,0,None,0.0,0,60.1,3.337,215.718,6.99
2021-10-22,1,A,150000,1,Electronics,48565.24,0,None,916.43,1,52.8,3.403,215.711,7.0
2021-10-29,1,A,150000,1,Electronics,47991.23,0,None,0.0,0,56.7,3.26,215.756,7.03
2021-11-05,1,A,150000,1,Electronics,89806.69,0,None,0.0,0,51.3,3.107,215.305,7.04
2021-11-12,1,A,150000,1,Electronics,93775.75,0,None,0.0,0,51.6,3.074,215.821,6.84
2021-11-19,1,A,150000,1,Electronics,83123.76,0,None,1672.59,1,43.5,3.123,216.088,6.79
2021-11-26,1,A,150000,1,Electronics,176534.1,1,Thanksgiving / Black Friday,4070.69,1,52.5,2.949,216.985,7.06
2021-12-03,1,A,150000,1,Electronics,182257.74,1,Thanksgiving / Black Friday,1537.69,1,47.7,2.963,216.765,6.95
2021-12-10,1,A,150000,1,Electronics,81808.87,0,None,0.0,0,34.9,2.888,215.849,6.83
2021-12-17,1,A,150000,1,Electronics,79888.86,0,None,0.0,0,47.5,2.773,217.03,7.05
2021-12-24,1,A,150000,1,Electronics,163676.36,1,Christmas / New Year,4293.81,1,37.2,2.938,216.813,6.9
2021-12-31,1,A,150000,1,Electronics,174848.32,1,Christmas / New Year,3973.87,1,40.2,2.76,216.804,6.99
2022-01-07,1,A,150000,1,Electronics,48318.05,0,None,0.0,0,38.0,2.492,217.586,6.87
2022-01-14,1,A,150000,1,Electronics,54303.82,0,None,0.0,0,37.8,2.617,217.933,7.05
2022-01-21,1,A,150000,1,Electronics,49652.96,0,None,0.0,0,40.8,2.498,218.021,7.01
2022-01-28,1,A,150000,1,Electronics,46237.31,0,None,0.0,0,37.9,2.571,217.273,6.8
2022-02-04,1,A,150000,1,Electronics,49785.38,0,None,0.0,0,39.8,2.395,217.675,6.91
2022-02-11,1,A,150000,1,Electronics,62859.98,1,Super Bowl,1596.22,1,36.6,2.407,218.133,6.86
2022-02-18,1,A,150000,1,Electronics,50001.45,0,None,0.0,0,44.8,2.418,218.592,6.92
2022-02-25,1,A,150000,1,Electronics,47049.18,0,None,0.0,0,47.5,2.411,218.002,6.68
2022-03-04,1,A,150000,1,Electronics,45096.1,0,None,0.0,0,47.5,2.214,218.286,6.83
2022-03-11,1,A,150000,1,Electronics,48676.52,0,None,0.0,0,42.4,2.256,217.963,6.86
2022-03-18,1,A,150000,1,Electronics,48085.67,0,None,0.0,0,50.6,2.22,218.056,6.56
2022-03-25,1,A,150000,1,Electronics,52768.01,0,None,0.0,0,46.6,2.186,219.197,6.61
2022-04-01,1,A,150000,1,Electronics,47351.6,0,None,0.0,0,51.2,2.364,219.607,6.51
2022-04-08,1,A,150000,1,Electronics,49876.01,0,None,0.0,0,67.9,2.243,219.03,6.68
2022-04-15,1,A,150000,1,Electronics,51879.56,0,None,624.73,1,60.7,2.102,219.705,6.76
2022-04-22,1,A,150000,1,Electronics,48338.89,0,None,2485.46,1,56.6,2.274,219.521,6.83
2022-04-29,1,A,150000,1,Electronics,49674.32,0,None,0.0,0,69.2,2.371,219.155,6.67
2022-05-06,1,A,150000,1,Electronics,46070.53,0,None,0.0,0,74.9,2.289,219.796,6.82
2022-05-13,1,A,150000,1,Electronics,51343.21,0,None,0.0,0,68.6,2.095,220.522,6.5
2022-05-20,1,A,150000,1,Electronics,45647.3,0,None,0.0,0,76.4,2.191,219.872,6.46
2022-05-27,1,A,150000,1,Electronics,58339.65,1,Memorial Day,866.33,1,79.2,2.349,220.81,6.61
2022-06-03,1,A,150000,1,Electronics,54016.16,0,None,2667.6,1,78.9,2.213,218.855,6.64
2022-06-10,1,A,150000,1,Electronics,53061.52,0,None,0.0,0,80.5,2.331,220.713,6.59
2022-06-17,1,A,150000,1,Electronics,49843.87,0,None,0.0,0,83.7,2.388,220.483,6.37
2022-06-24,1,A,150000,1,Electronics,52014.93,0,None,0.0,0,73.9,2.285,220.427,6.56
2022-07-01,1,A,150000,1,Electronics,55085.66,0,None,3289.68,1,81.9,2.392,220.76,6.43
2022-07-08,1,A,150000,1,Electronics,50026.18,0,None,0.0,0,81.0,2.177,219.858,6.61
2022-07-15,1,A,150000,1,Electronics,49037.09,0,None,0.0,0,84.7,2.398,220.879,6.57
2022-07-22,1,A,150000,1,Electronics,50425.62,0,None,0.0,0,85.4,2.507,221.305,6.43
2022-07-29,1,A,150000,1,Electronics,47716.89,0,None,0.0,0,79.5,2.476,222.003,6.46
2022-08-05,1,A,150000,1,Electronics,66421.13,0,None,0.0,0,85.7,2.758,221.142,6.39
2022-08-12,1,A,150000,1,Electronics,64976.28,0,None,0.0,0,77.7,2.567,221.134,6.48
2022-08-19,1,A,150000,1,Electronics,67979.59,0,None,0.0,0,82.3,2.703,221.425,6.57
2022-08-26,1,A,150000,1,Electronics,69467.73,0,None,0.0,0,80.0,2.806,222.271,6.36
2022-09-02,1,A,150000,1,Electronics,65547.19,0,None,0.0,0,74.8,2.97,222.115,6.5
2022-09-09,1,A,150000,1,Electronics,87555.47,1,Labor Day,2419.5,1,78.1,2.8,221.823,6.38
2022-09-16,1,A,150000,1,Electronics,65873.65,0,None,0.0,0,71.5,3.069,222.482,6.34
2022-09-23,1,A,150000,1,Electronics,64540.01,0,None,0.0,0,73.6,3.039,222.411,6.4
2022-09-30,1,A,150000,1,Electronics,67026.39,0,None,1918.49,1,68.4,3.021,222.984,6.3
2022-10-07,1,A,150000,1,Electronics,50509.61,0,None,0.0,0,58.4,3.199,222.286,6.33
2022-10-14,1,A,150000,1,Electronics,48028.42,0,None,0.0,0,60.9,3.24,222.611,6.26
2022-10-21,1,A,150000,1,Electronics,53060.4,0,None,0.0,0,60.1,3.237,222.716,6.56
2022-10-28,1,A,150000,1,Electronics,56324.15,0,None,0.0,0,53.9,3.351,222.318,6.36
2022-11-04,1,A,150000,1,Electronics,105179.74,0,None,4464.67,1,49.5,3.374,223.335,6.27
2022-11-11,1,A,150000,1,Electronics,87504.46,0,None,0.0,0,56.3,3.471,223.455,6.35
2022-11-18,1,A,150000,1,Electronics,92740.39,0,None,0.0,0,45.4,3.571,223.464,6.3
2022-11-25,1,A,150000,1,Electronics,191600.84,1,Thanksgiving / Black Friday,1900.5,1,42.9,3.699,223.482,6.28
2022-12-02,1,A,150000,1,Electronics,188099.73,1,Thanksgiving / Black Friday,3284.08,1,41.2,3.525,223.029,6.35
2022-12-09,1,A,150000,1,Electronics,91407.91,0,None,0.0,0,40.4,3.844,223.663,6.35
2022-12-16,1,A,150000,1,Electronics,86937.67,0,None,0.0,0,34.5,3.564,223.84,6.21
2022-12-23,1,A,150000,1,Electronics,168387.39,1,Christmas / New Year,4009.84,1,40.1,3.751,223.747,6.2
2022-12-30,1,A,150000,1,Electronics,178314.91,1,Christmas / New Year,4054.99,1,37.1,3.851,224.205,6.22
2023-01-06,1,A,150000,1,Electronics,50632.62,0,None,0.0,0,42.5,3.863,224.625,6.0
2023-01-13,1,A,150000,1,Electronics,53271.33,0,None,0.0,0,34.8,3.824,225.504,6.07
2023-01-20,1,A,150000,1,Electronics,49868.47,0,None,0.0,0,34.4,3.887,224.785,6.34
2023-01-27,1,A,150000,1,Electronics,42625.06,0,None,0.0,0,39.5,3.891,224.964,6.36
2023-02-03,1,A,150000,1,Electronics,50008.61,0,None,0.0,0,35.9,3.905,224.935,6.16
2023-02-10,1,A,150000,1,Electronics,56844.5,1,Super Bowl,3212.06,1,44.7,4.038,224.151,6.23
2023-02-17,1,A,150000,1,Electronics,52738.41,0,None,0.0,0,43.7,4.012,225.234,6.19
2023-02-24,1,A,150000,1,Electronics,52319.97,0,None,0.0,0,48.0,3.938,225.415,6.45
2023-03-03,1,A,150000,1,Electronics,53986.62,0,None,0.0,0,48.3,4.071,226.754,6.25
2023-03-10,1,A,150000,1,Electronics,49791.98,0,None,0.0,0,52.2,4.024,225.563,6.11
2023-03-17,1,A,150000,1,Electronics,51017.25,0,None,0.0,0,51.7,4.062,225.947,6.01
2023-03-24,1,A,150000,1,Electronics,49762.73,0,None,0.0,0,52.8,4.04,225.917,5.94
2023-03-31,1,A,150000,1,Electronics,51573.56,0,None,0.0,0,56.7,3.911,225.487,6.11
2023-04-07,1,A,150000,1,Electronics,54011.8,0,None,1648.15,1,62.5,3.917,226.78,6.0
2023-04-14,1,A,150000,1,Electronics,53440.08,0,None,0.0,0,60.2,4.001,226.722,5.92
2023-04-21,1,A,150000,1,Electronics,50849.06,0,None,0.0,0,57.3,3.966,226.879,5.98
2023-04-28,1,A,150000,1,Electronics,52981.7,0,None,0.0,0,66.1,3.888,226.166,5.93
2023-05-05,1,A,150000,1,Electronics,53192.33,0,None,0.0,0,68.0,3.867,227.46,6.19
2023-05-12,1,A,150000,1,Electronics,55630.03,0,None,4248.91,1,71.0,3.925,226.195,6.1
2023-05-19,1,A,150000,1,Electronics,50855.22,0,None,0.0,0,73.3,3.737,227.326,6.0
2023-05-26,1,A,150000,1,Electronics,67135.65,1,Memorial Day,2828.68,1,75.3,3.786,228.266,6.14
2023-06-02,1,A,150000,1,Electronics,55130.47,0,None,3986.15,1,70.4,3.681,226.812,5.98
2023-06-09,1,A,150000,1,Electronics,51539.73,0,None,0.0,0,79.6,3.631,227.162,5.88
2023-06-16,1,A,150000,1,Electronics,50519.13,0,None,0.0,0,71.3,3.686,227.632,6.11
2023-06-23,1,A,150000,1,Electronics,48872.52,0,None,0.0,0,88.1,3.612,227.468,5.99
2023-06-30,1,A,150000,1,Electronics,49427.23,0,None,0.0,0,80.6,3.556,227.082,5.82
2023-07-07,1,A,150000,1,Electronics,52484.92,0,None,3222.0,1,84.7,3.538,228.029,5.9
2023-07-14,1,A,150000,1,Electronics,51492.04,0,None,0.0,0,85.5,3.377,227.601,5.82
2023-07-21,1,A,150000,1,Electronics,56700.69,0,None,0.0,0,77.3,3.37,228.506,5.75
2023-07-28,1,A,150000,1,Electronics,54366.7,0,None,0.0,0,77.1,3.23,227.947,5.97
2023-08-04,1,A,150000,1,Electronics,65364.63,0,None,0.0,0,79.7,3.219,229.319,6.06
2023-08-11,1,A,150000,1,Electronics,71279.33,0,None,0.0,0,85.3,3.121,228.29,5.72
2023-08-18,1,A,150000,1,Electronics,78682.5,0,None,3974.49,1,78.0,3.077,228.658,5.9
2023-08-25,1,A,150000,1,Electronics,71837.61,0,None,0.0,0,79.4,3.055,229.363,5.77
2023-09-01,1,A,150000,1,Electronics,71428.94,0,None,630.1,1,79.9,2.88,228.478,5.77
2023-09-08,1,A,150000,1,Electronics,85004.0,1,Labor Day,3686.15,1,75.3,3.052,229.344,5.75
2023-09-15,1,A,150000,1,Electronics,70218.79,0,None,3242.26,1,70.0,2.744,230.022,5.71
2023-09-22,1,A,150000,1,Electronics,70311.24,0,None,0.0,0,66.5,2.669,228.702,5.79
2023-09-29,1,A,150000,1,Electronics,67799.86,0,None,0.0,0,62.5,2.802,229.735,5.69
2023-10-06,1,A,150000,1,Electronics,51344.38,0,None,0.0,0,66.6,2.718,229.91,5.79
2023-10-13,1,A,150000,1,Electronics,55100.46,0,None,0.0,0,50.3,2.652,230.308,5.74
2023-10-20,1,A,150000,1,Electronics,50117.13,0,None,0.0,0,53.0,2.601,229.436,5.71
2023-10-27,1,A,150000,1,Electronics,58656.7,0,None,0.0,0,54.5,2.502,229.532,5.63
2023-11-03,1,A,150000,1,Electronics,92570.72,0,None,0.0,0,52.1,2.386,230.591,5.65
2023-11-10,1,A,150000,1,Electronics,89689.4,0,None,0.0,0,49.9,2.422,230.616,5.77
2023-11-17,1,A,150000,1,Electronics,89187.79,0,None,0.0,0,47.7,2.323,230.73,5.74
2023-11-24,1,A,150000,1,Electronics,198654.61,1,Thanksgiving / Black Friday,2770.16,1,44.3,2.42,230.915,5.58
2023-12-01,1,A,150000,1,Electronics,196007.66,1,Thanksgiving / Black Friday,1300.6,1,46.0,2.299,230.539,5.67
2023-12-08,1,A,150000,1,Electronics,103480.59,0,None,4244.85,1,45.6,2.216,231.133,5.73
2023-12-15,1,A,150000,1,Electronics,95724.24,0,None,0.0,0,37.9,2.233,231.3,5.47
2023-12-22,1,A,150000,1,Electronics,187763.16,1,Christmas / New Year,3706.91,1,42.2,2.272,230.934,5.68
2023-12-29,1,A,150000,1,Electronics,168714.33,1,Christmas / New Year,820.46,1,36.5,2.177,232.361,5.55
2024-01-05,1,A,150000,1,Electronics,58231.46,0,None,0.0,0,42.0,2.145,231.803,5.66
2024-01-12,1,A,150000,1,Electronics,52052.76,0,None,0.0,0,35.2,2.223,231.108,5.51
2024-01-19,1,A,150000,1,Electronics,52153.76,0,None,1488.41,1,39.0,2.22,232.169,5.4
2024-01-26,1,A,150000,1,Electronics,53003.35,0,None,0.0,0,36.5,2.161,231.491,5.4
2024-02-02,1,A,150000,1,Electronics,50723.08,0,None,0.0,0,48.0,2.169,232.509,5.56
2024-02-09,1,A,150000,1,Electronics,65863.25,1,Super Bowl,4485.34,1,43.5,2.235,232.832,5.57
2024-02-16,1,A,150000,1,Electronics,56464.44,0,None,3220.91,1,42.4,2.114,231.98,5.44
2024-02-23,1,A,150000,1,Electronics,55593.45,0,None,0.0,0,36.9,2.135,233.009,5.58
2024-03-01,1,A,150000,1,Electronics,50114.23,0,None,0.0,0,48.9,2.213,232.871,5.34
2024-03-08,1,A,150000,1,Electronics,49288.97,0,None,0.0,0,41.6,2.279,233.213,5.49
2024-03-15,1,A,150000,1,Electronics,56080.53,0,None,0.0,0,57.8,2.351,233.888,5.36
2024-03-22,1,A,150000,1,Electronics,49174.01,0,None,0.0,0,52.0,2.477,232.954,5.4
2024-03-29,1,A,150000,1,Electronics,57176.64,0,None,0.0,0,52.4,2.465,232.837,5.46
2024-04-05,1,A,150000,1,Electronics,54458.85,0,None,0.0,0,62.9,2.424,232.907,5.36
2024-04-12,1,A,150000,1,Electronics,52052.93,0,None,0.0,0,57.3,2.479,233.081,5.39
2024-04-19,1,A,150000,1,Electronics,54333.08,0,None,0.0,0,60.0,2.447,233.588,5.52
2024-04-26,1,A,150000,1,Electronics,54934.84,0,None,0.0,0,64.1,2.575,233.934,5.35
2024-05-03,1,A,150000,1,Electronics,47828.26,0,None,0.0,0,66.3,2.605,234.039,5.48
2024-05-10,1,A,150000,1,Electronics,52677.9,0,None,0.0,0,71.2,2.708,234.452,5.27
2024-05-17,1,A,150000,1,Electronics,55725.75,0,None,0.0,0,68.0,2.672,234.182,5.43
2024-05-24,1,A,150000,1,Electronics,62885.58,1,Memorial Day,1800.76,1,69.6,2.837,235.04,5.5
2024-05-31,1,A,150000,1,Electronics,49707.67,0,None,0.0,0,77.9,2.977,234.318,5.1
2024-06-07,1,A,150000,1,Electronics,49680.0,0,None,1179.03,1,77.0,2.906,235.948,5.26
2024-06-14,1,A,150000,1,Electronics,49773.17,0,None,0.0,0,80.5,3.008,235.038,5.38
2024-06-21,1,A,150000,1,Electronics,51662.45,0,None,0.0,0,78.9,3.093,234.434,5.29
2024-06-28,1,A,150000,1,Electronics,56900.97,0,None,646.69,1,83.4,3.068,234.465,5.34
2021-01-01,1,A,150000,2,Apparel,33280.25,0,None,0.0,0,43.1,3.139,210.248,7.52
2021-01-08,1,A,150000,2,Apparel,32406.68,0,None,0.0,0,39.9,3.144,210.068,7.49
2021-01-15,1,A,150000,2,Apparel,34473.88,0,None,1579.0,1,39.5,3.281,210.599,7.49
2021-01-22,1,A,150000,2,Apparel,34619.03,0,None,0.0,0,35.4,3.323,211.174,7.39
2021-01-29,1,A,150000,2,Apparel,33340.7,0,None,0.0,0,38.3,3.34,210.432,7.45
2021-02-05,1,A,150000,2,Apparel,38527.07,0,None,4446.52,1,39.5,3.337,210.57,7.49
2021-02-12,1,A,150000,2,Apparel,44959.22,1,Super Bowl,3971.67,1,42.3,3.341,211.614,7.57
2021-02-19,1,A,150000,2,Apparel,34728.29,0,None,0.0,0,30.3,3.483,211.345,7.51
2021-02-26,1,A,150000,2,Apparel,36716.89,0,None,1731.72,1,45.1,3.641,210.864,7.62
2021-03-05,1,A,150000,2,Apparel,36441.02,0,None,0.0,0,48.0,3.641,211.508,7.31
2021-03-12,1,A,150000,2,Apparel,38924.52,0,None,0.0,0,55.2,3.574,211.142,7.47
2021-03-19,1,A,150000,2,Apparel,39042.58,0,None,0.0,0,46.1,3.734,211.278,7.39
2021-03-26,1,A,150000,2,Apparel,41040.56,0,None,0.0,0,53.7,3.794,211.769,7.57
2021-04-02,1,A,150000,2,Apparel,41986.79,0,None,0.0,0,56.0,3.733,210.829,7.26
2021-04-09,1,A,150000,2,Apparel,46726.36,0,None,3135.54,1,62.1,3.853,211.061,7.25
2021-04-16,1,A,150000,2,Apparel,44411.81,0,None,3131.38,1,55.4,3.879,211.779,7.26
2021-04-23,1,A,150000,2,Apparel,42644.59,0,None,0.0,0,64.0,3.813,211.691,7.09
2021-04-30,1,A,150000,2,Apparel,42177.88,0,None,0.0,0,71.0,3.959,212.492,7.24
2021-05-07,1,A,150000,2,Apparel,44857.29,0,None,0.0,0,71.7,3.997,212.019,7.21
2021-05-14,1,A,150000,2,Apparel,42929.25,0,None,0.0,0,72.5,4.057,211.904,7.29
2021-05-21,1,A,150000,2,Apparel,43975.59,0,None,0.0,0,78.0,4.068,213.48,7.29
2021-05-28,1,A,150000,2,Apparel,48976.92,1,Memorial Day,523.03,1,70.5,3.883,212.772,7.43
2021-06-04,1,A,150000,2,Apparel,42599.93,0,None,0.0,0,70.7,3.924,213.056,7.33
2021-06-11,1,A,150000,2,Apparel,43108.4,0,None,0.0,0,84.3,4.041,212.447,7.16
2021-06-18,1,A,150000,2,Apparel,44530.64,0,None,0.0,0,74.2,4.038,213.025,7.12
2021-06-25,1,A,150000,2,Apparel,42923.09,0,None,0.0,0,77.8,4.03,213.49,7.25
2021-07-02,1,A,150000,2,Apparel,44067.58,0,None,0.0,0,90.4,4.286,212.996,7.05
2021-07-09,1,A,150000,2,Apparel,41280.36,0,None,0.0,0,86.3,4.007,213.897,7.36
2021-07-16,1,A,150000,2,Apparel,47421.69,0,None,0.0,0,75.4,4.032,213.546,7.28
2021-07-23,1,A,150000,2,Apparel,44004.51,0,None,0.0,0,84.7,3.994,213.838,7.1
2021-07-30,1,A,150000,2,Apparel,42089.22,0,None,0.0,0,84.8,3.942,213.82,6.97
2021-08-06,1,A,150000,2,Apparel,40732.48,0,None,0.0,0,82.1,3.833,215.184,7.26
2021-08-13,1,A,150000,2,Apparel,39987.58,0,None,0.0,0,78.4,3.883,214.389,7.1
2021-08-20,1,A,150000,2,Apparel,41114.93,0,None,0.0,0,74.2,3.722,214.004,7.22
2021-08-27,1,A,150000,2,Apparel,42615.22,0,None,0.0,0,82.0,3.723,215.082,6.93
2021-09-03,1,A,150000,2,Apparel,37966.44,0,None,0.0,0,77.7,3.658,214.197,7.02
2021-09-10,1,A,150000,2,Apparel,45321.12,1,Labor Day,1224.6,1,71.6,3.655,215.049,7.07
2021-09-17,1,A,150000,2,Apparel,37254.71,0,None,0.0,0,72.4,3.784,214.103,7.06
2021-09-24,1,A,150000,2,Apparel,39604.93,0,None,0.0,0,69.1,3.396,214.556,7.0
2021-10-01,1,A,150000,2,Apparel,37047.72,0,None,0.0,0,65.0,3.545,215.456,7.09
2021-10-08,1,A,150000,2,Apparel,37995.8,0,None,0.0,0,60.9,3.305,215.864,6.91
2021-10-15,1,A,150000,2,Apparel,34668.05,0,None,0.0,0,61.5,3.337,215.718,6.99
2021-10-22,1,A,150000,2,Apparel,36755.47,0,None,0.0,0,54.7,3.403,215.711,7.0
2021-10-29,1,A,150000,2,Apparel,32941.09,0,None,0.0,0,53.5,3.26,215.756,7.03
2021-11-05,1,A,150000,2,Apparel,35355.27,0,None,0.0,0,49.4,3.107,215.305,7.04
2021-11-12,1,A,150000,2,Apparel,33000.5,0,None,0.0,0,47.5,3.074,215.821,6.84
2021-11-19,1,A,150000,2,Apparel,36640.01,0,None,0.0,0,48.6,3.123,216.088,6.79
2021-11-26,1,A,150000,2,Apparel,63448.15,1,Thanksgiving / Black Friday,1172.06,1,40.5,2.949,216.985,7.06
2021-12-03,1,A,150000,2,Apparel,64996.9,1,Thanksgiving / Black Friday,1366.96,1,45.2,2.963,216.765,6.95
2021-12-10,1,A,150000,2,Apparel,32597.56,0,None,0.0,0,48.4,2.888,215.849,6.83
2021-12-17,1,A,150000,2,Apparel,33828.83,0,None,0.0,0,35.0,2.773,217.03,7.05
2021-12-24,1,A,150000,2,Apparel,54904.43,1,Christmas / New Year,1045.76,1,39.4,2.938,216.813,6.9
2021-12-31,1,A,150000,2,Apparel,60937.2,1,Christmas / New Year,2212.8,1,45.2,2.76,216.804,6.99
2022-01-07,1,A,150000,2,Apparel,34892.31,0,None,0.0,0,42.6,2.492,217.586,6.87
2022-01-14,1,A,150000,2,Apparel,32990.49,0,None,0.0,0,44.5,2.617,217.933,7.05
2022-01-21,1,A,150000,2,Apparel,35023.3,0,None,0.0,0,35.3,2.498,218.021,7.01
2022-01-28,1,A,150000,2,Apparel,38933.72,0,None,3701.43,1,35.6,2.571,217.273,6.8
2022-02-04,1,A,150000,2,Apparel,36763.18,0,None,0.0,0,33.2,2.395,217.675,6.91
2022-02-11,1,A,150000,2,Apparel,44972.48,1,Super Bowl,1797.34,1,49.0,2.407,218.133,6.86
2022-02-18,1,A,150000,2,Apparel,38453.78,0,None,0.0,0,37.1,2.418,218.592,6.92
2022-02-25,1,A,150000,2,Apparel,37049.92,0,None,0.0,0,51.3,2.411,218.002,6.68
2022-03-04,1,A,150000,2,Apparel,37318.32,0,None,0.0,0,45.2,2.214,218.286,6.83
2022-03-11,1,A,150000,2,Apparel,39426.57,0,None,0.0,0,50.0,2.256,217.963,6.86
2022-03-18,1,A,150000,2,Apparel,42469.14,0,None,0.0,0,46.2,2.22,218.056,6.56
2022-03-25,1,A,150000,2,Apparel,39289.55,0,None,0.0,0,47.3,2.186,219.197,6.61
2022-04-01,1,A,150000,2,Apparel,41923.19,0,None,0.0,0,53.5,2.364,219.607,6.51
2022-04-08,1,A,150000,2,Apparel,46429.56,0,None,0.0,0,60.5,2.243,219.03,6.68
2022-04-15,1,A,150000,2,Apparel,46928.34,0,None,3521.08,1,61.6,2.102,219.705,6.76
2022-04-22,1,A,150000,2,Apparel,41860.96,0,None,0.0,0,62.0,2.274,219.521,6.83
2022-04-29,1,A,150000,2,Apparel,41023.66,0,None,0.0,0,61.7,2.371,219.155,6.67
2022-05-06,1,A,150000,2,Apparel,48612.0,0,None,0.0,0,69.8,2.289,219.796,6.82
2022-05-13,1,A,150000,2,Apparel,45148.23,0,None,0.0,0,65.7,2.095,220.522,6.5
2022-05-20,1,A,150000,2,Apparel,44788.47,0,None,0.0,0,75.9,2.191,219.872,6.46
2022-05-27,1,A,150000,2,Apparel,57968.69,1,Memorial Day,4222.38,1,76.4,2.349,220.81,6.61
2022-06-03,1,A,150000,2,Apparel,46944.43,0,None,0.0,0,76.1,2.213,218.855,6.64
2022-06-10,1,A,150000,2,Apparel,45656.11,0,None,0.0,0,80.5,2.331,220.713,6.59
2022-06-17,1,A,150000,2,Apparel,49541.19,0,None,3279.8,1,76.5,2.388,220.483,6.37
2022-06-24,1,A,150000,2,Apparel,45457.14,0,None,0.0,0,80.5,2.285,220.427,6.56
2022-07-01,1,A,150000,2,Apparel,45641.9,0,None,0.0,0,82.2,2.392,220.76,6.43
2022-07-08,1,A,150000,2,Apparel,44240.97,0,None,0.0,0,85.1,2.177,219.858,6.61
2022-07-15,1,A,150000,2,Apparel,43159.03,0,None,0.0,0,84.1,2.398,220.879,6.57
2022-07-22,1,A,150000,2,Apparel,45570.86,0,None,0.0,0,80.6,2.507,221.305,6.43
2022-07-29,1,A,150000,2,Apparel,44295.32,0,None,0.0,0,81.6,2.476,222.003,6.46
2022-08-05,1,A,150000,2,Apparel,44134.48,0,None,0.0,0,72.7,2.758,221.142,6.39
2022-08-12,1,A,150000,2,Apparel,44259.39,0,None,2978.35,1,76.3,2.567,221.134,6.48
2022-08-19,1,A,150000,2,Apparel,44732.04,0,None,3623.05,1,79.8,2.703,221.425,6.57
2022-08-26,1,A,150000,2,Apparel,41995.56,0,None,0.0,0,76.2,2.806,222.271,6.36
2022-09-02,1,A,150000,2,Apparel,40133.16,0,None,0.0,0,73.2,2.97,222.115,6.5
2022-09-09,1,A,150000,2,Apparel,47523.13,1,Labor Day,985.54,1,70.9,2.8,221.823,6.38
2022-09-16,1,A,150000,2,Apparel,39682.5,0,None,0.0,0,69.0,3.069,222.482,6.34
2022-09-23,1,A,150000,2,Apparel,39647.09,0,None,0.0,0,64.9,3.039,222.411,6.4
2022-09-30,1,A,150000,2,Apparel,39059.82,0,None,0.0,0,70.0,3.021,222.984,6.3
2022-10-07,1,A,150000,2,Apparel,35594.9,0,None,0.0,0,71.8,3.199,222.286,6.33
2022-10-14,1,A,150000,2,Apparel,38842.92,0,None,0.0,0,59.1,3.24,222.611,6.26
2022-10-21,1,A,150000,2,Apparel,35659.72,0,None,0.0,0,56.1,3.237,222.716,6.56
2022-10-28,1,A,150000,2,Apparel,36486.35,0,None,1539.25,1,44.4,3.351,222.318,6.36
2022-11-04,1,A,150000,2,Apparel,34165.65,0,None,0.0,0,53.8,3.374,223.335,6.27
2022-11-11,1,A,150000,2,Apparel,36911.3,0,None,0.0,0,49.7,3.471,223.455,6.35
2022-11-18,1,A,150000,2,Apparel,36293.49,0,None,2452.96,1,46.9,3.571,223.464,6.3
2022-11-25,1,A,150000,2,Apparel,61366.67,1,Thanksgiving / Black Friday,3449.43,1,41.9,3.699,223.482,6.28
2022-12-02,1,A,150000,2,Apparel,69234.33,1,Thanksgiving / Black Friday,2077.91,1,41.8,3.525,223.029,6.35
2022-12-09,1,A,150000,2,Apparel,36208.43,0,None,0.0,0,41.1,3.844,223.663,6.35
2022-12-16,1,A,150000,2,Apparel,35636.39,0,None,0.0,0,36.0,3.564,223.84,6.21
2022-12-23,1,A,150000,2,Apparel,58179.14,1,Christmas / New Year,653.71,1,37.5,3.751,223.747,6.2
2022-12-30,1,A,150000,2,Apparel,63873.41,1,Christmas / New Year,3048.81,1,42.3,3.851,224.205,6.22
2023-01-06,1,A,150000,2,Apparel,34519.41,0,None,0.0,0,39.4,3.863,224.625,6.0
2023-01-13,1,A,150000,2,Apparel,36494.68,0,None,0.0,0,38.7,3.824,225.504,6.07
2023-01-20,1,A,150000,2,Apparel,35985.21,0,None,0.0,0,35.4,3.887,224.785,6.34
2023-01-27,1,A,150000,2,Apparel,38486.67,0,None,3365.29,1,39.0,3.891,224.964,6.36
2023-02-03,1,A,150000,2,Apparel,39277.98,0,None,0.0,0,44.6,3.905,224.935,6.16
2023-02-10,1,A,150000,2,Apparel,45024.68,1,Super Bowl,3145.48,1,37.9,4.038,224.151,6.23
2023-02-17,1,A,150000,2,Apparel,40388.75,0,None,3141.21,1,40.2,4.012,225.234,6.19
2023-02-24,1,A,150000,2,Apparel,41328.03,0,None,828.69,1,47.1,3.938,225.415,6.45
2023-03-03,1,A,150000,2,Apparel,39822.13,0,None,0.0,0,50.7,4.071,226.754,6.25
2023-03-10,1,A,150000,2,Apparel,42170.08,0,None,0.0,0,46.5,4.024,225.563,6.11
2023-03-17,1,A,150000,2,Apparel,40809.53,0,None,0.0,0,54.7,4.062,225.947,6.01
2023-03-24,1,A,150000,2,Apparel,45134.26,0,None,0.0,0,55.9,4.04,225.917,5.94
2023-03-31,1,A,150000,2,Apparel,44327.91,0,None,0.0,0,61.9,3.911,225.487,6.11
2023-04-07,1,A,150000,2,Apparel,44089.31,0,None,1853.07,1,61.6,3.917,226.78,6.0
2023-04-14,1,A,150000,2,Apparel,45813.72,0,None,0.0,0,52.1,4.001,226.722,5.92
2023-04-21,1,A,150000,2,Apparel,44994.44,0,None,0.0,0,63.2,3.966,226.879,5.98
2023-04-28,1,A,150000,2,Apparel,43493.05,0,None,0.0,0,64.2,3.888,226.166,5.93
2023-05-05,1,A,150000,2,Apparel,46141.1,0,None,0.0,0,71.5,3.867,227.46,6.19
2023-05-12,1,A,150000,2,Apparel,49147.62,0,None,0.0,0,71.4,3.925,226.195,6.1
2023-05-19,1,A,150000,2,Apparel,48464.62,0,None,0.0,0,71.9,3.737,227.326,6.0
2023-05-26,1,A,150000,2,Apparel,56863.03,1,Memorial Day,1209.72,1,79.3,3.786,228.266,6.14
2023-06-02,1,A,150000,2,Apparel,48399.51,0,None,0.0,0,76.6,3.681,226.812,5.98
2023-06-09,1,A,150000,2,Apparel,47774.86,0,None,0.0,0,75.5,3.631,227.162,5.88
2023-06-16,1,A,150000,2,Apparel,48294.02,0,None,0.0,0,73.5,3.686,227.632,6.11
2023-06-23,1,A,150000,2,Apparel,43986.23,0,None,0.0,0,87.4,3.612,227.468,5.99
2023-06-30,1,A,150000,2,Apparel,48840.38,0,None,0.0,0,81.7,3.556,227.082,5.82
2023-07-07,1,A,150000,2,Apparel,45962.08,0,None,0.0,0,83.4,3.538,228.029,5.9
2023-07-14,1,A,150000,2,Apparel,46387.17,0,None,0.0,0,83.9,3.377,227.601,5.82
2023-07-21,1,A,150000,2,Apparel,46828.71,0,None,0.0,0,78.4,3.37,228.506,5.75
2023-07-28,1,A,150000,2,Apparel,43650.82,0,None,0.0,0,75.8,3.23,227.947,5.97
2023-08-04,1,A,150000,2,Apparel,45784.28,0,None,0.0,0,82.3,3.219,229.319,6.06
2023-08-11,1,A,150000,2,Apparel,45554.05,0,None,3543.96,1,85.3,3.121,228.29,5.72
2023-08-18,1,A,150000,2,Apparel,44278.37,0,None,1722.42,1,73.7,3.077,228.658,5.9
2023-08-25,1,A,150000,2,Apparel,43702.85,0,None,0.0,0,68.1,3.055,229.363,5.77
2023-09-01,1,A,150000,2,Apparel,45462.67,0,None,0.0,0,78.3,2.88,228.478,5.77
2023-09-08,1,A,150000,2,Apparel,46947.53,1,Labor Day,512.87,1,69.5,3.052,229.344,5.75
2023-09-15,1,A,150000,2,Apparel,41440.34,0,None,0.0,0,75.3,2.744,230.022,5.71
2023-09-22,1,A,150000,2,Apparel,39511.42,0,None,0.0,0,64.5,2.669,228.702,5.79
2023-09-29,1,A,150000,2,Apparel,42683.94,0,None,0.0,0,66.0,2.802,229.735,5.69
2023-10-06,1,A,150000,2,Apparel,40660.23,0,None,0.0,0,70.2,2.718,229.91,5.79
2023-10-13,1,A,150000,2,Apparel,38425.14,0,None,0.0,0,62.4,2.652,230.308,5.74
2023-10-20,1,A,150000,2,Apparel,40230.72,0,None,734.2,1,62.6,2.601,229.436,5.71
2023-10-27,1,A,150000,2,Apparel,37482.43,0,None,0.0,0,52.1,2.502,229.532,5.63
2023-11-03,1,A,150000,2,Apparel,36268.39,0,None,0.0,0,58.1,2.386,230.591,5.65
2023-11-10,1,A,150000,2,Apparel,36415.66,0,None,0.0,0,46.2,2.422,230.616,5.77
2023-11-17,1,A,150000,2,Apparel,36523.55,0,None,0.0,0,47.0,2.323,230.73,5.74
2023-11-24,1,A,150000,2,Apparel,71521.1,1,Thanksgiving / Black Friday,2184.99,1,47.7,2.42,230.915,5.58
2023-12-01,1,A,150000,2,Apparel,69184.16,1,Thanksgiving / Black Friday,973.34,1,45.9,2.299,230.539,5.67
2023-12-08,1,A,150000,2,Apparel,38618.58,0,None,0.0,0,40.7,2.216,231.133,5.73
2023-12-15,1,A,150000,2,Apparel,37830.72,0,None,1948.94,1,46.7,2.233,231.3,5.47
2023-12-22,1,A,150000,2,Apparel,64560.02,1,Christmas / New Year,1694.9,1,32.4,2.272,230.934,5.68
2023-12-29,1,A,150000,2,Apparel,66822.3,1,Christmas / New Year,3867.73,1,37.9,2.177,232.361,5.55
2024-01-05,1,A,150000,2,Apparel,35104.96,0,None,0.0,0,36.0,2.145,231.803,5.66
2024-01-12,1,A,150000,2,Apparel,35511.26,0,None,3411.76,1,37.8,2.223,231.108,5.51
2024-01-19,1,A,150000,2,Apparel,36752.92,0,None,0.0,0,37.5,2.22,232.169,5.4
2024-01-26,1,A,150000,2,Apparel,38834.15,0,None,0.0,0,40.5,2.161,231.491,5.4
2024-02-02,1,A,150000,2,Apparel,38705.87,0,None,0.0,0,37.1,2.169,232.509,5.56
2024-02-09,1,A,150000,2,Apparel,46543.11,1,Super Bowl,1546.82,1,39.7,2.235,232.832,5.57
2024-02-16,1,A,150000,2,Apparel,41748.68,0,None,0.0,0,41.0,2.114,231.98,5.44
2024-02-23,1,A,150000,2,Apparel,40176.89,0,None,0.0,0,40.3,2.135,233.009,5.58
2024-03-01,1,A,150000,2,Apparel,46040.57,0,None,4125.75,1,45.4,2.213,232.871,5.34
2024-03-08,1,A,150000,2,Apparel,43883.14,0,None,0.0,0,43.0,2.279,233.213,5.49
2024-03-15,1,A,150000,2,Apparel,46749.14,0,None,3155.16,1,48.7,2.351,233.888,5.36
2024-03-22,1,A,150000,2,Apparel,44023.44,0,None,0.0,0,54.3,2.477,232.954,5.4
2024-03-29,1,A,150000,2,Apparel,46415.22,0,None,0.0,0,52.3,2.465,232.837,5.46
2024-04-05,1,A,150000,2,Apparel,49576.6,0,None,2761.32,1,52.3,2.424,232.907,5.36
2024-04-12,1,A,150000,2,Apparel,44915.79,0,None,0.0,0,59.9,2.479,233.081,5.39
2024-04-19,1,A,150000,2,Apparel,49827.65,0,None,1401.27,1,61.4,2.447,233.588,5.52
2024-04-26,1,A,150000,2,Apparel,45703.43,0,None,0.0,0,63.5,2.575,233.934,5.35
2024-05-03,1,A,150000,2,Apparel,47581.06,0,None,0.0,0,68.0,2.605,234.039,5.48
2024-05-10,1,A,150000,2,Apparel,46976.51,0,None,0.0,0,70.8,2.708,234.452,5.27
2024-05-17,1,A,150000,2,Apparel,46458.0,0,None,0.0,0,72.8,2.672,234.182,5.43
2024-05-24,1,A,150000,2,Apparel,63322.72,1,Memorial Day,4282.79,1,74.4,2.837,235.04,5.5
2024-05-31,1,A,150000,2,Apparel,52870.53,0,None,0.0,0,80.1,2.977,234.318,5.1
2024-06-07,1,A,150000,2,Apparel,49496.62,0,None,0.0,0,74.0,2.906,235.948,5.26
2024-06-14,1,A,150000,2,Apparel,48161.83,0,None,0.0,0,76.6,3.008,235.038,5.38
2024-06-21,1,A,150000,2,Apparel,48059.93,0,None,0.0,0,80.3,3.093,234.434,5.29
2024-06-28,1,A,150000,2,Apparel,51474.72,0,None,1820.86,1,78.2,3.068,234.465,5.34
2021-01-01,1,A,150000,3,Grocery,82863.19,0,None,4011.32,1,44.7,3.139,210.248,7.52
2021-01-08,1,A,150000,3,Grocery,76394.73,0,None,0.0,0,31.9,3.144,210.068,7.49
2021-01-15,1,A,150000,3,Grocery,76983.67,0,None,0.0,0,35.1,3.281,210.599,7.49
2021-01-22,1,A,150000,3,Grocery,83055.28,0,None,3127.12,1,50.9,3.323,211.174,7.39
2021-01-29,1,A,150000,3,Grocery,75003.77,0,None,0.0,0,43.2,3.34,210.432,7.45
2021-02-05,1,A,150000,3,Grocery,85850.11,0,None,0.0,0,40.2,3.337,210.57,7.49
2021-02-12,1,A,150000,3,Grocery,102730.53,1,Super Bowl,3691.66,1,44.8,3.341,211.614,7.57
2021-02-19,1,A,150000,3,Grocery,85260.55,0,None,0.0,0,41.1,3.483,211.345,7.51
2021-02-26,1,A,150000,3,Grocery,87839.96,0,None,0.0,0,40.1,3.641,210.864,7.62
2021-03-05,1,A,150000,3,Grocery,86270.67,0,None,0.0,0,43.7,3.641,211.508,7.31
2021-03-12,1,A,150000,3,Grocery,94356.48,0,None,4075.96,1,45.9,3.574,211.142,7.47
2021-03-19,1,A,150000,3,Grocery,88422.33,0,None,0.0,0,51.5,3.734,211.278,7.39
2021-03-26,1,A,150000,3,Grocery,92280.99,0,None,0.0,0,53.0,3.794,211.769,7.57
2021-04-02,1,A,150000,3,Grocery,94616.1,0,None,0.0,0,60.4,3.733,210.829,7.26
2021-04-09,1,A,150000,3,Grocery,92122.28,0,None,0.0,0,57.2,3.853,211.061,7.25
2021-04-16,1,A,150000,3,Grocery,93136.07,0,None,0.0,0,61.7,3.879,211.779,7.26
2021-04-23,1,A,150000,3,Grocery,110432.63,0,None,2739.02,1,61.6,3.813,211.691,7.09
2021-04-30,1,A,150000,3,Grocery,100003.89,0,None,0.0,0,66.2,3.959,212.492,7.24
2021-05-07,1,A,150000,3,Grocery,110269.85,0,None,3932.71,1,66.4,3.997,212.019,7.21
2021-05-14,1,A,150000,3,Grocery,100389.8,0,None,0.0,0,75.5,4.057,211.904,7.29
2021-05-21,1,A,150000,3,Grocery,95183.79,0,None,0.0,0,64.7,4.068,213.48,7.29
2021-05-28,1,A,150000,3,Grocery,122911.78,1,Memorial Day,2476.85,1,72.2,3.883,212.772,7.43
2021-06-04,1,A,150000,3,Grocery,109089.01,0,None,3348.06,1,80.4,3.924,213.056,7.33
2021-06-11,1,A,150000,3,Grocery,108560.42,0,None,0.0,0,76.5,4.041,212.447,7.16
2021-06-18,1,A,150000,3,Grocery,98189.58,0,None,0.0,0,78.2,4.038,213.025,7.12
2021-06-25,1,A,150000,3,Grocery,104319.29,0,None,0.0,0,85.5,4.03,213.49,7.25
2021-07-02,1,A,150000,3,Grocery,103804.23,0,None,0.0,0,81.3,4.286,212.996,7.05
2021-07-09,1,A,150000,3,Grocery,100473.37,0,None,0.0,0,78.7,4.007,213.897,7.36
2021-07-16,1,A,150000,3,Grocery,112562.03,0,None,3922.95,1,82.8,4.032,213.546,7.28
2021-07-23,1,A,150000,3,Grocery,104706.84,0,None,0.0,0,79.9,3.994,213.838,7.1
2021-07-30,1,A,150000,3,Grocery,96035.15,0,None,0.0,0,85.4,3.942,213.82,6.97
2021-08-06,1,A,150000,3,Grocery,103597.39,0,None,1715.79,1,77.9,3.833,215.184,7.26
2021-08-13,1,A,150000,3,Grocery,98909.17,0,None,0.0,0,80.2,3.883,214.389,7.1
2021-08-20,1,A,150000,3,Grocery,96498.56,0,None,0.0,0,80.8,3.722,214.004,7.22
2021-08-27,1,A,150000,3,Grocery,90856.61,0,None,0.0,0,75.5,3.723,215.082,6.93
2021-09-03,1,A,150000,3,Grocery,95479.01,0,None,0.0,0,75.2,3.658,214.197,7.02
2021-09-10,1,A,150000,3,Grocery,114582.99,1,Labor Day,2686.59,1,72.0,3.655,215.049,7.07
2021-09-17,1,A,150000,3,Grocery,92957.44,0,None,2190.19,1,70.0,3.784,214.103,7.06
2021-09-24,1,A,150000,3,Grocery,88956.47,0,None,0.0,0,69.5,3.396,214.556,7.0
2021-10-01,1,A,150000,3,Grocery,88459.83,0,None,0.0,0,64.2,3.545,215.456,7.09
2021-10-08,1,A,150000,3,Grocery,85570.42,0,None,0.0,0,60.5,3.305,215.864,6.91
2021-10-15,1,A,150000,3,Grocery,86025.73,0,None,1467.58,1,67.4,3.337,215.718,6.99
2021-10-22,1,A,150000,3,Grocery,77778.21,0,None,0.0,0,56.1,3.403,215.711,7.0
2021-10-29,1,A,150000,3,Grocery,83346.8,0,None,0.0,0,57.9,3.26,215.756,7.03
2021-11-05,1,A,150000,3,Grocery,81806.78,0,None,0.0,0,59.0,3.107,215.305,7.04
2021-11-12,1,A,150000,3,Grocery,82379.78,0,None,2831.23,1,47.2,3.074,215.821,6.84
2021-11-19,1,A,150000,3,Grocery,76183.05,0,None,0.0,0,47.6,3.123,216.088,6.79
2021-11-26,1,A,150000,3,Grocery,136594.51,1,Thanksgiving / Black Friday,875.43,1,46.4,2.949,216.985,7.06
2021-12-03,1,A,150000,3,Grocery,144984.86,1,Thanksgiving / Black Friday,3817.15,1,46.1,2.963,216.765,6.95
2021-12-10,1,A,150000,3,Grocery,73289.78,0,None,0.0,0,45.9,2.888,215.849,6.83
2021-12-17,1,A,150000,3,Grocery,79228.84,0,None,0.0,0,37.8,2.773,217.03,7.05
2021-12-24,1,A,150000,3,Grocery,141862.58,1,Christmas / New Year,4070.09,1,44.9,2.938,216.813,6.9
2021-12-31,1,A,150000,3,Grocery,137733.83,1,Christmas / New Year,3025.23,1,34.2,2.76,216.804,6.99
2022-01-07,1,A,150000,3,Grocery,77144.24,0,None,0.0,0,41.1,2.492,217.586,6.87
2022-01-14,1,A,150000,3,Grocery,86117.31,0,None,0.0,0,38.1,2.617,217.933,7.05
2022-01-21,1,A,150000,3,Grocery,85472.41,0,None,0.0,0,37.5,2.498,218.021,7.01
2022-01-28,1,A,150000,3,Grocery,81197.62,0,None,0.0,0,41.1,2.571,217.273,6.8
2022-02-04,1,A,150000,3,Grocery,83037.47,0,None,0.0,0,40.2,2.395,217.675,6.91
2022-02-11,1,A,150000,3,Grocery,96187.17,1,Super Bowl,682.59,1,31.7,2.407,218.133,6.86
2022-02-18,1,A,150000,3,Grocery,86683.46,0,None,0.0,0,39.1,2.418,218.592,6.92
2022-02-25,1,A,150000,3,Grocery,92346.82,0,None,2943.12,1,35.3,2.411,218.002,6.68
2022-03-04,1,A,150000,3,Grocery,89771.94,0,None,0.0,0,42.7,2.214,218.286,6.83
2022-03-11,1,A,150000,3,Grocery,93826.26,0,None,0.0,0,44.5,2.256,217.963,6.86
2022-03-18,1,A,150000,3,Grocery,93663.86,0,None,0.0,0,60.7,2.22,218.056,6.56
2022-03-25,1,A,150000,3,Grocery,101457.15,0,None,2968.27,1,54.9,2.186,219.197,6.61
2022-04-01,1,A,150000,3,Grocery,97478.07,0,None,0.0,0,51.6,2.364,219.607,6.51
2022-04-08,1,A,150000,3,Grocery,96890.91,0,None,0.0,0,61.7,2.243,219.03,6.68
2022-04-15,1,A,150000,3,Grocery,103326.1,0,None,0.0,0,53.9,2.102,219.705,6.76
2022-04-22,1,A,150000,3,Grocery,96882.24,0,None,0.0,0,61.9,2.274,219.521,6.83
2022-04-29,1,A,150000,3,Grocery,103788.71,0,None,0.0,0,68.8,2.371,219.155,6.67
2022-05-06,1,A,150000,3,Grocery,103526.28,0,None,0.0,0,65.3,2.289,219.796,6.82
2022-05-13,1,A,150000,3,Grocery,102376.72,0,None,0.0,0,66.7,2.095,220.522,6.5
2022-05-20,1,A,150000,3,Grocery,105694.5,0,None,0.0,0,71.3,2.191,219.872,6.46
2022-05-27,1,A,150000,3,Grocery,127126.83,1,Memorial Day,820.72,1,74.9,2.349,220.81,6.61
2022-06-03,1,A,150000,3,Grocery,103364.68,0,None,0.0,0,75.8,2.213,218.855,6.64
2022-06-10,1,A,150000,3,Grocery,107991.42,0,None,0.0,0,83.7,2.331,220.713,6.59
2022-06-17,1,A,150000,3,Grocery,105155.62,0,None,0.0,0,82.5,2.388,220.483,6.37
2022-06-24,1,A,150000,3,Grocery,107230.42,0,None,0.0,0,82.0,2.285,220.427,6.56
2022-07-01,1,A,150000,3,Grocery,102101.43,0,None,546.83,1,78.4,2.392,220.76,6.43
2022-07-08,1,A,150000,3,Grocery,104125.28,0,None,0.0,0,79.3,2.177,219.858,6.61
2022-07-15,1,A,150000,3,Grocery,116429.49,0,None,2734.57,1,82.4,2.398,220.879,6.57
2022-07-22,1,A,150000,3,Grocery,105786.02,0,None,0.0,0,78.4,2.507,221.305,6.43
2022-07-29,1,A,150000,3,Grocery,99152.22,0,None,0.0,0,84.7,2.476,222.003,6.46
2022-08-05,1,A,150000,3,Grocery,100960.57,0,None,0.0,0,84.2,2.758,221.142,6.39
2022-08-12,1,A,150000,3,Grocery,101372.57,0,None,0.0,0,85.2,2.567,221.134,6.48
2022-08-19,1,A,150000,3,Grocery,93203.56,0,None,0.0,0,79.1,2.703,221.425,6.57
2022-08-26,1,A,150000,3,Grocery,101476.17,0,None,0.0,0,73.7,2.806,222.271,6.36
2022-09-02,1,A,150000,3,Grocery,92778.82,0,None,0.0,0,67.9,2.97,222.115,6.5
2022-09-09,1,A,150000,3,Grocery,110109.26,1,Labor Day,1167.44,1,78.4,2.8,221.823,6.38
2022-09-16,1,A,150000,3,Grocery,89678.73,0,None,0.0,0,69.4,3.069,222.482,6.34
2022-09-23,1,A,150000,3,Grocery,93056.16,0,None,3083.29,1,66.1,3.039,222.411,6.4
2022-09-30,1,A,150000,3,Grocery,97145.97,0,None,2138.52,1,70.1,3.021,222.984,6.3
2022-10-07,1,A,150000,3,Grocery,84388.11,0,None,0.0,0,57.9,3.199,222.286,6.33
2022-10-14,1,A,150000,3,Grocery,91689.28,0,None,0.0,0,57.6,3.24,222.611,6.26
2022-10-21,1,A,150000,3,Grocery,90039.59,0,None,2442.36,1,55.5,3.237,222.716,6.56
2022-10-28,1,A,150000,3,Grocery,82845.65,0,None,0.0,0,52.8,3.351,222.318,6.36
2022-11-04,1,A,150000,3,Grocery,86275.6,0,None,2051.95,1,51.8,3.374,223.335,6.27
2022-11-11,1,A,150000,3,Grocery,81946.66,0,None,0.0,0,56.2,3.471,223.455,6.35
2022-11-18,1,A,150000,3,Grocery,84607.37,0,None,0.0,0,48.4,3.571,223.464,6.3
2022-11-25,1,A,150000,3,Grocery,144632.23,1,Thanksgiving / Black Friday,4436.05,1,46.9,3.699,223.482,6.28
2022-12-02,1,A,150000,3,Grocery,137920.13,1,Thanksgiving / Black Friday,1861.55,1,37.6,3.525,223.029,6.35
2022-12-09,1,A,150000,3,Grocery,84860.99,0,None,0.0,0,42.5,3.844,223.663,6.35
2022-12-16,1,A,150000,3,Grocery,76290.47,0,None,0.0,0,41.5,3.564,223.84,6.21
2022-12-23,1,A,150000,3,Grocery,125304.31,1,Christmas / New Year,1537.34,1,37.3,3.751,223.747,6.2
2022-12-30,1,A,150000,3,Grocery,131010.68,1,Christmas / New Year,4365.67,1,35.2,3.851,224.205,6.22
2023-01-06,1,A,150000,3,Grocery,82208.47,0,None,0.0,0,41.2,3.863,224.625,6.0
2023-01-13,1,A,150000,3,Grocery,76845.51,0,None,0.0,0,33.6,3.824,225.504,6.07
2023-01-20,1,A,150000,3,Grocery,85533.12,0,None,0.0,0,37.0,3.887,224.785,6.34
2023-01-27,1,A,150000,3,Grocery,82640.71,0,None,0.0,0,42.2,3.891,224.964,6.36
2023-02-03,1,A,150000,3,Grocery,87365.23,0,None,0.0,0,41.4,3.905,224.935,6.16
2023-02-10,1,A,150000,3,Grocery,106748.24,1,Super Bowl,2672.1,1,38.2,4.038,224.151,6.23
2023-02-17,1,A,150000,3,Grocery,89589.65,0,None,0.0,0,43.8,4.012,225.234,6.19
2023-02-24,1,A,150000,3,Grocery,94196.91,0,None,0.0,0,44.7,3.938,225.415,6.45
2023-03-03,1,A,150000,3,Grocery,93757.92,0,None,0.0,0,43.9,4.071,226.754,6.25
2023-03-10,1,A,150000,3,Grocery,99391.33,0,None,0.0,0,42.8,4.024,225.563,6.11
2023-03-17,1,A,150000,3,Grocery,93209.11,0,None,0.0,0,49.6,4.062,225.947,6.01
2023-03-24,1,A,150000,3,Grocery,108584.96,0,None,3547.19,1,48.8,4.04,225.917,5.94
2023-03-31,1,A,150000,3,Grocery,104673.33,0,None,0.0,0,45.1,3.911,225.487,6.11
2023-04-07,1,A,150000,3,Grocery,106844.13,0,None,0.0,0,58.2,3.917,226.78,6.0
2023-04-14,1,A,150000,3,Grocery,106334.68,0,None,0.0,0,58.7,4.001,226.722,5.92
2023-04-21,1,A,150000,3,Grocery,107565.38,0,None,937.06,1,63.0,3.966,226.879,5.98
2023-04-28,1,A,150000,3,Grocery,106769.78,0,None,0.0,0,69.8,3.888,226.166,5.93
2023-05-05,1,A,150000,3,Grocery,110662.03,0,None,0.0,0,71.8,3.867,227.46,6.19
2023-05-12,1,A,150000,3,Grocery,119666.6,0,None,2407.37,1,71.0,3.925,226.195,6.1
2023-05-19,1,A,150000,3,Grocery,108717.92,0,None,0.0,0,76.3,3.737,227.326,6.0
2023-05-26,1,A,150000,3,Grocery,130456.46,1,Memorial Day,1934.86,1,71.6,3.786,228.266,6.14
2023-06-02,1,A,150000,3,Grocery,126117.67,0,None,4329.79,1,79.9,3.681,226.812,5.98
2023-06-09,1,A,150000,3,Grocery,113173.95,0,None,0.0,0,80.2,3.631,227.162,5.88
2023-06-16,1,A,150000,3,Grocery,123123.63,0,None,3513.71,1,82.3,3.686,227.632,6.11
2023-06-23,1,A,150000,3,Grocery,112321.55,0,None,0.0,0,85.3,3.612,227.468,5.99
2023-06-30,1,A,150000,3,Grocery,116342.53,0,None,2450.51,1,85.6,3.556,227.082,5.82
2023-07-07,1,A,150000,3,Grocery,109310.52,0,None,0.0,0,78.9,3.538,228.029,5.9
2023-07-14,1,A,150000,3,Grocery,118771.08,0,None,3732.94,1,79.8,3.377,227.601,5.82
2023-07-21,1,A,150000,3,Grocery,108143.64,0,None,0.0,0,84.3,3.37,228.506,5.75
2023-07-28,1,A,150000,3,Grocery,106355.37,0,None,0.0,0,78.1,3.23,227.947,5.97
2023-08-04,1,A,150000,3,Grocery,107320.07,0,None,2111.49,1,80.9,3.219,229.319,6.06
2023-08-11,1,A,150000,3,Grocery,106984.86,0,None,0.0,0,76.4,3.121,228.29,5.72
2023-08-18,1,A,150000,3,Grocery,97618.04,0,None,0.0,0,77.3,3.077,228.658,5.9
2023-08-25,1,A,150000,3,Grocery,101258.84,0,None,0.0,0,75.9,3.055,229.363,5.77
2023-09-01,1,A,150000,3,Grocery,96677.4,0,None,0.0,0,75.7,2.88,228.478,5.77
2023-09-08,1,A,150000,3,Grocery,113997.88,1,Labor Day,4054.64,1,73.8,3.052,229.344,5.75
2023-09-15,1,A,150000,3,Grocery,94005.21,0,None,0.0,0,71.0,2.744,230.022,5.71
2023-09-22,1,A,150000,3,Grocery,96758.31,0,None,0.0,0,68.6,2.669,228.702,5.79
2023-09-29,1,A,150000,3,Grocery,93396.28,0,None,0.0,0,61.4,2.802,229.735,5.69
2023-10-06,1,A,150000,3,Grocery,92285.0,0,None,0.0,0,68.1,2.718,229.91,5.79
2023-10-13,1,A,150000,3,Grocery,84422.45,0,None,0.0,0,58.0,2.652,230.308,5.74
2023-10-20,1,A,150000,3,Grocery,92674.04,0,None,3018.23,1,57.2,2.601,229.436,5.71
2023-10-27,1,A,150000,3,Grocery,86236.37,0,None,0.0,0,54.8,2.502,229.532,5.63
2023-11-03,1,A,150000,3,Grocery,83748.01,0,None,0.0,0,52.8,2.386,230.591,5.65
2023-11-10,1,A,150000,3,Grocery,91190.67,0,None,1940.94,1,54.3,2.422,230.616,5.77
2023-11-17,1,A,150000,3,Grocery,85289.95,0,None,0.0,0,45.5,2.323,230.73,5.74
2023-11-24,1,A,150000,3,Grocery,149350.34,1,Thanksgiving / Black Friday,2235.27,1,46.2,2.42,230.915,5.58
2023-12-01,1,A,150000,3,Grocery,158355.44,1,Thanksgiving / Black Friday,4356.31,1,46.6,2.299,230.539,5.67
2023-12-08,1,A,150000,3,Grocery,87999.9,0,None,0.0,0,39.6,2.216,231.133,5.73
2023-12-15,1,A,150000,3,Grocery,86552.67,0,None,0.0,0,35.2,2.233,231.3,5.47
2023-12-22,1,A,150000,3,Grocery,139172.89,1,Christmas / New Year,4364.19,1,44.4,2.272,230.934,5.68
2023-12-29,1,A,150000,3,Grocery,137120.49,1,Christmas / New Year,921.46,1,42.9,2.177,232.361,5.55
2024-01-05,1,A,150000,3,Grocery,89604.79,0,None,1940.2,1,43.0,2.145,231.803,5.66
2024-01-12,1,A,150000,3,Grocery,82708.67,0,None,0.0,0,40.4,2.223,231.108,5.51
2024-01-19,1,A,150000,3,Grocery,86444.69,0,None,0.0,0,37.3,2.22,232.169,5.4
2024-01-26,1,A,150000,3,Grocery,92728.13,0,None,0.0,0,38.0,2.161,231.491,5.4
2024-02-02,1,A,150000,3,Grocery,92482.4,0,None,0.0,0,38.1,2.169,232.509,5.56
2024-02-09,1,A,150000,3,Grocery,108157.92,1,Super Bowl,2389.13,1,36.0,2.235,232.832,5.57
2024-02-16,1,A,150000,3,Grocery,89306.59,0,None,0.0,0,43.4,2.114,231.98,5.44
2024-02-23,1,A,150000,3,Grocery,99844.45,0,None,3106.56,1,46.8,2.135,233.009,5.58
2024-03-01,1,A,150000,3,Grocery,102432.1,0,None,0.0,0,49.9,2.213,232.871,5.34
2024-03-08,1,A,150000,3,Grocery,105825.9,0,None,4060.86,1,44.5,2.279,233.213,5.49
2024-03-15,1,A,150000,3,Grocery,97787.32,0,None,946.05,1,44.1,2.351,233.888,5.36
2024-03-22,1,A,150000,3,Grocery,102418.73,0,None,0.0,0,52.7,2.477,232.954,5.4
2024-03-29,1,A,150000,3,Grocery,107583.86,0,None,0.0,0,50.8,2.465,232.837,5.46
2024-04-05,1,A,150000,3,Grocery,106620.39,0,None,0.0,0,47.7,2.424,232.907,5.36
2024-04-12,1,A,150000,3,Grocery,115299.4,0,None,0.0,0,58.9,2.479,233.081,5.39
2024-04-19,1,A,150000,3,Grocery,112317.04,0,None,0.0,0,63.5,2.447,233.588,5.52
2024-04-26,1,A,150000,3,Grocery,110312.52,0,None,0.0,0,68.1,2.575,233.934,5.35
2024-05-03,1,A,150000,3,Grocery,112716.83,0,None,0.0,0,68.6,2.605,234.039,5.48
2024-05-10,1,A,150000,3,Grocery,116951.19,0,None,0.0,0,76.4,2.708,234.452,5.27
2024-05-17,1,A,150000,3,Grocery,114819.31,0,None,0.0,0,67.1,2.672,234.182,5.43
2024-05-24,1,A,150000,3,Grocery,132763.42,1,Memorial Day,3621.5,1,75.6,2.837,235.04,5.5
2024-05-31,1,A,150000,3,Grocery,114827.77,0,None,0.0,0,72.7,2.977,234.318,5.1
2024-06-07,1,A,150000,3,Grocery,112829.56,0,None,0.0,0,71.5,2.906,235.948,5.26
2024-06-14,1,A,150000,3,Grocery,115441.44,0,None,0.0,0,79.3,3.008,235.038,5.38
2024-06-21,1,A,150000,3,Grocery,114356.38,0,None,0.0,0,81.5,3.093,234.434,5.29
2024-06-28,1,A,150000,3,Grocery,113273.58,0,None,0.0,0,78.8,3.068,234.465,5.34
2021-01-01,1,A,150000,4,Home & Garden,25636.06,0,None,0.0,0,36.9,3.139,210.248,7.52
2021-01-08,1,A,150000,4,Home & Garden,25856.51,0,None,3744.5,1,43.8,3.144,210.068,7.49
2021-01-15,1,A,150000,4,Home & Garden,24338.31,0,None,0.0,0,44.3,3.281,210.599,7.49
2021-01-22,1,A,150000,4,Home & Garden,24965.89,0,None,0.0,0,33.1,3.323,211.174,7.39
2021-01-29,1,A,150000,4,Home & Garden,24921.8,0,None,0.0,0,31.3,3.34,210.432,7.45
2021-02-05,1,A,150000,4,Home & Garden,24669.47,0,None,531.37,1,40.0,3.337,210.57,7.49
2021-02-12,1,A,150000,4,Home & Garden,29088.79,1,Super Bowl,1037.1,1,48.9,3.341,211.614,7.57
2021-02-19,1,A,150000,4,Home & Garden,27591.55,0,None,0.0,0,44.2,3.483,211.345,7.51
2021-02-26,1,A,150000,4,Home & Garden,26092.21,0,None,1598.82,1,43.6,3.641,210.864,7.62
2021-03-05,1,A,150000,4,Home & Garden,24745.1,0,None,0.0,0,50.9,3.641,211.508,7.31
2021-03-12,1,A,150000,4,Home & Garden,27273.14,0,None,2282.17,1,47.2,3.574,211.142,7.47
2021-03-19,1,A,150000,4,Home & Garden,23626.24,0,None,0.0,0,51.3,3.734,211.278,7.39
2021-03-26,1,A,150000,4,Home & Garden,24630.67,0,None,0.0,0,54.0,3.794,211.769,7.57
2021-04-02,1,A,150000,4,Home & Garden,45375.66,0,None,0.0,0,55.4,3.733,210.829,7.26
2021-04-09,1,A,150000,4,Home & Garden,44408.43,0,None,0.0,0,57.4,3.853,211.061,7.25
2021-04-16,1,A,150000,4,Home & Garden,46021.58,0,None,0.0,0,55.0,3.879,211.779,7.26
2021-04-23,1,A,150000,4,Home & Garden,45098.79,0,None,0.0,0,57.5,3.813,211.691,7.09
2021-04-30,1,A,150000,4,Home & Garden,44061.29,0,None,0.0,0,60.5,3.959,212.492,7.24
2021-05-07,1,A,150000,4,Home & Garden,44151.56,0,None,1928.12,1,67.8,3.997,212.019,7.21
2021-05-14,1,A,150000,4,Home & Garden,45669.01,0,None,0.0,0,72.6,4.057,211.904,7.29
2021-05-21,1,A,150000,4,Home & Garden,47051.64,0,None,2214.81,1,75.4,4.068,213.48,7.29
2021-05-28,1,A,150000,4,Home & Garden,54449.44,1,Memorial Day,3149.74,1,72.6,3.883,212.772,7.43
2021-06-04,1,A,150000,4,Home & Garden,42194.05,0,None,0.0,0,73.9,3.924,213.056,7.33
2021-06-11,1,A,150000,4,Home & Garden,41194.32,0,None,0.0,0,71.7,4.041,212.447,7.16
2021-06-18,1,A,150000,4,Home & Garden,45717.44,0,None,0.0,0,83.5,4.038,213.025,7.12
2021-06-25,1,A,150000,4,Home & Garden,42552.72,0,None,0.0,0,74.3,4.03,213.49,7.25
2021-07-02,1,A,150000,4,Home & Garden,28224.49,0,None,4172.96,1,84.3,4.286,212.996,7.05
2021-07-09,1,A,150000,4,Home & Garden,25965.49,0,None,0.0,0,78.0,4.007,213.897,7.36
2021-07-16,1,A,150000,4,Home & Garden,25862.71,0,None,0.0,0,81.2,4.032,213.546,7.28
2021-07-23,1,A,150000,4,Home & Garden,26384.73,0,None,0.0,0,84.2,3.994,213.838,7.1
2021-07-30,1,A,150000,4,Home & Garden,24761.97,0,None,0.0,0,91.9,3.942,213.82,6.97
2021-08-06,1,A,150000,4,Home & Garden,27402.81,0,None,0.0,0,75.2,3.833,215.184,7.26
2021-08-13,1,A,150000,4,Home & Garden,24171.64,0,None,0.0,0,77.9,3.883,214.389,7.1
2021-08-20,1,A,150000,4,Home & Garden,25213.55,0,None,0.0,0,78.1,3.722,214.004,7.22
2021-08-27,1,A,150000,4,Home & Garden,22896.0,0,None,0.0,0,72.4,3.723,215.082,6.93
2021-09-03,1,A,150000,4,Home & Garden,25333.54,0,None,0.0,0,75.4,3.658,214.197,7.02
2021-09-10,1,A,150000,4,Home & Garden,33878.85,1,Labor Day,3274.47,1,76.3,3.655,215.049,7.07
2021-09-17,1,A,150000,4,Home & Garden,26120.61,0,None,4003.53,1,75.0,3.784,214.103,7.06
2021-09-24,1,A,150000,4,Home & Garden,26724.32,0,None,0.0,0,69.1,3.396,214.556,7.0
2021-10-01,1,A,150000,4,Home & Garden,27695.1,0,None,4392.31,1,55.0,3.545,215.456,7.09
2021-10-08,1,A,150000,4,Home & Garden,26751.85,0,None,0.0,0,58.6,3.305,215.864,6.91
2021-10-15,1,A,150000,4,Home & Garden,25706.85,0,None,0.0,0,55.4,3.337,215.718,6.99
2021-10-22,1,A,150000,4,Home & Garden,27380.96,0,None,0.0,0,61.9,3.403,215.711,7.0
2021-10-29,1,A,150000,4,Home & Garden,25506.32,0,None,0.0,0,50.8,3.26,215.756,7.03
2021-11-05,1,A,150000,4,Home & Garden,25367.98,0,None,0.0,0,47.7,3.107,215.305,7.04
2021-11-12,1,A,150000,4,Home & Garden,25385.8,0,None,0.0,0,55.5,3.074,215.821,6.84
2021-11-19,1,A,150000,4,Home & Garden,25138.31,0,None,0.0,0,48.4,3.123,216.088,6.79
2021-11-26,1,A,150000,4,Home & Garden,50796.3,1,Thanksgiving / Black Friday,3622.53,1,47.5,2.949,216.985,7.06
2021-12-03,1,A,150000,4,Home & Garden,47772.05,1,Thanksgiving / Black Friday,669.69,1,44.0,2.963,216.765,6.95
2021-12-10,1,A,150000,4,Home & Garden,27266.37,0,None,0.0,0,35.9,2.888,215.849,6.83
2021-12-17,1,A,150000,4,Home & Garden,24912.17,0,None,2555.42,1,43.7,2.773,217.03,7.05
2021-12-24,1,A,150000,4,Home & Garden,47121.91,1,Christmas / New Year,4231.7,1,40.1,2.938,216.813,6.9
2021-12-31,1,A,150000,4,Home & Garden,46841.34,1,Christmas / New Year,3357.31,1,42.2,2.76,216.804,6.99
2022-01-07,1,A,150000,4,Home & Garden,26995.86,0,None,0.0,0,37.9,2.492,217.586,6.87
2022-01-14,1,A,150000,4,Home & Garden,25627.81,0,None,0.0,0,39.7,2.617,217.933,7.05
2022-01-21,1,A,150000,4,Home & Garden,26774.09,0,None,0.0,0,40.3,2.498,218.021,7.01
2022-01-28,1,A,150000,4,Home & Garden,27018.35,0,None,0.0,0,41.8,2.571,217.273,6.8
2022-02-04,1,A,150000,4,Home & Garden,25041.37,0,None,0.0,0,39.8,2.395,217.675,6.91
2022-02-11,1,A,150000,4,Home & Garden,30987.75,1,Super Bowl,3644.82,1,39.0,2.407,218.133,6.86
2022-02-18,1,A,150000,4,Home & Garden,28637.75,0,None,3855.99,1,47.7,2.418,218.592,6.92
2022-02-25,1,A,150000,4,Home & Garden,27395.9,0,None,0.0,0,45.4,2.411,218.002,6.68
2022-03-04,1,A,150000,4,Home & Garden,28494.27,0,None,0.0,0,47.7,2.214,218.286,6.83
2022-03-11,1,A,150000,4,Home & Garden,26973.42,0,None,0.0,0,47.7,2.256,217.963,6.86
2022-03-18,1,A,150000,4,Home & Garden,25262.89,0,None,0.0,0,47.7,2.22,218.056,6.56
2022-03-25,1,A,150000,4,Home & Garden,25883.54,0,None,0.0,0,51.1,2.186,219.197,6.61
2022-04-01,1,A,150000,4,Home & Garden,47072.24,0,None,0.0,0,51.3,2.364,219.607,6.51
2022-04-08,1,A,150000,4,Home & Garden,47732.66,0,None,0.0,0,60.6,2.243,219.03,6.68
2022-04-15,1,A,150000,4,Home & Garden,46515.16,0,None,0.0,0,54.5,2.102,219.705,6.76
2022-04-22,1,A,150000,4,Home & Garden,44304.9,0,None,0.0,0,60.1,2.274,219.521,6.83
2022-04-29,1,A,150000,4,Home & Garden,48929.03,0,None,0.0,0,59.9,2.371,219.155,6.67
2022-05-06,1,A,150000,4,Home & Garden,45378.96,0,None,0.0,0,64.3,2.289,219.796,6.82
2022-05-13,1,A,150000,4,Home & Garden,45624.02,0,None,0.0,0,63.4,2.095,220.522,6.5
2022-05-20,1,A,150000,4,Home & Garden,46870.16,0,None,0.0,0,71.8,2.191,219.872,6.46
2022-05-27,1,A,150000,4,Home & Garden,54543.05,1,Memorial Day,3185.92,1,76.6,2.349,220.81,6.61
2022-06-03,1,A,150000,4,Home & Garden,45762.35,0,None,0.0,0,78.6,2.213,218.855,6.64
2022-06-10,1,A,150000,4,Home & Garden,45603.54,0,None,0.0,0,79.1,2.331,220.713,6.59
2022-06-17,1,A,150000,4,Home & Garden,46745.51,0,None,0.0,0,72.8,2.388,220.483,6.37
2022-06-24,1,A,150000,4,Home & Garden,50967.02,0,None,4382.71,1,77.5,2.285,220.427,6.56
2022-07-01,1,A,150000,4,Home & Garden,25956.55,0,None,0.0,0,77.7,2.392,220.76,6.43
2022-07-08,1,A,150000,4,Home & Garden,24971.2,0,None,0.0,0,88.6,2.177,219.858,6.61
2022-07-15,1,A,150000,4,Home & Garden,27122.25,0,None,2432.16,1,79.4,2.398,220.879,6.57
2022-07-22,1,A,150000,4,Home & Garden,26873.31,0,None,0.0,0,77.8,2.507,221.305,6.43
2022-07-29,1,A,150000,4,Home & Garden,27190.94,0,None,802.33,1,82.9,2.476,222.003,6.46
2022-08-05,1,A,150000,4,Home & Garden,30507.78,0,None,2896.18,1,81.3,2.758,221.142,6.39
2022-08-12,1,A,150000,4,Home & Garden,27786.12,0,None,0.0,0,84.5,2.567,221.134,6.48
2022-08-19,1,A,150000,4,Home & Garden,24987.17,0,None,0.0,0,73.5,2.703,221.425,6.57
2022-08-26,1,A,150000,4,Home & Garden,28070.11,0,None,0.0,0,80.2,2.806,222.271,6.36
2022-09-02,1,A,150000,4,Home & Garden,26632.22,0,None,0.0,0,75.7,2.97,222.115,6.5
2022-09-09,1,A,150000,4,Home & Garden,35420.81,1,Labor Day,2850.34,1,73.6,2.8,221.823,6.38
2022-09-16,1,A,150000,4,Home & Garden,26977.1,0,None,0.0,0,74.9,3.069,222.482,6.34
2022-09-23,1,A,150000,4,Home & Garden,27622.83,0,None,0.0,0,66.8,3.039,222.411,6.4
2022-09-30,1,A,150000,4,Home & Garden,26506.78,0,None,0.0,0,65.0,3.021,222.984,6.3
2022-10-07,1,A,150000,4,Home & Garden,26955.42,0,None,0.0,0,64.3,3.199,222.286,6.33
2022-10-14,1,A,150000,4,Home & Garden,29034.98,0,None,3493.54,1,59.3,3.24,222.611,6.26
2022-10-21,1,A,150000,4,Home & Garden,29016.61,0,None,0.0,0,60.7,3.237,222.716,6.56
2022-10-28,1,A,150000,4,Home & Garden,30835.09,0,None,2857.82,1,52.8,3.351,222.318,6.36
2022-11-04,1,A,150000,4,Home & Garden,26462.04,0,None,0.0,0,57.4,3.374,223.335,6.27
2022-11-11,1,A,150000,4,Home & Garden,28592.79,0,None,4009.88,1,50.8,3.471,223.455,6.35
2022-11-18,1,A,150000,4,Home & Garden,29132.73,0,None,0.0,0,44.7,3.571,223.464,6.3
2022-11-25,1,A,150000,4,Home & Garden,49405.58,1,Thanksgiving / Black Friday,2926.93,1,44.2,3.699,223.482,6.28
2022-12-02,1,A,150000,4,Home & Garden,53201.94,1,Thanksgiving / Black Friday,4305.96,1,44.5,3.525,223.029,6.35
2022-12-09,1,A,150000,4,Home & Garden,27248.61,0,None,0.0,0,43.7,3.844,223.663,6.35
2022-12-16,1,A,150000,4,Home & Garden,30170.09,0,None,2967.13,1,43.5,3.564,223.84,6.21
2022-12-23,1,A,150000,4,Home & Garden,45764.38,1,Christmas / New Year,2585.8,1,43.0,3.751,223.747,6.2
2022-12-30,1,A,150000,4,Home & Garden,50052.36,1,Christmas / New Year,4183.07,1,36.2,3.851,224.205,6.22
2023-01-06,1,A,150000,4,Home & Garden,28206.47,0,None,0.0,0,47.6,3.863,224.625,6.0
2023-01-13,1,A,150000,4,Home & Garden,26977.91,0,None,0.0,0,36.9,3.824,225.504,6.07
2023-01-20,1,A,150000,4,Home & Garden,28271.06,0,None,0.0,0,44.0,3.887,224.785,6.34
2023-01-27,1,A,150000,4,Home & Garden,29686.38,0,None,0.0,0,34.6,3.891,224.964,6.36
2023-02-03,1,A,150000,4,Home & Garden,26737.21,0,None,0.0,0,36.4,3.905,224.935,6.16
2023-02-10,1,A,150000,4,Home & Garden,31066.6,1,Super Bowl,587.65,1,33.4,4.038,224.151,6.23
2023-02-17,1,A,150000,4,Home & Garden,28296.89,0,None,2464.38,1,34.2,4.012,225.234,6.19
2023-02-24,1,A,150000,4,Home & Garden,26528.97,0,None,0.0,0,49.3,3.938,225.415,6.45
2023-03-03,1,A,150000,4,Home & Garden,28556.22,0,None,781.97,1,43.4,4.071,226.754,6.25
2023-03-10,1,A,150000,4,Home & Garden,28098.02,0,None,0.0,0,43.3,4.024,225.563,6.11
2023-03-17,1,A,150000,4,Home & Garden,27129.3,0,None,1656.75,1,53.6,4.062,225.947,6.01
2023-03-24,1,A,150000,4,Home & Garden,24858.25,0,None,0.0,0,48.9,4.04,225.917,5.94
2023-03-31,1,A,150000,4,Home & Garden,28050.38,0,None,0.0,0,56.9,3.911,225.487,6.11
2023-04-07,1,A,150000,4,Home & Garden,45678.36,0,None,0.0,0,59.5,3.917,226.78,6.0
2023-04-14,1,A,150000,4,Home & Garden,47650.13,0,None,0.0,0,54.5,4.001,226.722,5.92
2023-04-21,1,A,150000,4,Home & Garden,45202.02,0,None,0.0,0,59.2,3.966,226.879,5.98
2023-04-28,1,A,150000,4,Home & Garden,50159.84,0,None,0.0,0,65.3,3.888,226.166,5.93
2023-05-05,1,A,150000,4,Home & Garden,47412.11,0,None,0.0,0,69.7,3.867,227.46,6.19
2023-05-12,1,A,150000,4,Home & Garden,49278.53,0,None,0.0,0,76.6,3.925,226.195,6.1
2023-05-19,1,A,150000,4,Home & Garden,51043.87,0,None,3275.8,1,68.8,3.737,227.326,6.0
2023-05-26,1,A,150000,4,Home & Garden,57379.23,1,Memorial Day,1161.14,1,73.4,3.786,228.266,6.14
2023-06-02,1,A,150000,4,Home & Garden,48706.13,0,None,834.22,1,83.4,3.681,226.812,5.98
2023-06-09,1,A,150000,4,Home & Garden,47945.99,0,None,0.0,0,79.8,3.631,227.162,5.88
2023-06-16,1,A,150000,4,Home & Garden,45420.55,0,None,0.0,0,78.2,3.686,227.632,6.11
2023-06-23,1,A,150000,4,Home & Garden,49163.17,0,None,2064.13,1,83.0,3.612,227.468,5.99
2023-06-30,1,A,150000,4,Home & Garden,50690.08,0,None,0.0,0,78.6,3.556,227.082,5.82
2023-07-07,1,A,150000,4,Home & Garden,29376.97,0,None,0.0,0,90.2,3.538,228.029,5.9
2023-07-14,1,A,150000,4,Home & Garden,26698.25,0,None,0.0,0,72.7,3.377,227.601,5.82
2023-07-21,1,A,150000,4,Home & Garden,29019.0,0,None,0.0,0,84.0,3.37,228.506,5.75
2023-07-28,1,A,150000,4,Home & Garden,26557.45,0,None,0.0,0,80.4,3.23,227.947,5.97
2023-08-04,1,A,150000,4,Home & Garden,27406.01,0,None,0.0,0,80.9,3.219,229.319,6.06
2023-08-11,1,A,150000,4,Home & Garden,29335.8,0,None,3268.29,1,76.3,3.121,228.29,5.72
2023-08-18,1,A,150000,4,Home & Garden,27902.56,0,None,0.0,0,73.0,3.077,228.658,5.9
2023-08-25,1,A,150000,4,Home & Garden,27819.03,0,None,0.0,0,70.7,3.055,229.363,5.77
2023-09-01,1,A,150000,4,Home & Garden,29691.53,0,None,0.0,0,71.5,2.88,228.478,5.77
2023-09-08,1,A,150000,4,Home & Garden,35968.55,1,Labor Day,1513.09,1,76.5,3.052,229.344,5.75
2023-09-15,1,A,150000,4,Home & Garden,27867.94,0,None,0.0,0,70.8,2.744,230.022,5.71
2023-09-22,1,A,150000,4,Home & Garden,27658.77,0,None,0.0,0,72.7,2.669,228.702,5.79
2023-09-29,1,A,150000,4,Home & Garden,30409.37,0,None,3919.9,1,71.0,2.802,229.735,5.69
2023-10-06,1,A,150000,4,Home & Garden,28975.34,0,None,2051.3,1,66.7,2.718,229.91,5.79
2023-10-13,1,A,150000,4,Home & Garden,27263.03,0,None,0.0,0,63.8,2.652,230.308,5.74
2023-10-20,1,A,150000,4,Home & Garden,27666.59,0,None,0.0,0,58.2,2.601,229.436,5.71
2023-10-27,1,A,150000,4,Home & Garden,25733.54,0,None,0.0,0,60.1,2.502,229.532,5.63
2023-11-03,1,A,150000,4,Home & Garden,26519.82,0,None,0.0,0,54.7,2.386,230.591,5.65
2023-11-10,1,A,150000,4,Home & Garden,31662.62,0,None,1978.3,1,43.9,2.422,230.616,5.77
2023-11-17,1,A,150000,4,Home & Garden,28913.45,0,None,0.0,0,46.4,2.323,230.73,5.74
2023-11-24,1,A,150000,4,Home & Garden,52634.78,1,Thanksgiving / Black Friday,2435.96,1,40.9,2.42,230.915,5.58
2023-12-01,1,A,150000,4,Home & Garden,51145.28,1,Thanksgiving / Black Friday,765.85,1,49.6,2.299,230.539,5.67
2023-12-08,1,A,150000,4,Home & Garden,29096.72,0,None,0.0,0,47.7,2.216,231.133,5.73
2023-12-15,1,A,150000,4,Home & Garden,28693.4,0,None,0.0,0,43.0,2.233,231.3,5.47
2023-12-22,1,A,150000,4,Home & Garden,46736.77,1,Christmas / New Year,2981.9,1,36.0,2.272,230.934,5.68
2023-12-29,1,A,150000,4,Home & Garden,47113.91,1,Christmas / New Year,1279.9,1,40.8,2.177,232.361,5.55
2024-01-05,1,A,150000,4,Home & Garden,28916.2,0,None,0.0,0,40.0,2.145,231.803,5.66
2024-01-12,1,A,150000,4,Home & Garden,28499.84,0,None,0.0,0,43.8,2.223,231.108,5.51
2024-01-19,1,A,150000,4,Home & Garden,28167.17,0,None,0.0,0,41.9,2.22,232.169,5.4
2024-01-26,1,A,150000,4,Home & Garden,27246.01,0,None,0.0,0,33.8,2.161,231.491,5.4
2024-02-02,1,A,150000,4,Home & Garden,27376.26,0,None,0.0,0,36.8,2.169,232.509,5.56
2024-02-09,1,A,150000,4,Home & Garden,33393.01,1,Super Bowl,2199.4,1,37.8,2.235,232.832,5.57
2024-02-16,1,A,150000,4,Home & Garden,27740.22,0,None,807.89,1,45.5,2.114,231.98,5.44
2024-02-23,1,A,150000,4,Home & Garden,29763.04,0,None,0.0,0,49.6,2.135,233.009,5.58
2024-03-01,1,A,150000,4,Home & Garden,27034.05,0,None,0.0,0,47.8,2.213,232.871,5.34
2024-03-08,1,A,150000,4,Home & Garden,26639.79,0,None,0.0,0,51.1,2.279,233.213,5.49
2024-03-15,1,A,150000,4,Home & Garden,29184.51,0,None,0.0,0,54.2,2.351,233.888,5.36
2024-03-22,1,A,150000,4,Home & Garden,31503.09,0,None,2881.21,1,48.4,2.477,232.954,5.4
2024-03-29,1,A,150000,4,Home & Garden,29368.88,0,None,0.0,0,49.8,2.465,232.837,5.46
2024-04-05,1,A,150000,4,Home & Garden,48735.41,0,None,853.54,1,60.4,2.424,232.907,5.36
2024-04-12,1,A,150000,4,Home & Garden,50668.55,0,None,0.0,0,65.7,2.479,233.081,5.39
2024-04-19,1,A,150000,4,Home & Garden,55227.68,0,None,3167.39,1,56.4,2.447,233.588,5.52
2024-04-26,1,A,150000,4,Home & Garden,51443.4,0,None,0.0,0,64.1,2.575,233.934,5.35
2024-05-03,1,A,150000,4,Home & Garden,50739.78,0,None,0.0,0,66.6,2.605,234.039,5.48
2024-05-10,1,A,150000,4,Home & Garden,48479.36,0,None,0.0,0,71.5,2.708,234.452,5.27
2024-05-17,1,A,150000,4,Home & Garden,58149.76,0,None,4495.57,1,73.0,2.672,234.182,5.43
2024-05-24,1,A,150000,4,Home & Garden,59828.7,1,Memorial Day,3726.66,1,71.3,2.837,235.04,5.5
2024-05-31,1,A,150000,4,Home & Garden,53179.79,0,None,1941.71,1,75.5,2.977,234.318,5.1
2024-06-07,1,A,150000,4,Home & Garden,47520.26,0,None,0.0,0,83.8,2.906,235.948,5.26
2024-06-14,1,A,150000,4,Home & Garden,57567.25,0,None,3557.41,1,82.2,3.008,235.038,5.38
2024-06-21,1,A,150000,4,Home & Garden,57332.63,0,None,3848.48,1,83.1,3.093,234.434,5.29
2024-06-28,1,A,150000,4,Home & Garden,50825.48,0,None,0.0,0,89.4,3.068,234.465,5.34
2021-01-01,1,A,150000,5,Toys,23693.23,0,None,0.0,0,42.3,3.139,210.248,7.52
2021-01-08,1,A,150000,5,Toys,22079.4,0,None,0.0,0,36.2,3.144,210.068,7.49
2021-01-15,1,A,150000,5,Toys,21187.18,0,None,0.0,0,32.4,3.281,210.599,7.49
2021-01-22,1,A,150000,5,Toys,22275.19,0,None,0.0,0,40.4,3.323,211.174,7.39
2021-01-29,1,A,150000,5,Toys,21400.64,0,None,0.0,0,42.2,3.34,210.432,7.45
2021-02-05,1,A,150000,5,Toys,20136.24,0,None,0.0,0,36.8,3.337,210.57,7.49
2021-02-12,1,A,150000,5,Toys,26502.78,1,Super Bowl,4266.77,1,46.4,3.341,211.614,7.57
2021-02-19,1,A,150000,5,Toys,22842.27,0,None,0.0,0,36.8,3.483,211.345,7.51
2021-02-26,1,A,150000,5,Toys,22074.36,0,None,0.0,0,48.9,3.641,210.864,7.62
2021-03-05,1,A,150000,5,Toys,22296.72,0,None,0.0,0,41.3,3.641,211.508,7.31
2021-03-12,1,A,150000,5,Toys,22818.47,0,None,0.0,0,44.0,3.574,211.142,7.47
2021-03-19,1,A,150000,5,Toys,22578.93,0,None,576.58,1,51.7,3.734,211.278,7.39
2021-03-26,1,A,150000,5,Toys,22155.83,0,None,0.0,0,57.5,3.794,211.769,7.57
2021-04-02,1,A,150000,5,Toys,20361.77,0,None,0.0,0,56.6,3.733,210.829,7.26
2021-04-09,1,A,150000,5,Toys,21964.16,0,None,0.0,0,69.6,3.853,211.061,7.25
2021-04-16,1,A,150000,5,Toys,21863.6,0,None,0.0,0,55.4,3.879,211.779,7.26
2021-04-23,1,A,150000,5,Toys,21077.61,0,None,0.0,0,65.7,3.813,211.691,7.09
2021-04-30,1,A,150000,5,Toys,23077.59,0,None,2193.34,1,64.7,3.959,212.492,7.24
2021-05-07,1,A,150000,5,Toys,22149.1,0,None,0.0,0,64.8,3.997,212.019,7.21
2021-05-14,1,A,150000,5,Toys,23500.04,0,None,3951.99,1,73.4,4.057,211.904,7.29
2021-05-21,1,A,150000,5,Toys,22917.95,0,None,0.0,0,73.3,4.068,213.48,7.29
2021-05-28,1,A,150000,5,Toys,28131.64,1,Memorial Day,4488.95,1,72.1,3.883,212.772,7.43
2021-06-04,1,A,150000,5,Toys,21107.54,0,None,0.0,0,76.8,3.924,213.056,7.33
2021-06-11,1,A,150000,5,Toys,22247.68,0,None,0.0,0,77.3,4.041,212.447,7.16
2021-06-18,1,A,150000,5,Toys,21545.99,0,None,0.0,0,80.7,4.038,213.025,7.12
2021-06-25,1,A,150000,5,Toys,22277.33,0,None,1343.17,1,77.6,4.03,213.49,7.25
2021-07-02,1,A,150000,5,Toys,19616.96,0,None,0.0,0,75.2,4.286,212.996,7.05
2021-07-09,1,A,150000,5,Toys,20286.41,0,None,0.0,0,80.0,4.007,213.897,7.36
2021-07-16,1,A,150000,5,Toys,21380.46,0,None,0.0,0,77.8,4.032,213.546,7.28
2021-07-23,1,A,150000,5,Toys,21298.55,0,None,0.0,0,79.5,3.994,213.838,7.1
2021-07-30,1,A,150000,5,Toys,23234.33,0,None,3736.09,1,82.1,3.942,213.82,6.97
2021-08-06,1,A,150000,5,Toys,19406.86,0,None,0.0,0,76.9,3.833,215.184,7.26
2021-08-13,1,A,150000,5,Toys,21473.69,0,None,0.0,0,78.9,3.883,214.389,7.1
2021-08-20,1,A,150000,5,Toys,20427.59,0,None,0.0,0,79.3,3.722,214.004,7.22
2021-08-27,1,A,150000,5,Toys,21854.32,0,None,0.0,0,76.5,3.723,215.082,6.93
2021-09-03,1,A,150000,5,Toys,24470.91,0,None,2338.34,1,67.5,3.658,214.197,7.02
2021-09-10,1,A,150000,5,Toys,24537.13,1,Labor Day,727.91,1,70.3,3.655,215.049,7.07
2021-09-17,1,A,150000,5,Toys,24451.88,0,None,0.0,0,60.9,3.784,214.103,7.06
2021-09-24,1,A,150000,5,Toys,21498.34,0,None,0.0,0,71.1,3.396,214.556,7.0
2021-10-01,1,A,150000,5,Toys,21693.43,0,None,0.0,0,68.5,3.545,215.456,7.09
2021-10-08,1,A,150000,5,Toys,23271.76,0,None,2457.57,1,66.0,3.305,215.864,6.91
2021-10-15,1,A,150000,5,Toys,21532.85,0,None,0.0,0,66.8,3.337,215.718,6.99
2021-10-22,1,A,150000,5,Toys,19851.47,0,None,0.0,0,61.5,3.403,215.711,7.0
2021-10-29,1,A,150000,5,Toys,21475.86,0,None,0.0,0,51.0,3.26,215.756,7.03
2021-11-05,1,A,150000,5,Toys,52417.85,0,None,4305.78,1,53.6,3.107,215.305,7.04
2021-11-12,1,A,150000,5,Toys,53177.82,0,None,0.0,0,44.8,3.074,215.821,6.84
2021-11-19,1,A,150000,5,Toys,41056.82,0,None,0.0,0,46.9,3.123,216.088,6.79
2021-11-26,1,A,150000,5,Toys,102213.94,1,Thanksgiving / Black Friday,3146.67,1,48.9,2.949,216.985,7.06
2021-12-03,1,A,150000,5,Toys,91516.68,1,Thanksgiving / Black Friday,1241.08,1,39.1,2.963,216.765,6.95
2021-12-10,1,A,150000,5,Toys,52415.95,0,None,3802.84,1,39.0,2.888,215.849,6.83
2021-12-17,1,A,150000,5,Toys,43981.97,0,None,0.0,0,39.8,2.773,217.03,7.05
2021-12-24,1,A,150000,5,Toys,88358.94,1,Christmas / New Year,1998.19,1,40.3,2.938,216.813,6.9
2021-12-31,1,A,150000,5,Toys,95299.32,1,Christmas / New Year,848.07,1,43.4,2.76,216.804,6.99
2022-01-07,1,A,150000,5,Toys,22988.83,0,None,0.0,0,38.9,2.492,217.586,6.87
2022-01-14,1,A,150000,5,Toys,22856.71,0,None,0.0,0,34.1,2.617,217.933,7.05
2022-01-21,1,A,150000,5,Toys,22722.99,0,None,0.0,0,36.9,2.498,218.021,7.01
2022-01-28,1,A,150000,5,Toys,21488.36,0,None,0.0,0,40.1,2.571,217.273,6.8
2022-02-04,1,A,150000,5,Toys,21400.58,0,None,0.0,0,41.3,2.395,217.675,6.91
2022-02-11,1,A,150000,5,Toys,25001.68,1,Super Bowl,2444.52,1,39.5,2.407,218.133,6.86
2022-02-18,1,A,150000,5,Toys,22298.66,0,None,0.0,0,39.2,2.418,218.592,6.92
2022-02-25,1,A,150000,5,Toys,21592.67,0,None,0.0,0,47.1,2.411,218.002,6.68
2022-03-04,1,A,150000,5,Toys,25034.29,0,None,0.0,0,47.2,2.214,218.286,6.83
2022-03-11,1,A,150000,5,Toys,21732.98,0,None,0.0,0,41.9,2.256,217.963,6.86
2022-03-18,1,A,150000,5,Toys,21650.41,0,None,0.0,0,55.3,2.22,218.056,6.56
2022-03-25,1,A,150000,5,Toys,23510.43,0,None,0.0,0,47.8,2.186,219.197,6.61
2022-04-01,1,A,150000,5,Toys,21612.73,0,None,0.0,0,55.6,2.364,219.607,6.51
2022-04-08,1,A,150000,5,Toys,25650.17,0,None,2704.64,1,57.4,2.243,219.03,6.68
2022-04-15,1,A,150000,5,Toys,20710.89,0,None,599.89,1,59.1,2.102,219.705,6.76
2022-04-22,1,A,150000,5,Toys,24691.51,0,None,3398.39,1,61.4,2.274,219.521,6.83
2022-04-29,1,A,150000,5,Toys,21993.62,0,None,0.0,0,61.7,2.371,219.155,6.67
2022-05-06,1,A,150000,5,Toys,24508.99,0,None,0.0,0,63.3,2.289,219.796,6.82
2022-05-13,1,A,150000,5,Toys,25590.43,0,None,3591.09,1,67.8,2.095,220.522,6.5
2022-05-20,1,A,150000,5,Toys,22368.21,0,None,0.0,0,68.0,2.191,219.872,6.46
2022-05-27,1,A,150000,5,Toys,28917.45,1,Memorial Day,764.66,1,77.3,2.349,220.81,6.61
2022-06-03,1,A,150000,5,Toys,22374.82,0,None,0.0,0,77.0,2.213,218.855,6.64
2022-06-10,1,A,150000,5,Toys,23342.79,0,None,0.0,0,77.8,2.331,220.713,6.59
2022-06-17,1,A,150000,5,Toys,24819.02,0,None,0.0,0,80.3,2.388,220.483,6.37
2022-06-24,1,A,150000,5,Toys,23139.79,0,None,0.0,0,84.5,2.285,220.427,6.56
2022-07-01,1,A,150000,5,Toys,23898.65,0,None,0.0,0,83.5,2.392,220.76,6.43
2022-07-08,1,A,150000,5,Toys,21237.97,0,None,0.0,0,87.7,2.177,219.858,6.61
2022-07-15,1,A,150000,5,Toys,22764.89,0,None,2271.19,1,76.9,2.398,220.879,6.57
2022-07-22,1,A,150000,5,Toys,23629.06,0,None,0.0,0,76.8,2.507,221.305,6.43
2022-07-29,1,A,150000,5,Toys,23684.8,0,None,869.44,1,80.6,2.476,222.003,6.46
2022-08-05,1,A,150000,5,Toys,25240.77,0,None,4372.31,1,76.0,2.758,221.142,6.39
2022-08-12,1,A,150000,5,Toys,25644.04,0,None,0.0,0,67.5,2.567,221.134,6.48
2022-08-19,1,A,150000,5,Toys,23459.52,0,None,0.0,0,76.6,2.703,221.425,6.57
2022-08-26,1,A,150000,5,Toys,23612.68,0,None,0.0,0,82.6,2.806,222.271,6.36
2022-09-02,1,A,150000,5,Toys,24016.84,0,None,527.51,1,77.4,2.97,222.115,6.5
2022-09-09,1,A,150000,5,Toys,29922.05,1,Labor Day,2144.79,1,68.0,2.8,221.823,6.38
2022-09-16,1,A,150000,5,Toys,22515.47,0,None,0.0,0,69.3,3.069,222.482,6.34
2022-09-23,1,A,150000,5,Toys,21769.9,0,None,0.0,0,70.2,3.039,222.411,6.4
2022-09-30,1,A,150000,5,Toys,25673.88,0,None,1868.43,1,62.8,3.021,222.984,6.3
2022-10-07,1,A,150000,5,Toys,22070.19,0,None,3439.7,1,61.6,3.199,222.286,6.33
2022-10-14,1,A,150000,5,Toys,24027.0,0,None,0.0,0,61.1,3.24,222.611,6.26
2022-10-21,1,A,150000,5,Toys,24224.81,0,None,0.0,0,50.8,3.237,222.716,6.56
2022-10-28,1,A,150000,5,Toys,24160.56,0,None,0.0,0,55.2,3.351,222.318,6.36
2022-11-04,1,A,150000,5,Toys,49481.28,0,None,0.0,0,57.2,3.374,223.335,6.27
2022-11-11,1,A,150000,5,Toys,48110.67,0,None,0.0,0,54.9,3.471,223.455,6.35
2022-11-18,1,A,150000,5,Toys,48420.31,0,None,0.0,0,50.9,3.571,223.464,6.3
2022-11-25,1,A,150000,5,Toys,97607.21,1,Thanksgiving / Black Friday,2807.43,1,45.8,3.699,223.482,6.28
2022-12-02,1,A,150000,5,Toys,117585.79,1,Thanksgiving / Black Friday,4422.27,1,43.1,3.525,223.029,6.35
2022-12-09,1,A,150000,5,Toys,49463.6,0,None,3134.87,1,44.3,3.844,223.663,6.35
2022-12-16,1,A,150000,5,Toys,53127.27,0,None,2771.9,1,40.8,3.564,223.84,6.21
2022-12-23,1,A,150000,5,Toys,98151.81,1,Christmas / New Year,3774.96,1,38.8,3.751,223.747,6.2
2022-12-30,1,A,150000,5,Toys,92277.92,1,Christmas / New Year,1890.08,1,40.4,3.851,224.205,6.22
2023-01-06,1,A,150000,5,Toys,21182.64,0,None,0.0,0,45.7,3.863,224.625,6.0
2023-01-13,1,A,150000,5,Toys,24671.49,0,None,0.0,0,40.6,3.824,225.504,6.07
2023-01-20,1,A,150000,5,Toys,20172.52,0,None,0.0,0,36.3,3.887,224.785,6.34
2023-01-27,1,A,150000,5,Toys,22387.15,0,None,0.0,0,37.3,3.891,224.964,6.36
2023-02-03,1,A,150000,5,Toys,21512.54,0,None,838.75,1,43.6,3.905,224.935,6.16
2023-02-10,1,A,150000,5,Toys,27420.57,1,Super Bowl,3863.63,1,29.2,4.038,224.151,6.23
2023-02-17,1,A,150000,5,Toys,22675.02,0,None,0.0,0,36.7,4.012,225.234,6.19
2023-02-24,1,A,150000,5,Toys,23838.81,0,None,0.0,0,48.1,3.938,225.415,6.45
2023-03-03,1,A,150000,5,Toys,26098.38,0,None,4235.0,1,44.7,4.071,226.754,6.25
2023-03-10,1,A,150000,5,Toys,22910.63,0,None,2402.38,1,55.3,4.024,225.563,6.11
2023-03-17,1,A,150000,5,Toys,23397.36,0,None,0.0,0,48.5,4.062,225.947,6.01
2023-03-24,1,A,150000,5,Toys,23142.62,0,None,0.0,0,54.0,4.04,225.917,5.94
2023-03-31,1,A,150000,5,Toys,25224.82,0,None,2951.18,1,51.9,3.911,225.487,6.11
2023-04-07,1,A,150000,5,Toys,21209.65,0,None,1918.66,1,59.3,3.917,226.78,6.0
2023-04-14,1,A,150000,5,Toys,23977.65,0,None,0.0,0,64.6,4.001,226.722,5.92
2023-04-21,1,A,150000,5,Toys,22744.14,0,None,0.0,0,67.4,3.966,226.879,5.98
2023-04-28,1,A,150000,5,Toys,25850.99,0,None,0.0,0,64.1,3.888,226.166,5.93
2023-05-05,1,A,150000,5,Toys,23197.48,0,None,0.0,0,64.4,3.867,227.46,6.19
2023-05-12,1,A,150000,5,Toys,22331.01,0,None,1127.25,1,67.5,3.925,226.195,6.1
2023-05-19,1,A,150000,5,Toys,21331.08,0,None,0.0,0,71.3,3.737,227.326,6.0
2023-05-26,1,A,150000,5,Toys,29189.09,1,Memorial Day,2509.71,1,75.9,3.786,228.266,6.14
2023-06-02,1,A,150000,5,Toys,23813.66,0,None,0.0,0,75.4,3.681,226.812,5.98
2023-06-09,1,A,150000,5,Toys,25578.55,0,None,0.0,0,80.9,3.631,227.162,5.88
2023-06-16,1,A,150000,5,Toys,22494.19,0,None,0.0,0,77.2,3.686,227.632,6.11
2023-06-23,1,A,150000,5,Toys,23123.69,0,None,0.0,0,87.8,3.612,227.468,5.99
2023-06-30,1,A,150000,5,Toys,25259.22,0,None,0.0,0,82.5,3.556,227.082,5.82
2023-07-07,1,A,150000,5,Toys,24614.38,0,None,0.0,0,82.4,3.538,228.029,5.9
2023-07-14,1,A,150000,5,Toys,23514.84,0,None,0.0,0,81.1,3.377,227.601,5.82
2023-07-21,1,A,150000,5,Toys,24564.78,0,None,0.0,0,86.7,3.37,228.506,5.75
2023-07-28,1,A,150000,5,Toys,23494.0,0,None,0.0,0,74.3,3.23,227.947,5.97
2023-08-04,1,A,150000,5,Toys,25500.01,0,None,0.0,0,82.2,3.219,229.319,6.06
2023-08-11,1,A,150000,5,Toys,23476.99,0,None,0.0,0,74.8,3.121,228.29,5.72
2023-08-18,1,A,150000,5,Toys,23781.66,0,None,0.0,0,80.4,3.077,228.658,5.9
2023-08-25,1,A,150000,5,Toys,22656.59,0,None,0.0,0,75.1,3.055,229.363,5.77
2023-09-01,1,A,150000,5,Toys,24341.23,0,None,0.0,0,76.0,2.88,228.478,5.77
2023-09-08,1,A,150000,5,Toys,29687.61,1,Labor Day,1390.7,1,67.9,3.052,229.344,5.75
2023-09-15,1,A,150000,5,Toys,23276.23,0,None,0.0,0,62.7,2.744,230.022,5.71
2023-09-22,1,A,150000,5,Toys,24314.24,0,None,0.0,0,66.4,2.669,228.702,5.79
2023-09-29,1,A,150000,5,Toys,26494.33,0,None,2072.42,1,66.3,2.802,229.735,5.69
2023-10-06,1,A,150000,5,Toys,25314.19,0,None,1435.25,1,69.3,2.718,229.91,5.79
2023-10-13,1,A,150000,5,Toys,22960.73,0,None,0.0,0,58.6,2.652,230.308,5.74
2023-10-20,1,A,150000,5,Toys,24833.58,0,None,2795.8,1,56.9,2.601,229.436,5.71
2023-10-27,1,A,150000,5,Toys,23714.46,0,None,0.0,0,54.4,2.502,229.532,5.63
2023-11-03,1,A,150000,5,Toys,51568.04,0,None,0.0,0,52.0,2.386,230.591,5.65
2023-11-10,1,A,150000,5,Toys,53445.52,0,None,0.0,0,49.5,2.422,230.616,5.77
2023-11-17,1,A,150000,5,Toys,49859.98,0,None,0.0,0,43.4,2.323,230.73,5.74
2023-11-24,1,A,150000,5,Toys,106995.49,1,Thanksgiving / Black Friday,2699.47,1,48.5,2.42,230.915,5.58
2023-12-01,1,A,150000,5,Toys,106468.34,1,Thanksgiving / Black Friday,3829.45,1,41.1,2.299,230.539,5.67
2023-12-08,1,A,150000,5,Toys,50361.89,0,None,0.0,0,44.5,2.216,231.133,5.73
2023-12-15,1,A,150000,5,Toys,52795.3,0,None,0.0,0,36.9,2.233,231.3,5.47
2023-12-22,1,A,150000,5,Toys,78815.52,1,Christmas / New Year,705.18,1,36.3,2.272,230.934,5.68
2023-12-29,1,A,150000,5,Toys,101974.45,1,Christmas / New Year,1837.6,1,37.1,2.177,232.361,5.55
2024-01-05,1,A,150000,5,Toys,26502.02,0,None,2787.98,1,28.7,2.145,231.803,5.66
2024-01-12,1,A,150000,5,Toys,23446.23,0,None,1097.0,1,40.9,2.223,231.108,5.51
2024-01-19,1,A,150000,5,Toys,23477.41,0,None,0.0,0,32.8,2.22,232.169,5.4
2024-01-26,1,A,150000,5,Toys,23785.98,0,None,2067.64,1,39.3,2.161,231.491,5.4
2024-02-02,1,A,150000,5,Toys,24828.76,0,None,0.0,0,41.9,2.169,232.509,5.56
2024-02-09,1,A,150000,5,Toys,27773.26,1,Super Bowl,4082.76,1,39.2,2.235,232.832,5.57
2024-02-16,1,A,150000,5,Toys,25206.85,0,None,0.0,0,38.9,2.114,231.98,5.44
2024-02-23,1,A,150000,5,Toys,25538.32,0,None,0.0,0,38.9,2.135,233.009,5.58
2024-03-01,1,A,150000,5,Toys,24836.47,0,None,0.0,0,47.5,2.213,232.871,5.34
2024-03-08,1,A,150000,5,Toys,22420.65,0,None,0.0,0,44.7,2.279,233.213,5.49
2024-03-15,1,A,150000,5,Toys,28123.07,0,None,4470.33,1,53.4,2.351,233.888,5.36
2024-03-22,1,A,150000,5,Toys,23781.37,0,None,0.0,0,59.5,2.477,232.954,5.4
2024-03-29,1,A,150000,5,Toys,21975.3,0,None,0.0,0,47.4,2.465,232.837,5.46
2024-04-05,1,A,150000,5,Toys,25884.49,0,None,0.0,0,49.8,2.424,232.907,5.36
2024-04-12,1,A,150000,5,Toys,28117.24,0,None,4237.73,1,60.8,2.479,233.081,5.39
2024-04-19,1,A,150000,5,Toys,22868.18,0,None,0.0,0,64.8,2.447,233.588,5.52
2024-04-26,1,A,150000,5,Toys,25124.34,0,None,0.0,0,62.6,2.575,233.934,5.35
2024-05-03,1,A,150000,5,Toys,24180.11,0,None,1003.82,1,66.2,2.605,234.039,5.48
2024-05-10,1,A,150000,5,Toys,26734.62,0,None,0.0,0,73.8,2.708,234.452,5.27
2024-05-17,1,A,150000,5,Toys,21809.47,0,None,0.0,0,78.6,2.672,234.182,5.43
2024-05-24,1,A,150000,5,Toys,27753.2,1,Memorial Day,1603.69,1,81.9,2.837,235.04,5.5
2024-05-31,1,A,150000,5,Toys,25256.82,0,None,0.0,0,79.4,2.977,234.318,5.1
2024-06-07,1,A,150000,5,Toys,24784.26,0,None,0.0,0,72.8,2.906,235.948,5.26
2024-06-14,1,A,150000,5,Toys,23967.14,0,None,0.0,0,75.5,3.008,235.038,5.38
2024-06-21,1,A,150000,5,Toys,23790.45,0,None,0.0,0,72.1,3.093,234.434,5.29
2024-06-28,1,A,150000,5,Toys,23290.47,0,None,826.39,1,73.3,3.068,234.465,5.34
2021-01-01,1,A,150000,6,Health & Beauty,28564.74,0,None,0.0,0,45.8,3.139,210.248,7.52
2021-01-08,1,A,150000,6,Health & Beauty,29353.61,0,None,0.0,0,34.7,3.144,210.068,7.49
2021-01-15,1,A,150000,6,Health & Beauty,28676.53,0,None,0.0,0,41.8,3.281,210.599,7.49
2021-01-22,1,A,150000,6,Health & Beauty,32644.0,0,None,2903.65,1,38.2,3.323,211.174,7.39
2021-01-29,1,A,150000,6,Health & Beauty,30833.15,0,None,0.0,0,37.7,3.34,210.432,7.45
2021-02-05,1,A,150000,6,Health & Beauty,32967.4,0,None,0.0,0,36.5,3.337,210.57,7.49
2021-02-12,1,A,150000,6,Health & Beauty,39421.81,1,Super Bowl,4101.06,1,41.5,3.341,211.614,7.57
2021-02-19,1,A,150000,6,Health & Beauty,31850.92,0,None,0.0,0,46.1,3.483,211.345,7.51
2021-02-26,1,A,150000,6,Health & Beauty,34594.9,0,None,1587.82,1,44.5,3.641,210.864,7.62
2021-03-05,1,A,150000,6,Health & Beauty,32936.14,0,None,0.0,0,40.9,3.641,211.508,7.31
2021-03-12,1,A,150000,6,Health & Beauty,35278.52,0,None,0.0,0,47.7,3.574,211.142,7.47
2021-03-19,1,A,150000,6,Health & Beauty,33406.17,0,None,0.0,0,44.8,3.734,211.278,7.39
2021-03-26,1,A,150000,6,Health & Beauty,38582.26,0,None,3826.07,1,50.7,3.794,211.769,7.57
2021-04-02,1,A,150000,6,Health & Beauty,38689.03,0,None,2108.11,1,57.3,3.733,210.829,7.26
2021-04-09,1,A,150000,6,Health & Beauty,35540.88,0,None,500.12,1,60.2,3.853,211.061,7.25
2021-04-16,1,A,150000,6,Health & Beauty,36916.78,0,None,0.0,0,65.4,3.879,211.779,7.26
2021-04-23,1,A,150000,6,Health & Beauty,37503.97,0,None,0.0,0,61.4,3.813,211.691,7.09
2021-04-30,1,A,150000,6,Health & Beauty,37996.34,0,None,0.0,0,67.5,3.959,212.492,7.24
2021-05-07,1,A,150000,6,Health & Beauty,36119.17,0,None,0.0,0,64.4,3.997,212.019,7.21
2021-05-14,1,A,150000,6,Health & Beauty,38225.71,0,None,0.0,0,76.2,4.057,211.904,7.29
2021-05-21,1,A,150000,6,Health & Beauty,39952.67,0,None,1207.59,1,70.0,4.068,213.48,7.29
2021-05-28,1,A,150000,6,Health & Beauty,49935.13,1,Memorial Day,2627.49,1,75.7,3.883,212.772,7.43
2021-06-04,1,A,150000,6,Health & Beauty,38100.91,0,None,0.0,0,77.8,3.924,213.056,7.33
2021-06-11,1,A,150000,6,Health & Beauty,37690.89,0,None,0.0,0,71.6,4.041,212.447,7.16
2021-06-18,1,A,150000,6,Health & Beauty,42423.46,0,None,3029.59,1,84.0,4.038,213.025,7.12
2021-06-25,1,A,150000,6,Health & Beauty,40696.68,0,None,0.0,0,76.5,4.03,213.49,7.25
2021-07-02,1,A,150000,6,Health & Beauty,41556.43,0,None,0.0,0,84.6,4.286,212.996,7.05
2021-07-09,1,A,150000,6,Health & Beauty,38210.45,0,None,0.0,0,81.8,4.007,213.897,7.36
2021-07-16,1,A,150000,6,Health & Beauty,38059.09,0,None,0.0,0,75.0,4.032,213.546,7.28
2021-07-23,1,A,150000,6,Health & Beauty,42005.94,0,None,4353.92,1,83.5,3.994,213.838,7.1
2021-07-30,1,A,150000,6,Health & Beauty,36633.64,0,None,0.0,0,77.4,3.942,213.82,6.97
2021-08-06,1,A,150000,6,Health & Beauty,39756.32,0,None,921.93,1,80.9,3.833,215.184,7.26
2021-08-13,1,A,150000,6,Health & Beauty,38290.42,0,None,0.0,0,88.6,3.883,214.389,7.1
2021-08-20,1,A,150000,6,Health & Beauty,36886.18,0,None,2492.52,1,80.0,3.722,214.004,7.22
2021-08-27,1,A,150000,6,Health & Beauty,36791.81,0,None,0.0,0,79.8,3.723,215.082,6.93
2021-09-03,1,A,150000,6,Health & Beauty,37139.03,0,None,0.0,0,75.5,3.658,214.197,7.02
2021-09-10,1,A,150000,6,Health & Beauty,41812.37,1,Labor Day,1959.29,1,74.8,3.655,215.049,7.07
2021-09-17,1,A,150000,6,Health & Beauty,33884.72,0,None,3306.95,1,78.9,3.784,214.103,7.06
2021-09-24,1,A,150000,6,Health & Beauty,32108.83,0,None,0.0,0,71.0,3.396,214.556,7.0
2021-10-01,1,A,150000,6,Health & Beauty,34449.19,0,None,0.0,0,70.2,3.545,215.456,7.09
2021-10-08,1,A,150000,6,Health & Beauty,33007.07,0,None,0.0,0,60.3,3.305,215.864,6.91
2021-10-15,1,A,150000,6,Health & Beauty,31955.21,0,None,0.0,0,59.5,3.337,215.718,6.99
2021-10-22,1,A,150000,6,Health & Beauty,30567.7,0,None,0.0,0,53.4,3.403,215.711,7.0
2021-10-29,1,A,150000,6,Health & Beauty,29426.7,0,None,0.0,0,54.1,3.26,215.756,7.03
2021-11-05,1,A,150000,6,Health & Beauty,29184.76,0,None,0.0,0,52.3,3.107,215.305,7.04
2021-11-12,1,A,150000,6,Health & Beauty,30852.76,0,None,4033.09,1,43.0,3.074,215.821,6.84
2021-11-19,1,A,150000,6,Health & Beauty,32055.47,0,None,0.0,0,42.1,3.123,216.088,6.79
2021-11-26,1,A,150000,6,Health & Beauty,53107.88,1,Thanksgiving / Black Friday,745.79,1,42.3,2.949,216.985,7.06
2021-12-03,1,A,150000,6,Health & Beauty,57253.63,1,Thanksgiving / Black Friday,1105.73,1,44.1,2.963,216.765,6.95
2021-12-10,1,A,150000,6,Health & Beauty,27841.24,0,None,0.0,0,39.7,2.888,215.849,6.83
2021-12-17,1,A,150000,6,Health & Beauty,31695.87,0,None,2066.97,1,36.4,2.773,217.03,7.05
2021-12-24,1,A,150000,6,Health & Beauty,48745.55,1,Christmas / New Year,1335.32,1,36.5,2.938,216.813,6.9
2021-12-31,1,A,150000,6,Health & Beauty,51046.51,1,Christmas / New Year,2880.92,1,35.9,2.76,216.804,6.99
2022-01-07,1,A,150000,6,Health & Beauty,30527.03,0,None,0.0,0,42.3,2.492,217.586,6.87
2022-01-14,1,A,150000,6,Health & Beauty,32413.35,0,None,2763.4,1,43.6,2.617,217.933,7.05
2022-01-21,1,A,150000,6,Health & Beauty,31006.65,0,None,0.0,0,41.4,2.498,218.021,7.01
2022-01-28,1,A,150000,6,Health & Beauty,30701.94,0,None,0.0,0,38.3,2.571,217.273,6.8
2022-02-04,1,A,150000,6,Health & Beauty,32668.63,0,None,0.0,0,40.1,2.395,217.675,6.91
2022-02-11,1,A,150000,6,Health & Beauty,39759.24,1,Super Bowl,3813.75,1,46.5,2.407,218.133,6.86
2022-02-18,1,A,150000,6,Health & Beauty,33844.96,0,None,0.0,0,38.6,2.418,218.592,6.92
2022-02-25,1,A,150000,6,Health & Beauty,34571.64,0,None,0.0,0,45.8,2.411,218.002,6.68
2022-03-04,1,A,150000,6,Health & Beauty,39687.4,0,None,2121.69,1,42.2,2.214,218.286,6.83
2022-03-11,1,A,150000,6,Health & Beauty,34920.52,0,None,0.0,0,49.6,2.256,217.963,6.86
2022-03-18,1,A,150000,6,Health & Beauty,35103.59,0,None,0.0,0,58.0,2.22,218.056,6.56
2022-03-25,1,A,150000,6,Health & Beauty,36694.65,0,None,2259.42,1,55.6,2.186,219.197,6.61
2022-04-01,1,A,150000,6,Health & Beauty,39334.31,0,None,2897.84,1,60.9,2.364,219.607,6.51
2022-04-08,1,A,150000,6,Health & Beauty,40234.11,0,None,2270.31,1,60.6,2.243,219.03,6.68
2022-04-15,1,A,150000,6,Health & Beauty,38690.92,0,None,0.0,0,64.8,2.102,219.705,6.76
2022-04-22,1,A,150000,6,Health & Beauty,40611.46,0,None,0.0,0,68.2,2.274,219.521,6.83
2022-04-29,1,A,150000,6,Health & Beauty,40096.05,0,None,0.0,0,67.6,2.371,219.155,6.67
2022-05-06,1,A,150000,6,Health & Beauty,37855.62,0,None,0.0,0,67.4,2.289,219.796,6.82
2022-05-13,1,A,150000,6,Health & Beauty,38279.78,0,None,0.0,0,72.2,2.095,220.522,6.5
2022-05-20,1,A,150000,6,Health & Beauty,43406.11,0,None,2917.44,1,73.7,2.191,219.872,6.46
2022-05-27,1,A,150000,6,Health & Beauty,47258.38,1,Memorial Day,1407.09,1,80.9,2.349,220.81,6.61
2022-06-03,1,A,150000,6,Health & Beauty,40231.21,0,None,0.0,0,77.4,2.213,218.855,6.64
2022-06-10,1,A,150000,6,Health & Beauty,42624.33,0,None,2046.83,1,76.5,2.331,220.713,6.59
2022-06-17,1,A,150000,6,Health & Beauty,37364.42,0,None,0.0,0,77.2,2.388,220.483,6.37
2022-06-24,1,A,150000,6,Health & Beauty,40801.17,0,None,0.0,0,79.2,2.285,220.427,6.56
2022-07-01,1,A,150000,6,Health & Beauty,43879.28,0,None,784.62,1,76.7,2.392,220.76,6.43
2022-07-08,1,A,150000,6,Health & Beauty,41170.76,0,None,0.0,0,89.4,2.177,219.858,6.61
2022-07-15,1,A,150000,6,Health & Beauty,44002.63,0,None,892.03,1,82.3,2.398,220.879,6.57
2022-07-22,1,A,150000,6,Health & Beauty,42902.33,0,None,4283.88,1,84.2,2.507,221.305,6.43
2022-07-29,1,A,150000,6,Health & Beauty,37974.24,0,None,1179.55,1,84.6,2.476,222.003,6.46
2022-08-05,1,A,150000,6,Health & Beauty,40156.57,0,None,0.0,0,81.0,2.758,221.142,6.39
2022-08-12,1,A,150000,6,Health & Beauty,40334.26,0,None,516.75,1,71.1,2.567,221.134,6.48
2022-08-19,1,A,150000,6,Health & Beauty,34116.67,0,None,0.0,0,83.7,2.703,221.425,6.57
2022-08-26,1,A,150000,6,Health & Beauty,38857.01,0,None,1841.49,1,75.2,2.806,222.271,6.36
2022-09-02,1,A,150000,6,Health & Beauty,35282.01,0,None,0.0,0,76.6,2.97,222.115,6.5
2022-09-09,1,A,150000,6,Health & Beauty,44739.76,1,Labor Day,1447.7,1,66.1,2.8,221.823,6.38
2022-09-16,1,A,150000,6,Health & Beauty,36286.12,0,None,0.0,0,74.4,3.069,222.482,6.34
2022-09-23,1,A,150000,6,Health & Beauty,37475.59,0,None,1622.4,1,67.6,3.039,222.411,6.4
2022-09-30,1,A,150000,6,Health & Beauty,34655.73,0,None,0.0,0,62.8,3.021,222.984,6.3
2022-10-07,1,A,150000,6,Health & Beauty,32865.28,0,None,0.0,0,61.3,3.199,222.286,6.33
2022-10-14,1,A,150000,6,Health & Beauty,32227.47,0,None,0.0,0,54.5,3.24,222.611,6.26
2022-10-21,1,A,150000,6,Health & Beauty,34445.48,0,None,0.0,0,61.7,3.237,222.716,6.56
2022-10-28,1,A,150000,6,Health & Beauty,32398.66,0,None,0.0,0,47.7,3.351,222.318,6.36
2022-11-04,1,A,150000,6,Health & Beauty,33732.33,0,None,3268.2,1,53.3,3.374,223.335,6.27
2022-11-11,1,A,150000,6,Health & Beauty,31878.09,0,None,0.0,0,45.5,3.471,223.455,6.35
2022-11-18,1,A,150000,6,Health & Beauty,31510.8,0,None,0.0,0,37.5,3.571,223.464,6.3
2022-11-25,1,A,150000,6,Health & Beauty,54869.17,1,Thanksgiving / Black Friday,2084.0,1,42.1,3.699,223.482,6.28
2022-12-02,1,A,150000,6,Health & Beauty,51815.05,1,Thanksgiving / Black Friday,3176.88,1,38.8,3.525,223.029,6.35
2022-12-09,1,A,150000,6,Health & Beauty,32438.11,0,None,0.0,0,39.8,3.844,223.663,6.35
2022-12-16,1,A,150000,6,Health & Beauty,35014.7,0,None,2386.96,1,48.0,3.564,223.84,6.21
2022-12-23,1,A,150000,6,Health & Beauty,52670.05,1,Christmas / New Year,1340.43,1,45.8,3.751,223.747,6.2
2022-12-30,1,A,150000,6,Health & Beauty,54124.01,1,Christmas / New Year,2755.57,1,36.1,3.851,224.205,6.22
2023-01-06,1,A,150000,6,Health & Beauty,32235.46,0,None,0.0,0,33.9,3.863,224.625,6.0
2023-01-13,1,A,150000,6,Health & Beauty,30578.96,0,None,0.0,0,41.3,3.824,225.504,6.07
2023-01-20,1,A,150000,6,Health & Beauty,34385.51,0,None,0.0,0,38.0,3.887,224.785,6.34
2023-01-27,1,A,150000,6,Health & Beauty,30600.71,0,None,0.0,0,32.7,3.891,224.964,6.36
2023-02-03,1,A,150000,6,Health & Beauty,33391.09,0,None,0.0,0,39.3,3.905,224.935,6.16
2023-02-10,1,A,150000,6,Health & Beauty,41580.52,1,Super Bowl,4265.9,1,39.1,4.038,224.151,6.23
2023-02-17,1,A,150000,6,Health & Beauty,34035.45,0,None,3002.73,1,36.7,4.012,225.234,6.19
2023-02-24,1,A,150000,6,Health & Beauty,35136.39,0,None,0.0,0,48.3,3.938,225.415,6.45
2023-03-03,1,A,150000,6,Health & Beauty,40482.55,0,None,3946.66,1,45.6,4.071,226.754,6.25
2023-03-10,1,A,150000,6,Health & Beauty,36155.07,0,None,0.0,0,48.2,4.024,225.563,6.11
2023-03-17,1,A,150000,6,Health & Beauty,37427.03,0,None,0.0,0,55.0,4.062,225.947,6.01
2023-03-24,1,A,150000,6,Health & Beauty,38414.83,0,None,1575.19,1,55.5,4.04,225.917,5.94
2023-03-31,1,A,150000,6,Health & Beauty,41522.5,0,None,0.0,0,51.7,3.911,225.487,6.11
2023-04-07,1,A,150000,6,Health & Beauty,38181.27,0,None,0.0,0,62.7,3.917,226.78,6.0
2023-04-14,1,A,150000,6,Health & Beauty,38710.66,0,None,1187.32,1,60.8,4.001,226.722,5.92
2023-04-21,1,A,150000,6,Health & Beauty,42152.9,0,None,0.0,0,63.0,3.966,226.879,5.98
2023-04-28,1,A,150000,6,Health & Beauty,45488.29,0,None,3097.52,1,63.7,3.888,226.166,5.93
2023-05-05,1,A,150000,6,Health & Beauty,41130.75,0,None,0.0,0,70.2,3.867,227.46,6.19
2023-05-12,1,A,150000,6,Health & Beauty,43552.74,0,None,0.0,0,74.2,3.925,226.195,6.1
2023-05-19,1,A,150000,6,Health & Beauty,42948.17,0,None,0.0,0,77.1,3.737,227.326,6.0
2023-05-26,1,A,150000,6,Health & Beauty,49909.86,1,Memorial Day,696.88,1,73.1,3.786,228.266,6.14
2023-06-02,1,A,150000,6,Health & Beauty,41622.43,0,None,0.0,0,75.6,3.681,226.812,5.98
2023-06-09,1,A,150000,6,Health & Beauty,45544.76,0,None,0.0,0,76.6,3.631,227.162,5.88
2023-06-16,1,A,150000,6,Health & Beauty,43612.91,0,None,0.0,0,79.5,3.686,227.632,6.11
2023-06-23,1,A,150000,6,Health & Beauty,40257.51,0,None,0.0,0,83.7,3.612,227.468,5.99
2023-06-30,1,A,150000,6,Health & Beauty,42992.89,0,None,0.0,0,79.7,3.556,227.082,5.82
2023-07-07,1,A,150000,6,Health & Beauty,42943.31,0,None,0.0,0,82.6,3.538,228.029,5.9
2023-07-14,1,A,150000,6,Health & Beauty,41438.03,0,None,0.0,0,84.9,3.377,227.601,5.82
2023-07-21,1,A,150000,6,Health & Beauty,45105.52,0,None,3186.84,1,83.5,3.37,228.506,5.75
2023-07-28,1,A,150000,6,Health & Beauty,42076.66,0,None,2517.82,1,87.9,3.23,227.947,5.97
2023-08-04,1,A,150000,6,Health & Beauty,39040.67,0,None,0.0,0,73.5,3.219,229.319,6.06
2023-08-11,1,A,150000,6,Health & Beauty,38511.3,0,None,0.0,0,82.5,3.121,228.29,5.72
2023-08-18,1,A,150000,6,Health & Beauty,38784.18,0,None,0.0,0,75.6,3.077,228.658,5.9
2023-08-25,1,A,150000,6,Health & Beauty,36410.56,0,None,0.0,0,79.4,3.055,229.363,5.77
2023-09-01,1,A,150000,6,Health & Beauty,39604.25,0,None,2444.69,1,70.0,2.88,228.478,5.77
2023-09-08,1,A,150000,6,Health & Beauty,46155.13,1,Labor Day,1767.77,1,70.7,3.052,229.344,5.75
2023-09-15,1,A,150000,6,Health & Beauty,35827.08,0,None,0.0,0,71.1,2.744,230.022,5.71
2023-09-22,1,A,150000,6,Health & Beauty,36125.46,0,None,0.0,0,69.5,2.669,228.702,5.79
2023-09-29,1,A,150000,6,Health & Beauty,38135.22,0,None,0.0,0,66.7,2.802,229.735,5.69
2023-10-06,1,A,150000,6,Health & Beauty,34270.17,0,None,0.0,0,62.7,2.718,229.91,5.79
2023-10-13,1,A,150000,6,Health & Beauty,34006.77,0,None,0.0,0,57.1,2.652,230.308,5.74
2023-10-20,1,A,150000,6,Health & Beauty,34542.21,0,None,0.0,0,58.7,2.601,229.436,5.71
2023-10-27,1,A,150000,6,Health & Beauty,34176.64,0,None,0.0,0,57.1,2.502,229.532,5.63
2023-11-03,1,A,150000,6,Health & Beauty,36422.52,0,None,3320.16,1,50.5,2.386,230.591,5.65
2023-11-10,1,A,150000,6,Health & Beauty,32401.25,0,None,0.0,0,54.4,2.422,230.616,5.77
2023-11-17,1,A,150000,6,Health & Beauty,36245.22,0,None,3369.86,1,47.8,2.323,230.73,5.74
2023-11-24,1,A,150000,6,Health & Beauty,58769.17,1,Thanksgiving / Black Friday,2033.59,1,45.1,2.42,230.915,5.58
2023-12-01,1,A,150000,6,Health & Beauty,60007.56,1,Thanksgiving / Black Friday,2695.64,1,42.2,2.299,230.539,5.67
2023-12-08,1,A,150000,6,Health & Beauty,30932.79,0,None,0.0,0,38.5,2.216,231.133,5.73
2023-12-15,1,A,150000,6,Health & Beauty,32598.49,0,None,0.0,0,49.7,2.233,231.3,5.47
2023-12-22,1,A,150000,6,Health & Beauty,52738.78,1,Christmas / New Year,921.61,1,42.8,2.272,230.934,5.68
2023-12-29,1,A,150000,6,Health & Beauty,56769.59,1,Christmas / New Year,3288.1,1,42.4,2.177,232.361,5.55
2024-01-05,1,A,150000,6,Health & Beauty,32396.45,0,None,0.0,0,36.9,2.145,231.803,5.66
2024-01-12,1,A,150000,6,Health & Beauty,34298.37,0,None,0.0,0,34.3,2.223,231.108,5.51
2024-01-19,1,A,150000,6,Health & Beauty,34676.57,0,None,0.0,0,44.0,2.22,232.169,5.4
2024-01-26,1,A,150000,6,Health & Beauty,34500.69,0,None,0.0,0,35.7,2.161,231.491,5.4
2024-02-02,1,A,150000,6,Health & Beauty,32842.07,0,None,0.0,0,39.6,2.169,232.509,5.56
2024-02-09,1,A,150000,6,Health & Beauty,43265.27,1,Super Bowl,2582.18,1,35.5,2.235,232.832,5.57
2024-02-16,1,A,150000,6,Health & Beauty,34335.24,0,None,0.0,0,41.3,2.114,231.98,5.44
2024-02-23,1,A,150000,6,Health & Beauty,36242.16,0,None,0.0,0,43.6,2.135,233.009,5.58
2024-03-01,1,A,150000,6,Health & Beauty,35100.77,0,None,0.0,0,45.0,2.213,232.871,5.34
2024-03-08,1,A,150000,6,Health & Beauty,37041.97,0,None,0.0,0,54.5,2.279,233.213,5.49
2024-03-15,1,A,150000,6,Health & Beauty,37218.57,0,None,0.0,0,52.1,2.351,233.888,5.36
2024-03-22,1,A,150000,6,Health & Beauty,40518.22,0,None,0.0,0,59.5,2.477,232.954,5.4
2024-03-29,1,A,150000,6,Health & Beauty,41278.23,0,None,0.0,0,51.4,2.465,232.837,5.46
2024-04-05,1,A,150000,6,Health & Beauty,41802.85,0,None,0.0,0,50.7,2.424,232.907,5.36
2024-04-12,1,A,150000,6,Health & Beauty,39166.34,0,None,0.0,0,59.5,2.479,233.081,5.39
2024-04-19,1,A,150000,6,Health & Beauty,46681.19,0,None,4160.01,1,61.0,2.447,233.588,5.52
2024-04-26,1,A,150000,6,Health & Beauty,43548.66,0,None,981.45,1,68.0,2.575,233.934,5.35
2024-05-03,1,A,150000,6,Health & Beauty,41266.91,0,None,0.0,0,66.6,2.605,234.039,5.48
2024-05-10,1,A,150000,6,Health & Beauty,41268.79,0,None,0.0,0,69.5,2.708,234.452,5.27
2024-05-17,1,A,150000,6,Health & Beauty,42581.85,0,None,0.0,0,66.5,2.672,234.182,5.43
2024-05-24,1,A,150000,6,Health & Beauty,50852.92,1,Memorial Day,642.36,1,75.9,2.837,235.04,5.5
2024-05-31,1,A,150000,6,Health & Beauty,42795.17,0,None,0.0,0,74.7,2.977,234.318,5.1
2024-06-07,1,A,150000,6,Health & Beauty,45762.06,0,None,0.0,0,70.2,2.906,235.948,5.26
2024-06-14,1,A,150000,6,Health & Beauty,44387.14,0,None,0.0,0,79.6,3.008,235.038,5.38
2024-06-21,1,A,150000,6,Health & Beauty,44244.99,0,None,0.0,0,80.5,3.093,234.434,5.29
2024-06-28,1,A,150000,6,Health & Beauty,42142.62,0,None,0.0,0,74.9,3.068,234.465,5.34
2021-01-01,2,A,140000,1,Electronics,44340.84,0,None,2113.92,1,43.4,3.139,210.248,7.52
2021-01-08,2,A,140000,1,Electronics,38888.91,0,None,0.0,0,35.9,3.144,210.068,7.49
2021-01-15,2,A,140000,1,Electronics,37526.43,0,None,0.0,0,34.8,3.281,210.599,7.49
2021-01-22,2,A,140000,1,Electronics,42857.05,0,None,0.0,0,40.0,3.323,211.174,7.39
2021-01-29,2,A,140000,1,Electronics,36983.67,0,None,0.0,0,37.4,3.34,210.432,7.45
2021-02-05,2,A,140000,1,Electronics,44918.55,0,None,4313.61,1,39.1,3.337,210.57,7.49
2021-02-12,2,A,140000,1,Electronics,45778.65,1,Super Bowl,1692.26,1,39.2,3.341,211.614,7.57
2021-02-19,2,A,140000,1,Electronics,41795.68,0,None,0.0,0,39.9,3.483,211.345,7.51
2021-02-26,2,A,140000,1,Electronics,42318.56,0,None,782.14,1,40.0,3.641,210.864,7.62
2021-03-05,2,A,140000,1,Electronics,46668.7,0,None,4321.79,1,50.6,3.641,211.508,7.31
2021-03-12,2,A,140000,1,Electronics,45052.34,0,None,3915.77,1,45.9,3.574,211.142,7.47
2021-03-19,2,A,140000,1,Electronics,40029.4,0,None,0.0,0,48.5,3.734,211.278,7.39
2021-03-26,2,A,140000,1,Electronics,38573.49,0,None,0.0,0,48.6,3.794,211.769,7.57
2021-04-02,2,A,140000,1,Electronics,42328.51,0,None,0.0,0,48.3,3.733,210.829,7.26
2021-04-09,2,A,140000,1,Electronics,46061.97,0,None,1741.23,1,53.9,3.853,211.061,7.25
2021-04-16,2,A,140000,1,Electronics,39446.42,0,None,0.0,0,60.1,3.879,211.779,7.26
2021-04-23,2,A,140000,1,Electronics,41014.97,0,None,0.0,0,64.3,3.813,211.691,7.09
2021-04-30,2,A,140000,1,Electronics,40723.19,0,None,0.0,0,62.3,3.959,212.492,7.24
2021-05-07,2,A,140000,1,Electronics,42685.78,0,None,2068.87,1,67.3,3.997,212.019,7.21
2021-05-14,2,A,140000,1,Electronics,44170.6,0,None,0.0,0,71.3,4.057,211.904,7.29
2021-05-21,2,A,140000,1,Electronics,39232.55,0,None,0.0,0,70.2,4.068,213.48,7.29
2021-05-28,2,A,140000,1,Electronics,49720.73,1,Memorial Day,1084.08,1,76.5,3.883,212.772,7.43
2021-06-04,2,A,140000,1,Electronics,41238.18,0,None,0.0,0,79.9,3.924,213.056,7.33
2021-06-11,2,A,140000,1,Electronics,38870.16,0,None,0.0,0,76.0,4.041,212.447,7.16
2021-06-18,2,A,140000,1,Electronics,43567.6,0,None,2885.87,1,84.8,4.038,213.025,7.12
2021-06-25,2,A,140000,1,Electronics,41378.39,0,None,1286.75,1,85.3,4.03,213.49,7.25
2021-07-02,2,A,140000,1,Electronics,44994.46,0,None,0.0,0,77.3,4.286,212.996,7.05
2021-07-09,2,A,140000,1,Electronics,40822.59,0,None,0.0,0,85.2,4.007,213.897,7.36
2021-07-16,2,A,140000,1,Electronics,40778.51,0,None,0.0,0,84.1,4.032,213.546,7.28
2021-07-23,2,A,140000,1,Electronics,48654.25,0,None,4034.74,1,83.8,3.994,213.838,7.1
2021-07-30,2,A,140000,1,Electronics,44291.06,0,None,3260.19,1,76.9,3.942,213.82,6.97
2021-08-06,2,A,140000,1,Electronics,54280.84,0,None,0.0,0,80.0,3.833,215.184,7.26
2021-08-13,2,A,140000,1,Electronics,55888.72,0,None,1088.65,1,73.9,3.883,214.389,7.1
2021-08-20,2,A,140000,1,Electronics,55967.07,0,None,0.0,0,77.0,3.722,214.004,7.22
2021-08-27,2,A,140000,1,Electronics,59184.61,0,None,1730.72,1,75.6,3.723,215.082,6.93
2021-09-03,2,A,140000,1,Electronics,60228.84,0,None,0.0,0,81.2,3.658,214.197,7.02
2021-09-10,2,A,140000,1,Electronics,64600.58,1,Labor Day,1281.83,1,82.2,3.655,215.049,7.07
2021-09-17,2,A,140000,1,Electronics,57181.6,0,None,0.0,0,64.3,3.784,214.103,7.06
2021-09-24,2,A,140000,1,Electronics,58758.58,0,None,0.0,0,67.3,3.396,214.556,7.0
2021-10-01,2,A,140000,1,Electronics,40468.84,0,None,1528.25,1,66.2,3.545,215.456,7.09
2021-10-08,2,A,140000,1,Electronics,41920.04,0,None,0.0,0,61.9,3.305,215.864,6.91
2021-10-15,2,A,140000,1,Electronics,42111.58,0,None,0.0,0,63.1,3.337,215.718,6.99
2021-10-22,2,A,140000,1,Electronics,43689.97,0,None,0.0,0,59.5,3.403,215.711,7.0
2021-10-29,2,A,140000,1,Electronics,43711.43,0,None,0.0,0,53.7,3.26,215.756,7.03
2021-11-05,2,A,140000,1,Electronics,79422.65,0,None,0.0,0,54.5,3.107,215.305,7.04
2021-11-12,2,A,140000,1,Electronics,80357.84,0,None,0.0,0,48.9,3.074,215.821,6.84
2021-11-19,2,A,140000,1,Electronics,74172.43,0,None,0.0,0,50.3,3.123,216.088,6.79
2021-11-26,2,A,140000,1,Electronics,157349.7,1,Thanksgiving / Black Friday,705.05,1,49.8,2.949,216.985,7.06
2021-12-03,2,A,140000,1,Electronics,145746.65,1,Thanksgiving / Black Friday,2301.4,1,39.8,2.963,216.765,6.95
2021-12-10,2,A,140000,1,Electronics,77668.55,0,None,0.0,0,47.1,2.888,215.849,6.83
2021-12-17,2,A,140000,1,Electronics,73225.31,0,None,0.0,0,37.6,2.773,217.03,7.05
2021-12-24,2,A,140000,1,Electronics,132890.16,1,Christmas / New Year,3494.43,1,35.7,2.938,216.813,6.9
2021-12-31,2,A,140000,1,Electronics,139807.02,1,Christmas / New Year,4369.08,1,38.3,2.76,216.804,6.99
2022-01-07,2,A,140000,1,Electronics,46415.37,0,None,0.0,0,27.8,2.492,217.586,6.87
2022-01-14,2,A,140000,1,Electronics,40530.23,0,None,0.0,0,38.9,2.617,217.933,7.05
2022-01-21,2,A,140000,1,Electronics,44744.41,0,None,503.77,1,37.6,2.498,218.021,7.01
2022-01-28,2,A,140000,1,Electronics,40295.97,0,None,0.0,0,33.9,2.571,217.273,6.8
2022-02-04,2,A,140000,1,Electronics,45861.58,0,None,0.0,0,40.1,2.395,217.675,6.91
2022-02-11,2,A,140000,1,Electronics,52060.93,1,Super Bowl,3578.99,1,43.2,2.407,218.133,6.86
2022-02-18,2,A,140000,1,Electronics,41634.44,0,None,0.0,0,43.4,2.418,218.592,6.92
2022-02-25,2,A,140000,1,Electronics,42121.44,0,None,0.0,0,44.3,2.411,218.002,6.68
2022-03-04,2,A,140000,1,Electronics,39485.15,0,None,0.0,0,42.3,2.214,218.286,6.83
2022-03-11,2,A,140000,1,Electronics,42054.1,0,None,0.0,0,53.5,2.256,217.963,6.86
2022-03-18,2,A,140000,1,Electronics,43134.34,0,None,0.0,0,53.4,2.22,218.056,6.56
2022-03-25,2,A,140000,1,Electronics,42388.55,0,None,0.0,0,51.6,2.186,219.197,6.61
2022-04-01,2,A,140000,1,Electronics,51192.4,0,None,3326.42,1,49.6,2.364,219.607,6.51
2022-04-08,2,A,140000,1,Electronics,44183.39,0,None,1346.98,1,59.6,2.243,219.03,6.68
2022-04-15,2,A,140000,1,Electronics,43909.03,0,None,0.0,0,59.0,2.102,219.705,6.76
2022-04-22,2,A,140000,1,Electronics,43193.99,0,None,0.0,0,66.2,2.274,219.521,6.83
2022-04-29,2,A,140000,1,Electronics,42363.69,0,None,0.0,0,68.3,2.371,219.155,6.67
2022-05-06,2,A,140000,1,Electronics,47329.52,0,None,0.0,0,65.0,2.289,219.796,6.82
2022-05-13,2,A,140000,1,Electronics,45975.38,0,None,2018.95,1,75.4,2.095,220.522,6.5
2022-05-20,2,A,140000,1,Electronics,43377.7,0,None,0.0,0,72.8,2.191,219.872,6.46
2022-05-27,2,A,140000,1,Electronics,54511.01,1,Memorial Day,2866.87,1,75.1,2.349,220.81,6.61
2022-06-03,2,A,140000,1,Electronics,42762.95,0,None,0.0,0,72.3,2.213,218.855,6.64
2022-06-10,2,A,140000,1,Electronics,43817.45,0,None,0.0,0,88.1,2.331,220.713,6.59
2022-06-17,2,A,140000,1,Electronics,51456.13,0,None,3720.7,1,71.2,2.388,220.483,6.37
2022-06-24,2,A,140000,1,Electronics,44298.93,0,None,0.0,0,77.5,2.285,220.427,6.56
2022-07-01,2,A,140000,1,Electronics,39104.33,0,None,0.0,0,74.6,2.392,220.76,6.43
2022-07-08,2,A,140000,1,Electronics,43376.49,0,None,0.0,0,82.0,2.177,219.858,6.61
2022-07-15,2,A,140000,1,Electronics,46899.01,0,None,0.0,0,79.8,2.398,220.879,6.57
2022-07-22,2,A,140000,1,Electronics,48493.59,0,None,0.0,0,83.3,2.507,221.305,6.43
2022-07-29,2,A,140000,1,Electronics,37881.95,0,None,0.0,0,82.9,2.476,222.003,6.46
2022-08-05,2,A,140000,1,Electronics,57948.46,0,None,924.64,1,78.1,2.758,221.142,6.39
2022-08-12,2,A,140000,1,Electronics,58635.6,0,None,2519.65,1,82.0,2.567,221.134,6.48
2022-08-19,2,A,140000,1,Electronics,58910.58,0,None,710.98,1,78.9,2.703,221.425,6.57
2022-08-26,2,A,140000,1,Electronics,56756.62,0,None,0.0,0,74.2,2.806,222.271,6.36
2022-09-02,2,A,140000,1,Electronics,66338.08,0,None,2296.31,1,68.3,2.97,222.115,6.5
2022-09-09,2,A,140000,1,Electronics,69389.64,1,Labor Day,1829.71,1,79.9,2.8,221.823,6.38
2022-09-16,2,A,140000,1,Electronics,58946.82,0,None,0.0,0,69.0,3.069,222.482,6.34
2022-09-23,2,A,140000,1,Electronics,62859.49,0,None,0.0,0,66.5,3.039,222.411,6.4
2022-09-30,2,A,140000,1,Electronics,56378.67,0,None,0.0,0,68.5,3.021,222.984,6.3
2022-10-07,2,A,140000,1,Electronics,42144.49,0,None,0.0,0,71.2,3.199,222.286,6.33
2022-10-14,2,A,140000,1,Electronics,45719.55,0,None,0.0,0,63.8,3.24,222.611,6.26
2022-10-21,2,A,140000,1,Electronics,40505.15,0,None,0.0,0,57.2,3.237,222.716,6.56
2022-10-28,2,A,140000,1,Electronics,44348.66,0,None,0.0,0,55.9,3.351,222.318,6.36
2022-11-04,2,A,140000,1,Electronics,77784.46,0,None,0.0,0,56.8,3.374,223.335,6.27
2022-11-11,2,A,140000,1,Electronics,79115.65,0,None,0.0,0,51.3,3.471,223.455,6.35
2022-11-18,2,A,140000,1,Electronics,74456.16,0,None,0.0,0,45.3,3.571,223.464,6.3
2022-11-25,2,A,140000,1,Electronics,154854.46,1,Thanksgiving / Black Friday,2826.89,1,46.2,3.699,223.482,6.28
2022-12-02,2,A,140000,1,Electronics,168794.9,1,Thanksgiving / Black Friday,4019.35,1,49.2,3.525,223.029,6.35
2022-12-09,2,A,140000,1,Electronics,76964.16,0,None,0.0,0,43.0,3.844,223.663,6.35
2022-12-16,2,A,140000,1,Electronics,89243.42,0,None,4135.31,1,37.4,3.564,223.84,6.21
2022-12-23,2,A,140000,1,Electronics,146885.49,1,Christmas / New Year,1703.87,1,43.9,3.751,223.747,6.2
2022-12-30,2,A,140000,1,Electronics,149213.5,1,Christmas / New Year,2396.63,1,35.8,3.851,224.205,6.22
2023-01-06,2,A,140000,1,Electronics,43523.75,0,None,1804.68,1,32.9,3.863,224.625,6.0
2023-01-13,2,A,140000,1,Electronics,43463.42,0,None,0.0,0,37.6,3.824,225.504,6.07
2023-01-20,2,A,140000,1,Electronics,51888.04,0,None,3576.24,1,36.9,3.887,224.785,6.34
2023-01-27,2,A,140000,1,Electronics,47844.84,0,None,637.73,1,31.0,3.891,224.964,6.36
2023-02-03,2,A,140000,1,Electronics,44553.41,0,None,0.0,0,38.5,3.905,224.935,6.16
2023-02-10,2,A,140000,1,Electronics,57549.78,1,Super Bowl,4152.92,1,37.1,4.038,224.151,6.23
2023-02-17,2,A,140000,1,Electronics,46269.58,0,None,4241.58,1,40.3,4.012,225.234,6.19
2023-02-24,2,A,140000,1,Electronics,42532.35,0,None,0.0,0,49.2,3.938,225.415,6.45
2023-03-03,2,A,140000,1,Electronics,45781.74,0,None,0.0,0,40.5,4.071,226.754,6.25
2023-03-10,2,A,140000,1,Electronics,44195.6,0,None,0.0,0,45.1,4.024,225.563,6.11
2023-03-17,2,A,140000,1,Electronics,47463.09,0,None,0.0,0,47.3,4.062,225.947,6.01
2023-03-24,2,A,140000,1,Electronics,47199.22,0,None,0.0,0,55.7,4.04,225.917,5.94
2023-03-31,2,A,140000,1,Electronics,44206.24,0,None,0.0,0,52.8,3.911,225.487,6.11
2023-04-07,2,A,140000,1,Electronics,43217.13,0,None,0.0,0,58.3,3.917,226.78,6.0
2023-04-14,2,A,140000,1,Electronics,48042.93,0,None,0.0,0,55.6,4.001,226.722,5.92
2023-04-21,2,A,140000,1,Electronics,42925.18,0,None,0.0,0,56.5,3.966,226.879,5.98
2023-04-28,2,A,140000,1,Electronics,43696.69,0,None,1699.72,1,68.3,3.888,226.166,5.93
2023-05-05,2,A,140000,1,Electronics,43486.52,0,None,0.0,0,67.4,3.867,227.46,6.19
2023-05-12,2,A,140000,1,Electronics,48448.5,0,None,0.0,0,69.7,3.925,226.195,6.1
2023-05-19,2,A,140000,1,Electronics,43273.05,0,None,0.0,0,76.5,3.737,227.326,6.0
2023-05-26,2,A,140000,1,Electronics,53914.89,1,Memorial Day,2518.55,1,81.2,3.786,228.266,6.14
2023-06-02,2,A,140000,1,Electronics,44798.43,0,None,0.0,0,76.9,3.681,226.812,5.98
2023-06-09,2,A,140000,1,Electronics,45503.33,0,None,0.0,0,79.5,3.631,227.162,5.88
2023-06-16,2,A,140000,1,Electronics,45805.3,0,None,0.0,0,81.4,3.686,227.632,6.11
2023-06-23,2,A,140000,1,Electronics,39920.13,0,None,0.0,0,81.8,3.612,227.468,5.99
2023-06-30,2,A,140000,1,Electronics,43931.96,0,None,0.0,0,79.3,3.556,227.082,5.82
2023-07-07,2,A,140000,1,Electronics,43419.54,0,None,0.0,0,82.8,3.538,228.029,5.9
2023-07-14,2,A,140000,1,Electronics,47251.89,0,None,0.0,0,81.9,3.377,227.601,5.82
2023-07-21,2,A,140000,1,Electronics,47615.03,0,None,3805.86,1,81.0,3.37,228.506,5.75
2023-07-28,2,A,140000,1,Electronics,41133.9,0,None,0.0,0,81.7,3.23,227.947,5.97
2023-08-04,2,A,140000,1,Electronics,59018.0,0,None,0.0,0,81.0,3.219,229.319,6.06
2023-08-11,2,A,140000,1,Electronics,64665.45,0,None,1016.28,1,82.7,3.121,228.29,5.72
2023-08-18,2,A,140000,1,Electronics,58623.44,0,None,0.0,0,75.3,3.077,228.658,5.9
2023-08-25,2,A,140000,1,Electronics,59887.58,0,None,0.0,0,74.5,3.055,229.363,5.77
2023-09-01,2,A,140000,1,Electronics,56582.0,0,None,0.0,0,76.6,2.88,228.478,5.77
2023-09-08,2,A,140000,1,Electronics,84935.9,1,Labor Day,4064.56,1,72.3,3.052,229.344,5.75
2023-09-15,2,A,140000,1,Electronics,57697.84,0,None,0.0,0,68.9,2.744,230.022,5.71
2023-09-22,2,A,140000,1,Electronics,61204.31,0,None,657.45,1,71.7,2.669,228.702,5.79
2023-09-29,2,A,140000,1,Electronics,59394.0,0,None,0.0,0,60.8,2.802,229.735,5.69
2023-10-06,2,A,140000,1,Electronics,45136.85,0,None,0.0,0,62.4,2.718,229.91,5.79
2023-10-13,2,A,140000,1,Electronics,40302.44,0,None,0.0,0,63.7,2.652,230.308,5.74
2023-10-20,2,A,140000,1,Electronics,44879.61,0,None,0.0,0,55.4,2.601,229.436,5.71
2023-10-27,2,A,140000,1,Electronics,39000.21,0,None,0.0,0,57.7,2.502,229.532,5.63
2023-11-03,2,A,140000,1,Electronics,74678.04,0,None,0.0,0,54.5,2.386,230.591,5.65
2023-11-10,2,A,140000,1,Electronics,81574.53,0,None,0.0,0,52.2,2.422,230.616,5.77
2023-11-17,2,A,140000,1,Electronics,85294.3,0,None,1118.08,1,45.0,2.323,230.73,5.74
2023-11-24,2,A,140000,1,Electronics,155458.64,1,Thanksgiving / Black Friday,1535.17,1,34.0,2.42,230.915,5.58
2023-12-01,2,A,140000,1,Electronics,166820.44,1,Thanksgiving / Black Friday,1712.88,1,42.5,2.299,230.539,5.67
2023-12-08,2,A,140000,1,Electronics,80116.38,0,None,0.0,0,34.5,2.216,231.133,5.73
2023-12-15,2,A,140000,1,Electronics,88680.43,0,None,0.0,0,40.6,2.233,231.3,5.47
2023-12-22,2,A,140000,1,Electronics,168709.53,1,Christmas / New Year,3432.64,1,37.5,2.272,230.934,5.68
2023-12-29,2,A,140000,1,Electronics,149714.92,1,Christmas / New Year,2122.58,1,47.8,2.177,232.361,5.55
2024-01-05,2,A,140000,1,Electronics,46433.49,0,None,0.0,0,42.9,2.145,231.803,5.66
2024-01-12,2,A,140000,1,Electronics,46536.72,0,None,0.0,0,31.9,2.223,231.108,5.51
2024-01-19,2,A,140000,1,Electronics,48796.81,0,None,0.0,0,38.2,2.22,232.169,5.4
2024-01-26,2,A,140000,1,Electronics,46208.73,0,None,2038.06,1,36.2,2.161,231.491,5.4
2024-02-02,2,A,140000,1,Electronics,49231.83,0,None,0.0,0,31.8,2.169,232.509,5.56
2024-02-09,2,A,140000,1,Electronics,57787.51,1,Super Bowl,2805.96,1,40.2,2.235,232.832,5.57
2024-02-16,2,A,140000,1,Electronics,46140.27,0,None,0.0,0,39.7,2.114,231.98,5.44
2024-02-23,2,A,140000,1,Electronics,39686.77,0,None,0.0,0,37.4,2.135,233.009,5.58
2024-03-01,2,A,140000,1,Electronics,48529.47,0,None,0.0,0,47.8,2.213,232.871,5.34
2024-03-08,2,A,140000,1,Electronics,49722.99,0,None,2776.83,1,48.3,2.279,233.213,5.49
2024-03-15,2,A,140000,1,Electronics,44531.11,0,None,0.0,0,53.9,2.351,233.888,5.36
2024-03-22,2,A,140000,1,Electronics,48456.36,0,None,0.0,0,51.2,2.477,232.954,5.4
2024-03-29,2,A,140000,1,Electronics,44606.85,0,None,0.0,0,53.6,2.465,232.837,5.46
2024-04-05,2,A,140000,1,Electronics,46172.03,0,None,0.0,0,52.4,2.424,232.907,5.36
2024-04-12,2,A,140000,1,Electronics,50675.49,0,None,0.0,0,62.0,2.479,233.081,5.39
2024-04-19,2,A,140000,1,Electronics,46073.91,0,None,0.0,0,63.7,2.447,233.588,5.52
2024-04-26,2,A,140000,1,Electronics,46183.17,0,None,0.0,0,63.2,2.575,233.934,5.35
2024-05-03,2,A,140000,1,Electronics,45097.27,0,None,0.0,0,59.8,2.605,234.039,5.48
2024-05-10,2,A,140000,1,Electronics,43516.57,0,None,0.0,0,66.4,2.708,234.452,5.27
2024-05-17,2,A,140000,1,Electronics,49081.4,0,None,0.0,0,64.0,2.672,234.182,5.43
2024-05-24,2,A,140000,1,Electronics,57880.81,1,Memorial Day,2929.3,1,78.5,2.837,235.04,5.5
2024-05-31,2,A,140000,1,Electronics,47724.56,0,None,2884.57,1,74.0,2.977,234.318,5.1
2024-06-07,2,A,140000,1,Electronics,43269.78,0,None,0.0,0,80.8,2.906,235.948,5.26
2024-06-14,2,A,140000,1,Electronics,54283.77,0,None,4313.23,1,78.6,3.008,235.038,5.38
2024-06-21,2,A,140000,1,Electronics,45795.59,0,None,0.0,0,74.5,3.093,234.434,5.29
2024-06-28,2,A,140000,1,Electronics,45733.81,0,None,0.0,0,78.6,3.068,234.465,5.34
2021-01-01,2,A,140000,2,Apparel,27743.8,0,None,0.0,0,32.7,3.139,210.248,7.52
2021-01-08,2,A,140000,2,Apparel,27714.24,0,None,0.0,0,33.2,3.144,210.068,7.49
2021-01-15,2,A,140000,2,Apparel,29999.36,0,None,1767.62,1,40.9,3.281,210.599,7.49
2021-01-22,2,A,140000,2,Apparel,29267.49,0,None,0.0,0,31.2,3.323,211.174,7.39
2021-01-29,2,A,140000,2,Apparel,28257.59,0,None,0.0,0,39.1,3.34,210.432,7.45
2021-02-05,2,A,140000,2,Apparel,32378.88,0,None,3306.26,1,43.9,3.337,210.57,7.49
2021-02-12,2,A,140000,2,Apparel,37241.84,1,Super Bowl,1817.52,1,40.1,3.341,211.614,7.57
2021-02-19,2,A,140000,2,Apparel,30441.63,0,None,0.0,0,44.9,3.483,211.345,7.51
2021-02-26,2,A,140000,2,Apparel,32962.98,0,None,0.0,0,47.1,3.641,210.864,7.62
2021-03-05,2,A,140000,2,Apparel,33273.17,0,None,0.0,0,49.8,3.641,211.508,7.31
2021-03-12,2,A,140000,2,Apparel,33569.39,0,None,0.0,0,42.9,3.574,211.142,7.47
2021-03-19,2,A,140000,2,Apparel,30858.47,0,None,0.0,0,56.0,3.734,211.278,7.39
2021-03-26,2,A,140000,2,Apparel,34482.42,0,None,0.0,0,50.9,3.794,211.769,7.57
2021-04-02,2,A,140000,2,Apparel,33936.08,0,None,0.0,0,58.6,3.733,210.829,7.26
2021-04-09,2,A,140000,2,Apparel,32635.63,0,None,0.0,0,57.5,3.853,211.061,7.25
2021-04-16,2,A,140000,2,Apparel,36316.26,0,None,2516.53,1,59.7,3.879,211.779,7.26
2021-04-23,2,A,140000,2,Apparel,37051.43,0,None,0.0,0,59.3,3.813,211.691,7.09
2021-04-30,2,A,140000,2,Apparel,40965.28,0,None,3603.51,1,68.1,3.959,212.492,7.24
2021-05-07,2,A,140000,2,Apparel,40434.02,0,None,3075.63,1,70.5,3.997,212.019,7.21
2021-05-14,2,A,140000,2,Apparel,40241.69,0,None,0.0,0,75.0,4.057,211.904,7.29
2021-05-21,2,A,140000,2,Apparel,40430.71,0,None,3055.85,1,62.5,4.068,213.48,7.29
2021-05-28,2,A,140000,2,Apparel,43577.12,1,Memorial Day,1670.62,1,71.4,3.883,212.772,7.43
2021-06-04,2,A,140000,2,Apparel,37509.03,0,None,0.0,0,77.0,3.924,213.056,7.33
2021-06-11,2,A,140000,2,Apparel,39432.43,0,None,1082.06,1,79.9,4.041,212.447,7.16
2021-06-18,2,A,140000,2,Apparel,38785.79,0,None,0.0,0,83.7,4.038,213.025,7.12
2021-06-25,2,A,140000,2,Apparel,38904.17,0,None,0.0,0,77.5,4.03,213.49,7.25
2021-07-02,2,A,140000,2,Apparel,38313.13,0,None,949.59,1,85.8,4.286,212.996,7.05
2021-07-09,2,A,140000,2,Apparel,38102.88,0,None,0.0,0,79.4,4.007,213.897,7.36
2021-07-16,2,A,140000,2,Apparel,36659.41,0,None,0.0,0,84.3,4.032,213.546,7.28
2021-07-23,2,A,140000,2,Apparel,38502.17,0,None,0.0,0,83.2,3.994,213.838,7.1
2021-07-30,2,A,140000,2,Apparel,37322.75,0,None,0.0,0,75.9,3.942,213.82,6.97
2021-08-06,2,A,140000,2,Apparel,40387.35,0,None,3286.76,1,79.9,3.833,215.184,7.26
2021-08-13,2,A,140000,2,Apparel,36606.15,0,None,0.0,0,81.5,3.883,214.389,7.1
2021-08-20,2,A,140000,2,Apparel,35876.9,0,None,0.0,0,82.4,3.722,214.004,7.22
2021-08-27,2,A,140000,2,Apparel,34649.19,0,None,0.0,0,73.0,3.723,215.082,6.93
2021-09-03,2,A,140000,2,Apparel,36582.75,0,None,1949.17,1,78.0,3.658,214.197,7.02
2021-09-10,2,A,140000,2,Apparel,41719.19,1,Labor Day,2337.37,1,76.0,3.655,215.049,7.07
2021-09-17,2,A,140000,2,Apparel,33348.5,0,None,0.0,0,67.7,3.784,214.103,7.06
2021-09-24,2,A,140000,2,Apparel,31535.86,0,None,0.0,0,70.2,3.396,214.556,7.0
2021-10-01,2,A,140000,2,Apparel,31499.64,0,None,0.0,0,65.4,3.545,215.456,7.09
2021-10-08,2,A,140000,2,Apparel,32827.51,0,None,0.0,0,53.8,3.305,215.864,6.91
2021-10-15,2,A,140000,2,Apparel,29800.07,0,None,0.0,0,65.1,3.337,215.718,6.99
2021-10-22,2,A,140000,2,Apparel,32807.02,0,None,3122.04,1,52.8,3.403,215.711,7.0
2021-10-29,2,A,140000,2,Apparel,29892.18,0,None,0.0,0,52.8,3.26,215.756,7.03
2021-11-05,2,A,140000,2,Apparel,29956.97,0,None,0.0,0,56.1,3.107,215.305,7.04
2021-11-12,2,A,140000,2,Apparel,28844.02,0,None,0.0,0,47.5,3.074,215.821,6.84
2021-11-19,2,A,140000,2,Apparel,28764.65,0,None,0.0,0,41.5,3.123,216.088,6.79
2021-11-26,2,A,140000,2,Apparel,55021.02,1,Thanksgiving / Black Friday,2702.28,1,47.4,2.949,216.985,7.06
2021-12-03,2,A,140000,2,Apparel,52402.59,1,Thanksgiving / Black Friday,1869.58,1,48.2,2.963,216.765,6.95
2021-12-10,2,A,140000,2,Apparel,27423.39,0,None,0.0,0,42.3,2.888,215.849,6.83
2021-12-17,2,A,140000,2,Apparel,29937.73,0,None,1236.99,1,41.9,2.773,217.03,7.05
2021-12-24,2,A,140000,2,Apparel,54970.2,1,Christmas / New Year,3861.39,1,36.9,2.938,216.813,6.9
2021-12-31,2,A,140000,2,Apparel,52575.0,1,Christmas / New Year,1806.96,1,39.8,2.76,216.804,6.99
2022-01-07,2,A,140000,2,Apparel,30972.81,0,None,0.0,0,31.3,2.492,217.586,6.87
2022-01-14,2,A,140000,2,Apparel,28643.66,0,None,0.0,0,45.4,2.617,217.933,7.05
2022-01-21,2,A,140000,2,Apparel,31342.91,0,None,0.0,0,40.7,2.498,218.021,7.01
2022-01-28,2,A,140000,2,Apparel,29361.15,0,None,0.0,0,40.3,2.571,217.273,6.8
2022-02-04,2,A,140000,2,Apparel,36561.76,0,None,3751.4,1,41.3,2.395,217.675,6.91
2022-02-11,2,A,140000,2,Apparel,39981.43,1,Super Bowl,3625.85,1,45.5,2.407,218.133,6.86
2022-02-18,2,A,140000,2,Apparel,34418.89,0,None,3490.08,1,44.0,2.418,218.592,6.92
2022-02-25,2,A,140000,2,Apparel,33305.38,0,None,0.0,0,46.6,2.411,218.002,6.68
2022-03-04,2,A,140000,2,Apparel,36639.65,0,None,2819.17,1,45.1,2.214,218.286,6.83
2022-03-11,2,A,140000,2,Apparel,36702.86,0,None,1441.53,1,44.2,2.256,217.963,6.86
2022-03-18,2,A,140000,2,Apparel,35852.92,0,None,1076.96,1,49.7,2.22,218.056,6.56
2022-03-25,2,A,140000,2,Apparel,36169.88,0,None,0.0,0,58.7,2.186,219.197,6.61
2022-04-01,2,A,140000,2,Apparel,36911.43,0,None,0.0,0,50.9,2.364,219.607,6.51
2022-04-08,2,A,140000,2,Apparel,35636.84,0,None,0.0,0,53.8,2.243,219.03,6.68
2022-04-15,2,A,140000,2,Apparel,37726.39,0,None,0.0,0,64.3,2.102,219.705,6.76
2022-04-22,2,A,140000,2,Apparel,36449.02,0,None,0.0,0,62.5,2.274,219.521,6.83
2022-04-29,2,A,140000,2,Apparel,38854.6,0,None,0.0,0,59.9,2.371,219.155,6.67
2022-05-06,2,A,140000,2,Apparel,39857.13,0,None,0.0,0,67.1,2.289,219.796,6.82
2022-05-13,2,A,140000,2,Apparel,44266.58,0,None,4373.31,1,71.3,2.095,220.522,6.5
2022-05-20,2,A,140000,2,Apparel,37960.27,0,None,0.0,0,72.2,2.191,219.872,6.46
2022-05-27,2,A,140000,2,Apparel,47071.22,1,Memorial Day,1714.94,1,72.2,2.349,220.81,6.61
2022-06-03,2,A,140000,2,Apparel,37960.99,0,None,0.0,0,72.8,2.213,218.855,6.64
2022-06-10,2,A,140000,2,Apparel,43137.8,0,None,1167.39,1,80.3,2.331,220.713,6.59
2022-06-17,2,A,140000,2,Apparel,41719.14,0,None,0.0,0,74.4,2.388,220.483,6.37
2022-06-24,2,A,140000,2,Apparel,41300.84,0,None,0.0,0,85.1,2.285,220.427,6.56
2022-07-01,2,A,140000,2,Apparel,40389.19,0,None,0.0,0,80.9,2.392,220.76,6.43
2022-07-08,2,A,140000,2,Apparel,37648.56,0,None,0.0,0,78.3,2.177,219.858,6.61
2022-07-15,2,A,140000,2,Apparel,39407.64,0,None,0.0,0,85.2,2.398,220.879,6.57
2022-07-22,2,A,140000,2,Apparel,41067.5,0,None,0.0,0,80.6,2.507,221.305,6.43
2022-07-29,2,A,140000,2,Apparel,35501.31,0,None,0.0,0,75.9,2.476,222.003,6.46
2022-08-05,2,A,140000,2,Apparel,38021.27,0,None,0.0,0,78.2,2.758,221.142,6.39
2022-08-12,2,A,140000,2,Apparel,37158.07,0,None,0.0,0,79.0,2.567,221.134,6.48
2022-08-19,2,A,140000,2,Apparel,37100.86,0,None,0.0,0,77.9,2.703,221.425,6.57
2022-08-26,2,A,140000,2,Apparel,37444.18,0,None,0.0,0,79.4,2.806,222.271,6.36
2022-09-02,2,A,140000,2,Apparel,35747.84,0,None,2001.29,1,70.7,2.97,222.115,6.5
2022-09-09,2,A,140000,2,Apparel,46182.0,1,Labor Day,3792.01,1,73.9,2.8,221.823,6.38
2022-09-16,2,A,140000,2,Apparel,33137.66,0,None,0.0,0,65.4,3.069,222.482,6.34
2022-09-23,2,A,140000,2,Apparel,38204.4,0,None,4138.26,1,68.7,3.039,222.411,6.4
2022-09-30,2,A,140000,2,Apparel,32277.55,0,None,0.0,0,63.0,3.021,222.984,6.3
2022-10-07,2,A,140000,2,Apparel,34528.62,0,None,0.0,0,59.3,3.199,222.286,6.33
2022-10-14,2,A,140000,2,Apparel,34571.7,0,None,4409.75,1,60.1,3.24,222.611,6.26
2022-10-21,2,A,140000,2,Apparel,31066.69,0,None,0.0,0,56.2,3.237,222.716,6.56
2022-10-28,2,A,140000,2,Apparel,32604.47,0,None,1868.9,1,59.4,3.351,222.318,6.36
2022-11-04,2,A,140000,2,Apparel,30137.79,0,None,0.0,0,52.6,3.374,223.335,6.27
2022-11-11,2,A,140000,2,Apparel,31306.25,0,None,726.5,1,53.1,3.471,223.455,6.35
2022-11-18,2,A,140000,2,Apparel,31776.26,0,None,0.0,0,43.6,3.571,223.464,6.3
2022-11-25,2,A,140000,2,Apparel,59438.6,1,Thanksgiving / Black Friday,2283.55,1,45.4,3.699,223.482,6.28
2022-12-02,2,A,140000,2,Apparel,58587.28,1,Thanksgiving / Black Friday,1195.85,1,47.2,3.525,223.029,6.35
2022-12-09,2,A,140000,2,Apparel,31551.42,0,None,1946.16,1,36.4,3.844,223.663,6.35
2022-12-16,2,A,140000,2,Apparel,29735.66,0,None,0.0,0,40.6,3.564,223.84,6.21
2022-12-23,2,A,140000,2,Apparel,56132.5,1,Christmas / New Year,3685.56,1,44.6,3.751,223.747,6.2
2022-12-30,2,A,140000,2,Apparel,56148.02,1,Christmas / New Year,2143.77,1,39.6,3.851,224.205,6.22
2023-01-06,2,A,140000,2,Apparel,29802.88,0,None,0.0,0,43.4,3.863,224.625,6.0
2023-01-13,2,A,140000,2,Apparel,31141.58,0,None,0.0,0,35.3,3.824,225.504,6.07
2023-01-20,2,A,140000,2,Apparel,36661.38,0,None,4338.98,1,30.1,3.887,224.785,6.34
2023-01-27,2,A,140000,2,Apparel,32423.07,0,None,534.48,1,36.6,3.891,224.964,6.36
2023-02-03,2,A,140000,2,Apparel,32169.99,0,None,0.0,0,38.2,3.905,224.935,6.16
2023-02-10,2,A,140000,2,Apparel,38208.07,1,Super Bowl,2190.75,1,40.6,4.038,224.151,6.23
2023-02-17,2,A,140000,2,Apparel,34570.42,0,None,0.0,0,48.8,4.012,225.234,6.19
2023-02-24,2,A,140000,2,Apparel,33389.57,0,None,0.0,0,41.2,3.938,225.415,6.45
2023-03-03,2,A,140000,2,Apparel,34534.36,0,None,0.0,0,42.5,4.071,226.754,6.25
2023-03-10,2,A,140000,2,Apparel,36183.52,0,None,0.0,0,52.3,4.024,225.563,6.11
2023-03-17,2,A,140000,2,Apparel,34201.61,0,None,0.0,0,53.1,4.062,225.947,6.01
2023-03-24,2,A,140000,2,Apparel,33981.37,0,None,0.0,0,52.0,4.04,225.917,5.94
2023-03-31,2,A,140000,2,Apparel,40238.16,0,None,0.0,0,43.4,3.911,225.487,6.11
2023-04-07,2,A,140000,2,Apparel,36095.07,0,None,0.0,0,55.8,3.917,226.78,6.0
2023-04-14,2,A,140000,2,Apparel,39243.4,0,None,0.0,0,59.9,4.001,226.722,5.92
2023-04-21,2,A,140000,2,Apparel,39415.08,0,None,0.0,0,62.0,3.966,226.879,5.98
2023-04-28,2,A,140000,2,Apparel,38117.11,0,None,0.0,0,67.8,3.888,226.166,5.93
2023-05-05,2,A,140000,2,Apparel,40654.34,0,None,0.0,0,68.3,3.867,227.46,6.19
2023-05-12,2,A,140000,2,Apparel,39498.99,0,None,0.0,0,67.0,3.925,226.195,6.1
2023-05-19,2,A,140000,2,Apparel,43286.42,0,None,2125.33,1,75.2,3.737,227.326,6.0
2023-05-26,2,A,140000,2,Apparel,48010.27,1,Memorial Day,2175.69,1,76.2,3.786,228.266,6.14
2023-06-02,2,A,140000,2,Apparel,39246.9,0,None,0.0,0,76.6,3.681,226.812,5.98
2023-06-09,2,A,140000,2,Apparel,42148.9,0,None,0.0,0,81.9,3.631,227.162,5.88
2023-06-16,2,A,140000,2,Apparel,42884.18,0,None,0.0,0,75.3,3.686,227.632,6.11
2023-06-23,2,A,140000,2,Apparel,42677.02,0,None,0.0,0,83.5,3.612,227.468,5.99
2023-06-30,2,A,140000,2,Apparel,45359.29,0,None,1823.66,1,82.4,3.556,227.082,5.82
2023-07-07,2,A,140000,2,Apparel,39748.89,0,None,0.0,0,79.0,3.538,228.029,5.9
2023-07-14,2,A,140000,2,Apparel,38200.16,0,None,0.0,0,79.0,3.377,227.601,5.82
2023-07-21,2,A,140000,2,Apparel,43786.04,0,None,4017.57,1,79.9,3.37,228.506,5.75
2023-07-28,2,A,140000,2,Apparel,39263.87,0,None,0.0,0,82.3,3.23,227.947,5.97
2023-08-04,2,A,140000,2,Apparel,41770.42,0,None,3660.33,1,81.7,3.219,229.319,6.06
2023-08-11,2,A,140000,2,Apparel,37172.41,0,None,0.0,0,80.0,3.121,228.29,5.72
2023-08-18,2,A,140000,2,Apparel,37530.73,0,None,0.0,0,72.3,3.077,228.658,5.9
2023-08-25,2,A,140000,2,Apparel,39651.0,0,None,0.0,0,81.4,3.055,229.363,5.77
2023-09-01,2,A,140000,2,Apparel,37642.17,0,None,0.0,0,72.7,2.88,228.478,5.77
2023-09-08,2,A,140000,2,Apparel,44845.32,1,Labor Day,1303.65,1,74.7,3.052,229.344,5.75
2023-09-15,2,A,140000,2,Apparel,35836.94,0,None,0.0,0,71.7,2.744,230.022,5.71
2023-09-22,2,A,140000,2,Apparel,36046.89,0,None,0.0,0,63.1,2.669,228.702,5.79
2023-09-29,2,A,140000,2,Apparel,31629.59,0,None,0.0,0,65.7,2.802,229.735,5.69
2023-10-06,2,A,140000,2,Apparel,34137.36,0,None,0.0,0,71.1,2.718,229.91,5.79
2023-10-13,2,A,140000,2,Apparel,33193.75,0,None,0.0,0,58.0,2.652,230.308,5.74
2023-10-20,2,A,140000,2,Apparel,35372.48,0,None,3093.03,1,63.7,2.601,229.436,5.71
2023-10-27,2,A,140000,2,Apparel,31346.26,0,None,0.0,0,54.3,2.502,229.532,5.63
2023-11-03,2,A,140000,2,Apparel,32968.06,0,None,0.0,0,52.3,2.386,230.591,5.65
2023-11-10,2,A,140000,2,Apparel,31667.01,0,None,0.0,0,47.3,2.422,230.616,5.77
2023-11-17,2,A,140000,2,Apparel,30718.92,0,None,0.0,0,49.2,2.323,230.73,5.74
2023-11-24,2,A,140000,2,Apparel,57682.62,1,Thanksgiving / Black Friday,2687.66,1,46.9,2.42,230.915,5.58
2023-12-01,2,A,140000,2,Apparel,60273.57,1,Thanksgiving / Black Friday,2171.94,1,43.9,2.299,230.539,5.67
2023-12-08,2,A,140000,2,Apparel,33914.55,0,None,3379.99,1,40.4,2.216,231.133,5.73
2023-12-15,2,A,140000,2,Apparel,30354.71,0,None,0.0,0,37.3,2.233,231.3,5.47
2023-12-22,2,A,140000,2,Apparel,57104.7,1,Christmas / New Year,3056.81,1,42.3,2.272,230.934,5.68
2023-12-29,2,A,140000,2,Apparel,54637.7,1,Christmas / New Year,3994.71,1,34.8,2.177,232.361,5.55
2024-01-05,2,A,140000,2,Apparel,32472.52,0,None,0.0,0,39.2,2.145,231.803,5.66
2024-01-12,2,A,140000,2,Apparel,32225.5,0,None,0.0,0,34.6,2.223,231.108,5.51
2024-01-19,2,A,140000,2,Apparel,32668.59,0,None,0.0,0,34.3,2.22,232.169,5.4
2024-01-26,2,A,140000,2,Apparel,30057.26,0,None,0.0,0,41.6,2.161,231.491,5.4
2024-02-02,2,A,140000,2,Apparel,29267.92,0,None,0.0,0,42.6,2.169,232.509,5.56
2024-02-09,2,A,140000,2,Apparel,41044.75,1,Super Bowl,2461.25,1,37.2,2.235,232.832,5.57
2024-02-16,2,A,140000,2,Apparel,34765.11,0,None,0.0,0,43.1,2.114,231.98,5.44
2024-02-23,2,A,140000,2,Apparel,36608.41,0,None,0.0,0,35.2,2.135,233.009,5.58
2024-03-01,2,A,140000,2,Apparel,35187.25,0,None,0.0,0,42.8,2.213,232.871,5.34
2024-03-08,2,A,140000,2,Apparel,36773.79,0,None,0.0,0,46.3,2.279,233.213,5.49
2024-03-15,2,A,140000,2,Apparel,40466.09,0,None,2342.69,1,50.8,2.351,233.888,5.36
2024-03-22,2,A,140000,2,Apparel,37170.55,0,None,0.0,0,44.4,2.477,232.954,5.4
2024-03-29,2,A,140000,2,Apparel,36811.64,0,None,0.0,0,46.6,2.465,232.837,5.46
2024-04-05,2,A,140000,2,Apparel,42134.71,0,None,0.0,0,54.5,2.424,232.907,5.36
2024-04-12,2,A,140000,2,Apparel,43261.55,0,None,3337.18,1,59.0,2.479,233.081,5.39
2024-04-19,2,A,140000,2,Apparel,42018.23,0,None,0.0,0,61.3,2.447,233.588,5.52
2024-04-26,2,A,140000,2,Apparel,45176.86,0,None,3467.98,1,57.6,2.575,233.934,5.35
2024-05-03,2,A,140000,2,Apparel,40161.68,0,None,0.0,0,66.8,2.605,234.039,5.48
2024-05-10,2,A,140000,2,Apparel,41840.23,0,None,0.0,0,74.9,2.708,234.452,5.27
2024-05-17,2,A,140000,2,Apparel,43565.89,0,None,0.0,0,71.8,2.672,234.182,5.43
2024-05-24,2,A,140000,2,Apparel,54027.79,1,Memorial Day,2679.3,1,73.8,2.837,235.04,5.5
2024-05-31,2,A,140000,2,Apparel,42144.09,0,None,0.0,0,72.3,2.977,234.318,5.1
2024-06-07,2,A,140000,2,Apparel,43464.83,0,None,515.67,1,78.7,2.906,235.948,5.26
2024-06-14,2,A,140000,2,Apparel,42046.62,0,None,0.0,0,85.4,3.008,235.038,5.38
2024-06-21,2,A,140000,2,Apparel,43180.49,0,None,0.0,0,77.5,3.093,234.434,5.29
2024-06-28,2,A,140000,2,Apparel,42810.19,0,None,572.12,1,87.8,3.068,234.465,5.34
2021-01-01,2,A,140000,3,Grocery,68761.46,0,None,0.0,0,34.6,3.139,210.248,7.52
2021-01-08,2,A,140000,3,Grocery,64613.85,0,None,0.0,0,40.3,3.144,210.068,7.49
2021-01-15,2,A,140000,3,Grocery,65900.24,0,None,0.0,0,36.9,3.281,210.599,7.49
2021-01-22,2,A,140000,3,Grocery,73102.74,0,None,0.0,0,40.1,3.323,211.174,7.39
2021-01-29,2,A,140000,3,Grocery,71659.17,0,None,0.0,0,37.7,3.34,210.432,7.45
2021-02-05,2,A,140000,3,Grocery,73416.83,0,None,751.63,1,48.8,3.337,210.57,7.49
2021-02-12,2,A,140000,3,Grocery,81238.03,1,Super Bowl,1044.22,1,44.3,3.341,211.614,7.57
2021-02-19,2,A,140000,3,Grocery,71164.13,0,None,0.0,0,43.0,3.483,211.345,7.51
2021-02-26,2,A,140000,3,Grocery,68043.1,0,None,0.0,0,38.1,3.641,210.864,7.62
2021-03-05,2,A,140000,3,Grocery,75932.92,0,None,0.0,0,44.2,3.641,211.508,7.31
2021-03-12,2,A,140000,3,Grocery,92204.76,0,None,3845.76,1,45.4,3.574,211.142,7.47
2021-03-19,2,A,140000,3,Grocery,77342.64,0,None,0.0,0,55.2,3.734,211.278,7.39
2021-03-26,2,A,140000,3,Grocery,76487.99,0,None,0.0,0,50.2,3.794,211.769,7.57
2021-04-02,2,A,140000,3,Grocery,87667.7,0,None,4380.47,1,56.5,3.733,210.829,7.26
2021-04-09,2,A,140000,3,Grocery,87431.42,0,None,1082.51,1,61.2,3.853,211.061,7.25
2021-04-16,2,A,140000,3,Grocery,84371.11,0,None,0.0,0,65.5,3.879,211.779,7.26
2021-04-23,2,A,140000,3,Grocery,86807.33,0,None,1473.77,1,64.2,3.813,211.691,7.09
2021-04-30,2,A,140000,3,Grocery,95018.75,0,None,3313.12,1,67.3,3.959,212.492,7.24
2021-05-07,2,A,140000,3,Grocery,84775.01,0,None,0.0,0,67.1,3.997,212.019,7.21
2021-05-14,2,A,140000,3,Grocery,87843.87,0,None,0.0,0,65.3,4.057,211.904,7.29
2021-05-21,2,A,140000,3,Grocery,96438.28,0,None,2103.88,1,69.9,4.068,213.48,7.29
2021-05-28,2,A,140000,3,Grocery,109806.36,1,Memorial Day,3712.68,1,71.9,3.883,212.772,7.43
2021-06-04,2,A,140000,3,Grocery,90397.34,0,None,0.0,0,72.4,3.924,213.056,7.33
2021-06-11,2,A,140000,3,Grocery,88039.81,0,None,0.0,0,76.3,4.041,212.447,7.16
2021-06-18,2,A,140000,3,Grocery,94143.95,0,None,3012.83,1,74.9,4.038,213.025,7.12
2021-06-25,2,A,140000,3,Grocery,89578.69,0,None,0.0,0,85.9,4.03,213.49,7.25
2021-07-02,2,A,140000,3,Grocery,94337.62,0,None,2014.81,1,84.8,4.286,212.996,7.05
2021-07-09,2,A,140000,3,Grocery,93096.99,0,None,0.0,0,85.8,4.007,213.897,7.36
2021-07-16,2,A,140000,3,Grocery,84531.18,0,None,0.0,0,83.2,4.032,213.546,7.28
2021-07-23,2,A,140000,3,Grocery,85671.5,0,None,0.0,0,83.3,3.994,213.838,7.1
2021-07-30,2,A,140000,3,Grocery,84601.28,0,None,0.0,0,82.3,3.942,213.82,6.97
2021-08-06,2,A,140000,3,Grocery,95211.45,0,None,2101.32,1,76.5,3.833,215.184,7.26
2021-08-13,2,A,140000,3,Grocery,82548.65,0,None,0.0,0,83.1,3.883,214.389,7.1
2021-08-20,2,A,140000,3,Grocery,90082.43,0,None,3906.15,1,80.3,3.722,214.004,7.22
2021-08-27,2,A,140000,3,Grocery,80499.36,0,None,0.0,0,81.4,3.723,215.082,6.93
2021-09-03,2,A,140000,3,Grocery,81419.12,0,None,0.0,0,72.2,3.658,214.197,7.02
2021-09-10,2,A,140000,3,Grocery,101004.94,1,Labor Day,762.5,1,71.7,3.655,215.049,7.07
2021-09-17,2,A,140000,3,Grocery,75366.8,0,None,0.0,0,75.0,3.784,214.103,7.06
2021-09-24,2,A,140000,3,Grocery,77036.92,0,None,0.0,0,62.5,3.396,214.556,7.0
2021-10-01,2,A,140000,3,Grocery,76429.64,0,None,0.0,0,63.4,3.545,215.456,7.09
2021-10-08,2,A,140000,3,Grocery,77557.35,0,None,2775.25,1,66.5,3.305,215.864,6.91
2021-10-15,2,A,140000,3,Grocery,69513.77,0,None,0.0,0,64.2,3.337,215.718,6.99
2021-10-22,2,A,140000,3,Grocery,70780.11,0,None,0.0,0,56.7,3.403,215.711,7.0
2021-10-29,2,A,140000,3,Grocery,69369.47,0,None,0.0,0,56.0,3.26,215.756,7.03
2021-11-05,2,A,140000,3,Grocery,77237.49,0,None,3398.23,1,55.5,3.107,215.305,7.04
2021-11-12,2,A,140000,3,Grocery,71936.95,0,None,0.0,0,47.0,3.074,215.821,6.84
2021-11-19,2,A,140000,3,Grocery,63532.29,0,None,0.0,0,47.2,3.123,216.088,6.79
2021-11-26,2,A,140000,3,Grocery,125629.74,1,Thanksgiving / Black Friday,1969.36,1,41.6,2.949,216.985,7.06
2021-12-03,2,A,140000,3,Grocery,127729.85,1,Thanksgiving / Black Friday,1947.07,1,44.0,2.963,216.765,6.95
2021-12-10,2,A,140000,3,Grocery,68041.75,0,None,0.0,0,43.1,2.888,215.849,6.83
2021-12-17,2,A,140000,3,Grocery,71576.5,0,None,0.0,0,39.9,2.773,217.03,7.05
2021-12-24,2,A,140000,3,Grocery,107369.96,1,Christmas / New Year,617.2,1,43.3,2.938,216.813,6.9
2021-12-31,2,A,140000,3,Grocery,110162.31,1,Christmas / New Year,2683.0,1,48.2,2.76,216.804,6.99
2022-01-07,2,A,140000,3,Grocery,73784.99,0,None,4302.98,1,37.3,2.492,217.586,6.87
2022-01-14,2,A,140000,3,Grocery,71554.56,0,None,650.26,1,28.4,2.617,217.933,7.05
2022-01-21,2,A,140000,3,Grocery,72557.31,0,None,0.0,0,45.3,2.498,218.021,7.01
2022-01-28,2,A,140000,3,Grocery,69665.39,0,None,1259.74,1,35.2,2.571,217.273,6.8
2022-02-04,2,A,140000,3,Grocery,76132.59,0,None,0.0,0,38.1,2.395,217.675,6.91
2022-02-11,2,A,140000,3,Grocery,88443.39,1,Super Bowl,3798.07,1,45.7,2.407,218.133,6.86
2022-02-18,2,A,140000,3,Grocery,75797.06,0,None,0.0,0,41.3,2.418,218.592,6.92
2022-02-25,2,A,140000,3,Grocery,77119.03,0,None,0.0,0,44.7,2.411,218.002,6.68
2022-03-04,2,A,140000,3,Grocery,78036.01,0,None,2776.92,1,44.5,2.214,218.286,6.83
2022-03-11,2,A,140000,3,Grocery,78870.4,0,None,0.0,0,55.7,2.256,217.963,6.86
2022-03-18,2,A,140000,3,Grocery,81108.0,0,None,0.0,0,50.5,2.22,218.056,6.56
2022-03-25,2,A,140000,3,Grocery,78227.12,0,None,0.0,0,45.8,2.186,219.197,6.61
2022-04-01,2,A,140000,3,Grocery,90897.81,0,None,2514.88,1,58.9,2.364,219.607,6.51
2022-04-08,2,A,140000,3,Grocery,87929.68,0,None,0.0,0,61.3,2.243,219.03,6.68
2022-04-15,2,A,140000,3,Grocery,87877.67,0,None,0.0,0,62.2,2.102,219.705,6.76
2022-04-22,2,A,140000,3,Grocery,94623.44,0,None,0.0,0,66.3,2.274,219.521,6.83
2022-04-29,2,A,140000,3,Grocery,87031.62,0,None,0.0,0,62.5,2.371,219.155,6.67
2022-05-06,2,A,140000,3,Grocery,90007.0,0,None,0.0,0,71.7,2.289,219.796,6.82
2022-05-13,2,A,140000,3,Grocery,91279.01,0,None,0.0,0,67.0,2.095,220.522,6.5
2022-05-20,2,A,140000,3,Grocery,95290.61,0,None,0.0,0,65.3,2.191,219.872,6.46
2022-05-27,2,A,140000,3,Grocery,113585.84,1,Memorial Day,3236.84,1,73.8,2.349,220.81,6.61
2022-06-03,2,A,140000,3,Grocery,89207.92,0,None,0.0,0,77.6,2.213,218.855,6.64
2022-06-10,2,A,140000,3,Grocery,95774.21,0,None,0.0,0,73.6,2.331,220.713,6.59
2022-06-17,2,A,140000,3,Grocery,91959.41,0,None,0.0,0,77.9,2.388,220.483,6.37
2022-06-24,2,A,140000,3,Grocery,93184.14,0,None,0.0,0,75.2,2.285,220.427,6.56
2022-07-01,2,A,140000,3,Grocery,92329.76,0,None,0.0,0,82.3,2.392,220.76,6.43
2022-07-08,2,A,140000,3,Grocery,91584.43,0,None,1549.1,1,83.0,2.177,219.858,6.61
2022-07-15,2,A,140000,3,Grocery,88907.78,0,None,0.0,0,81.1,2.398,220.879,6.57
2022-07-22,2,A,140000,3,Grocery,90900.47,0,None,0.0,0,85.4,2.507,221.305,6.43
2022-07-29,2,A,140000,3,Grocery,93758.03,0,None,0.0,0,81.8,2.476,222.003,6.46
2022-08-05,2,A,140000,3,Grocery,85443.8,0,None,0.0,0,80.9,2.758,221.142,6.39
2022-08-12,2,A,140000,3,Grocery,95196.67,0,None,2618.13,1,80.0,2.567,221.134,6.48
2022-08-19,2,A,140000,3,Grocery,83751.21,0,None,0.0,0,87.4,2.703,221.425,6.57
2022-08-26,2,A,140000,3,Grocery,79503.51,0,None,0.0,0,76.4,2.806,222.271,6.36
2022-09-02,2,A,140000,3,Grocery,84231.28,0,None,0.0,0,71.8,2.97,222.115,6.5
2022-09-09,2,A,140000,3,Grocery,100702.99,1,Labor Day,2122.86,1,67.7,2.8,221.823,6.38
2022-09-16,2,A,140000,3,Grocery,81000.04,0,None,0.0,0,68.8,3.069,222.482,6.34
2022-09-23,2,A,140000,3,Grocery,76864.36,0,None,0.0,0,68.3,3.039,222.411,6.4
2022-09-30,2,A,140000,3,Grocery,79190.14,0,None,0.0,0,65.5,3.021,222.984,6.3
2022-10-07,2,A,140000,3,Grocery,76749.06,0,None,0.0,0,67.4,3.199,222.286,6.33
2022-10-14,2,A,140000,3,Grocery,75006.93,0,None,0.0,0,60.3,3.24,222.611,6.26
2022-10-21,2,A,140000,3,Grocery,78932.29,0,None,2612.71,1,60.6,3.237,222.716,6.56
2022-10-28,2,A,140000,3,Grocery,72723.44,0,None,0.0,0,50.8,3.351,222.318,6.36
2022-11-04,2,A,140000,3,Grocery,69111.29,0,None,0.0,0,46.6,3.374,223.335,6.27
2022-11-11,2,A,140000,3,Grocery,67626.32,0,None,0.0,0,42.2,3.471,223.455,6.35
2022-11-18,2,A,140000,3,Grocery,69937.94,0,None,0.0,0,50.8,3.571,223.464,6.3
2022-11-25,2,A,140000,3,Grocery,123830.96,1,Thanksgiving / Black Friday,603.36,1,41.7,3.699,223.482,6.28
2022-12-02,2,A,140000,3,Grocery,122533.19,1,Thanksgiving / Black Friday,1304.7,1,40.8,3.525,223.029,6.35
2022-12-09,2,A,140000,3,Grocery,72737.36,0,None,839.06,1,38.6,3.844,223.663,6.35
2022-12-16,2,A,140000,3,Grocery,71141.03,0,None,0.0,0,43.2,3.564,223.84,6.21
2022-12-23,2,A,140000,3,Grocery,112904.23,1,Christmas / New Year,709.33,1,42.8,3.751,223.747,6.2
2022-12-30,2,A,140000,3,Grocery,113451.68,1,Christmas / New Year,3696.33,1,40.3,3.851,224.205,6.22
2023-01-06,2,A,140000,3,Grocery,70621.93,0,None,0.0,0,38.4,3.863,224.625,6.0
2023-01-13,2,A,140000,3,Grocery,77603.21,0,None,3670.16,1,35.8,3.824,225.504,6.07
2023-01-20,2,A,140000,3,Grocery,75576.64,0,None,0.0,0,42.4,3.887,224.785,6.34
2023-01-27,2,A,140000,3,Grocery,76459.36,0,None,0.0,0,39.1,3.891,224.964,6.36
2023-02-03,2,A,140000,3,Grocery,81309.13,0,None,0.0,0,34.7,3.905,224.935,6.16
2023-02-10,2,A,140000,3,Grocery,88800.0,1,Super Bowl,1254.0,1,37.1,4.038,224.151,6.23
2023-02-17,2,A,140000,3,Grocery,80447.04,0,None,2736.55,1,34.9,4.012,225.234,6.19
2023-02-24,2,A,140000,3,Grocery,80744.5,0,None,0.0,0,43.6,3.938,225.415,6.45
2023-03-03,2,A,140000,3,Grocery,79281.12,0,None,0.0,0,37.1,4.071,226.754,6.25
2023-03-10,2,A,140000,3,Grocery,87115.32,0,None,3519.73,1,53.1,4.024,225.563,6.11
2023-03-17,2,A,140000,3,Grocery,83582.45,0,None,0.0,0,47.6,4.062,225.947,6.01
2023-03-24,2,A,140000,3,Grocery,80562.84,0,None,0.0,0,48.2,4.04,225.917,5.94
2023-03-31,2,A,140000,3,Grocery,87400.74,0,None,0.0,0,59.1,3.911,225.487,6.11
2023-04-07,2,A,140000,3,Grocery,98249.82,0,None,4025.03,1,57.4,3.917,226.78,6.0
2023-04-14,2,A,140000,3,Grocery,88265.15,0,None,0.0,0,58.2,4.001,226.722,5.92
2023-04-21,2,A,140000,3,Grocery,90717.4,0,None,0.0,0,57.1,3.966,226.879,5.98
2023-04-28,2,A,140000,3,Grocery,90551.21,0,None,0.0,0,66.1,3.888,226.166,5.93
2023-05-05,2,A,140000,3,Grocery,96000.85,0,None,1264.25,1,58.0,3.867,227.46,6.19
2023-05-12,2,A,140000,3,Grocery,97908.07,0,None,0.0,0,76.0,3.925,226.195,6.1
2023-05-19,2,A,140000,3,Grocery,93684.65,0,None,0.0,0,71.1,3.737,227.326,6.0
2023-05-26,2,A,140000,3,Grocery,114823.13,1,Memorial Day,1507.99,1,73.2,3.786,228.266,6.14
2023-06-02,2,A,140000,3,Grocery,91065.58,0,None,0.0,0,79.6,3.681,226.812,5.98
2023-06-09,2,A,140000,3,Grocery,93326.06,0,None,0.0,0,83.0,3.631,227.162,5.88
2023-06-16,2,A,140000,3,Grocery,101854.22,0,None,2647.44,1,79.7,3.686,227.632,6.11
2023-06-23,2,A,140000,3,Grocery,93877.57,0,None,0.0,0,82.2,3.612,227.468,5.99
2023-06-30,2,A,140000,3,Grocery,95261.63,0,None,907.39,1,84.6,3.556,227.082,5.82
2023-07-07,2,A,140000,3,Grocery,100762.42,0,None,0.0,0,84.4,3.538,228.029,5.9
2023-07-14,2,A,140000,3,Grocery,108614.67,0,None,2125.47,1,82.1,3.377,227.601,5.82
2023-07-21,2,A,140000,3,Grocery,95051.68,0,None,0.0,0,77.5,3.37,228.506,5.75
2023-07-28,2,A,140000,3,Grocery,98068.75,0,None,0.0,0,79.5,3.23,227.947,5.97
2023-08-04,2,A,140000,3,Grocery,92735.69,0,None,0.0,0,82.6,3.219,229.319,6.06
2023-08-11,2,A,140000,3,Grocery,86282.64,0,None,0.0,0,76.0,3.121,228.29,5.72
2023-08-18,2,A,140000,3,Grocery,86722.3,0,None,0.0,0,82.9,3.077,228.658,5.9
2023-08-25,2,A,140000,3,Grocery,89694.28,0,None,0.0,0,77.1,3.055,229.363,5.77
2023-09-01,2,A,140000,3,Grocery,85315.17,0,None,0.0,0,77.2,2.88,228.478,5.77
2023-09-08,2,A,140000,3,Grocery,107658.2,1,Labor Day,2142.39,1,74.5,3.052,229.344,5.75
2023-09-15,2,A,140000,3,Grocery,88077.51,0,None,3959.98,1,71.9,2.744,230.022,5.71
2023-09-22,2,A,140000,3,Grocery,77751.34,0,None,0.0,0,65.6,2.669,228.702,5.79
2023-09-29,2,A,140000,3,Grocery,79274.88,0,None,0.0,0,63.3,2.802,229.735,5.69
2023-10-06,2,A,140000,3,Grocery,73997.21,0,None,0.0,0,59.7,2.718,229.91,5.79
2023-10-13,2,A,140000,3,Grocery,78403.65,0,None,0.0,0,57.0,2.652,230.308,5.74
2023-10-20,2,A,140000,3,Grocery,74954.31,0,None,0.0,0,59.0,2.601,229.436,5.71
2023-10-27,2,A,140000,3,Grocery,77321.73,0,None,1882.51,1,56.6,2.502,229.532,5.63
2023-11-03,2,A,140000,3,Grocery,77302.79,0,None,1026.84,1,55.1,2.386,230.591,5.65
2023-11-10,2,A,140000,3,Grocery,76936.67,0,None,0.0,0,53.6,2.422,230.616,5.77
2023-11-17,2,A,140000,3,Grocery,74509.33,0,None,0.0,0,57.9,2.323,230.73,5.74
2023-11-24,2,A,140000,3,Grocery,122874.19,1,Thanksgiving / Black Friday,1737.47,1,43.9,2.42,230.915,5.58
2023-12-01,2,A,140000,3,Grocery,134080.58,1,Thanksgiving / Black Friday,2673.94,1,38.5,2.299,230.539,5.67
2023-12-08,2,A,140000,3,Grocery,76382.79,0,None,0.0,0,37.6,2.216,231.133,5.73
2023-12-15,2,A,140000,3,Grocery,75374.28,0,None,0.0,0,42.2,2.233,231.3,5.47
2023-12-22,2,A,140000,3,Grocery,123662.42,1,Christmas / New Year,1678.81,1,37.3,2.272,230.934,5.68
2023-12-29,2,A,140000,3,Grocery,117982.79,1,Christmas / New Year,2015.82,1,40.5,2.177,232.361,5.55
2024-01-05,2,A,140000,3,Grocery,74482.01,0,None,0.0,0,30.7,2.145,231.803,5.66
2024-01-12,2,A,140000,3,Grocery,76985.54,0,None,0.0,0,41.0,2.223,231.108,5.51
2024-01-19,2,A,140000,3,Grocery,75530.03,0,None,0.0,0,34.2,2.22,232.169,5.4
2024-01-26,2,A,140000,3,Grocery,79393.35,0,None,2251.13,1,43.0,2.161,231.491,5.4
2024-02-02,2,A,140000,3,Grocery,83383.13,0,None,0.0,0,35.5,2.169,232.509,5.56
2024-02-09,2,A,140000,3,Grocery,89444.36,1,Super Bowl,858.61,1,34.8,2.235,232.832,5.57
2024-02-16,2,A,140000,3,Grocery,80979.08,0,None,0.0,0,40.9,2.114,231.98,5.44
2024-02-23,2,A,140000,3,Grocery,82478.6,0,None,0.0,0,49.0,2.135,233.009,5.58
2024-03-01,2,A,140000,3,Grocery,93140.35,0,None,2752.66,1,47.6,2.213,232.871,5.34
2024-03-08,2,A,140000,3,Grocery,81761.06,0,None,0.0,0,48.3,2.279,233.213,5.49
2024-03-15,2,A,140000,3,Grocery,86305.18,0,None,0.0,0,47.0,2.351,233.888,5.36
2024-03-22,2,A,140000,3,Grocery,94984.54,0,None,2298.33,1,51.2,2.477,232.954,5.4
2024-03-29,2,A,140000,3,Grocery,88044.5,0,None,0.0,0,59.5,2.465,232.837,5.46
2024-04-05,2,A,140000,3,Grocery,97726.54,0,None,1156.25,1,53.4,2.424,232.907,5.36
2024-04-12,2,A,140000,3,Grocery,92822.16,0,None,0.0,0,57.3,2.479,233.081,5.39
2024-04-19,2,A,140000,3,Grocery,100493.45,0,None,3980.1,1,65.7,2.447,233.588,5.52
2024-04-26,2,A,140000,3,Grocery,99418.85,0,None,0.0,0,67.0,2.575,233.934,5.35
2024-05-03,2,A,140000,3,Grocery,96514.31,0,None,0.0,0,64.2,2.605,234.039,5.48
2024-05-10,2,A,140000,3,Grocery,101822.38,0,None,0.0,0,61.4,2.708,234.452,5.27
2024-05-17,2,A,140000,3,Grocery,99491.79,0,None,0.0,0,68.8,2.672,234.182,5.43
2024-05-24,2,A,140000,3,Grocery,121270.23,1,Memorial Day,3803.55,1,79.2,2.837,235.04,5.5
2024-05-31,2,A,140000,3,Grocery,94073.61,0,None,0.0,0,70.0,2.977,234.318,5.1
2024-06-07,2,A,140000,3,Grocery,97998.63,0,None,0.0,0,77.0,2.906,235.948,5.26
2024-06-14,2,A,140000,3,Grocery,99373.76,0,None,0.0,0,78.3,3.008,235.038,5.38
2024-06-21,2,A,140000,3,Grocery,101817.33,0,None,0.0,0,74.6,3.093,234.434,5.29
2024-06-28,2,A,140000,3,Grocery,95413.54,0,None,0.0,0,84.6,3.068,234.465,5.34
2021-01-01,2,A,140000,4,Home & Garden,21732.86,0,None,0.0,0,33.7,3.139,210.248,7.52
2021-01-08,2,A,140000,4,Home & Garden,22436.24,0,None,1442.26,1,43.9,3.144,210.068,7.49
2021-01-15,2,A,140000,4,Home & Garden,22459.47,0,None,0.0,0,45.4,3.281,210.599,7.49
2021-01-22,2,A,140000,4,Home & Garden,21679.1,0,None,1354.15,1,35.9,3.323,211.174,7.39
2021-01-29,2,A,140000,4,Home & Garden,21931.1,0,None,0.0,0,45.4,3.34,210.432,7.45
2021-02-05,2,A,140000,4,Home & Garden,23227.27,0,None,0.0,0,35.9,3.337,210.57,7.49
2021-02-12,2,A,140000,4,Home & Garden,24831.81,1,Super Bowl,1137.58,1,34.5,3.341,211.614,7.57
2021-02-19,2,A,140000,4,Home & Garden,21281.87,0,None,0.0,0,36.7,3.483,211.345,7.51
2021-02-26,2,A,140000,4,Home & Garden,23030.33,0,None,0.0,0,44.2,3.641,210.864,7.62
2021-03-05,2,A,140000,4,Home & Garden,22223.07,0,None,0.0,0,39.5,3.641,211.508,7.31
2021-03-12,2,A,140000,4,Home & Garden,22122.19,0,None,4136.02,1,50.4,3.574,211.142,7.47
2021-03-19,2,A,140000,4,Home & Garden,22320.92,0,None,0.0,0,51.0,3.734,211.278,7.39
2021-03-26,2,A,140000,4,Home & Garden,21215.75,0,None,0.0,0,47.2,3.794,211.769,7.57
2021-04-02,2,A,140000,4,Home & Garden,40145.81,0,None,0.0,0,54.8,3.733,210.829,7.26
2021-04-09,2,A,140000,4,Home & Garden,37736.61,0,None,0.0,0,55.7,3.853,211.061,7.25
2021-04-16,2,A,140000,4,Home & Garden,40154.86,0,None,0.0,0,57.9,3.879,211.779,7.26
2021-04-23,2,A,140000,4,Home & Garden,41515.89,0,None,1786.75,1,59.6,3.813,211.691,7.09
2021-04-30,2,A,140000,4,Home & Garden,37748.17,0,None,0.0,0,65.1,3.959,212.492,7.24
2021-05-07,2,A,140000,4,Home & Garden,42718.0,0,None,2539.94,1,63.1,3.997,212.019,7.21
2021-05-14,2,A,140000,4,Home & Garden,38487.26,0,None,0.0,0,69.9,4.057,211.904,7.29
2021-05-21,2,A,140000,4,Home & Garden,37491.14,0,None,0.0,0,62.9,4.068,213.48,7.29
2021-05-28,2,A,140000,4,Home & Garden,43473.59,1,Memorial Day,1418.87,1,67.5,3.883,212.772,7.43
2021-06-04,2,A,140000,4,Home & Garden,40897.74,0,None,1423.92,1,79.6,3.924,213.056,7.33
2021-06-11,2,A,140000,4,Home & Garden,39481.21,0,None,0.0,0,79.5,4.041,212.447,7.16
2021-06-18,2,A,140000,4,Home & Garden,38659.0,0,None,1361.44,1,79.2,4.038,213.025,7.12
2021-06-25,2,A,140000,4,Home & Garden,39323.89,0,None,0.0,0,78.4,4.03,213.49,7.25
2021-07-02,2,A,140000,4,Home & Garden,22590.42,0,None,0.0,0,84.4,4.286,212.996,7.05
2021-07-09,2,A,140000,4,Home & Garden,22193.98,0,None,0.0,0,76.2,4.007,213.897,7.36
2021-07-16,2,A,140000,4,Home & Garden,23268.54,0,None,0.0,0,80.1,4.032,213.546,7.28
2021-07-23,2,A,140000,4,Home & Garden,22175.54,0,None,0.0,0,87.4,3.994,213.838,7.1
2021-07-30,2,A,140000,4,Home & Garden,22440.26,0,None,4290.49,1,77.9,3.942,213.82,6.97
2021-08-06,2,A,140000,4,Home & Garden,20425.2,0,None,0.0,0,79.5,3.833,215.184,7.26
2021-08-13,2,A,140000,4,Home & Garden,22760.95,0,None,0.0,0,79.4,3.883,214.389,7.1
2021-08-20,2,A,140000,4,Home & Garden,23281.15,0,None,2765.29,1,81.4,3.722,214.004,7.22
2021-08-27,2,A,140000,4,Home & Garden,22243.71,0,None,0.0,0,78.0,3.723,215.082,6.93
2021-09-03,2,A,140000,4,Home & Garden,23039.53,0,None,0.0,0,81.1,3.658,214.197,7.02
2021-09-10,2,A,140000,4,Home & Garden,28571.77,1,Labor Day,3209.2,1,64.0,3.655,215.049,7.07
2021-09-17,2,A,140000,4,Home & Garden,22984.19,0,None,0.0,0,70.4,3.784,214.103,7.06
2021-09-24,2,A,140000,4,Home & Garden,21774.73,0,None,0.0,0,67.3,3.396,214.556,7.0
2021-10-01,2,A,140000,4,Home & Garden,23888.06,0,None,0.0,0,63.7,3.545,215.456,7.09
2021-10-08,2,A,140000,4,Home & Garden,22938.78,0,None,0.0,0,57.8,3.305,215.864,6.91
2021-10-15,2,A,140000,4,Home & Garden,21376.25,0,None,2153.37,1,54.9,3.337,215.718,6.99
2021-10-22,2,A,140000,4,Home & Garden,23053.29,0,None,0.0,0,63.7,3.403,215.711,7.0
2021-10-29,2,A,140000,4,Home & Garden,23986.18,0,None,1276.52,1,57.2,3.26,215.756,7.03
2021-11-05,2,A,140000,4,Home & Garden,22098.73,0,None,0.0,0,52.4,3.107,215.305,7.04
2021-11-12,2,A,140000,4,Home & Garden,21383.86,0,None,0.0,0,53.1,3.074,215.821,6.84
2021-11-19,2,A,140000,4,Home & Garden,24013.92,0,None,4287.61,1,47.1,3.123,216.088,6.79
2021-11-26,2,A,140000,4,Home & Garden,40612.81,1,Thanksgiving / Black Friday,833.52,1,42.3,2.949,216.985,7.06
2021-12-03,2,A,140000,4,Home & Garden,42088.82,1,Thanksgiving / Black Friday,3168.15,1,46.4,2.963,216.765,6.95
2021-12-10,2,A,140000,4,Home & Garden,23166.36,0,None,0.0,0,44.6,2.888,215.849,6.83
2021-12-17,2,A,140000,4,Home & Garden,23292.84,0,None,0.0,0,43.0,2.773,217.03,7.05
2021-12-24,2,A,140000,4,Home & Garden,35533.53,1,Christmas / New Year,500.96,1,30.4,2.938,216.813,6.9
2021-12-31,2,A,140000,4,Home & Garden,36587.33,1,Christmas / New Year,1501.93,1,36.0,2.76,216.804,6.99
2022-01-07,2,A,140000,4,Home & Garden,23659.61,0,None,2517.05,1,41.6,2.492,217.586,6.87
2022-01-14,2,A,140000,4,Home & Garden,24115.66,0,None,1925.62,1,40.2,2.617,217.933,7.05
2022-01-21,2,A,140000,4,Home & Garden,22603.32,0,None,0.0,0,44.6,2.498,218.021,7.01
2022-01-28,2,A,140000,4,Home & Garden,23971.77,0,None,4437.29,1,48.6,2.571,217.273,6.8
2022-02-04,2,A,140000,4,Home & Garden,23446.94,0,None,0.0,0,38.0,2.395,217.675,6.91
2022-02-11,2,A,140000,4,Home & Garden,28717.09,1,Super Bowl,2847.07,1,34.0,2.407,218.133,6.86
2022-02-18,2,A,140000,4,Home & Garden,24537.26,0,None,0.0,0,41.1,2.418,218.592,6.92
2022-02-25,2,A,140000,4,Home & Garden,22353.43,0,None,0.0,0,34.3,2.411,218.002,6.68
2022-03-04,2,A,140000,4,Home & Garden,24324.84,0,None,0.0,0,50.7,2.214,218.286,6.83
2022-03-11,2,A,140000,4,Home & Garden,24681.42,0,None,1320.75,1,44.5,2.256,217.963,6.86
2022-03-18,2,A,140000,4,Home & Garden,22868.96,0,None,0.0,0,49.6,2.22,218.056,6.56
2022-03-25,2,A,140000,4,Home & Garden,23126.85,0,None,0.0,0,55.3,2.186,219.197,6.61
2022-04-01,2,A,140000,4,Home & Garden,40186.61,0,None,0.0,0,53.7,2.364,219.607,6.51
2022-04-08,2,A,140000,4,Home & Garden,39370.62,0,None,0.0,0,60.1,2.243,219.03,6.68
2022-04-15,2,A,140000,4,Home & Garden,40184.87,0,None,0.0,0,61.3,2.102,219.705,6.76
2022-04-22,2,A,140000,4,Home & Garden,39591.12,0,None,1231.69,1,60.5,2.274,219.521,6.83
2022-04-29,2,A,140000,4,Home & Garden,40260.93,0,None,0.0,0,57.4,2.371,219.155,6.67
2022-05-06,2,A,140000,4,Home & Garden,44492.11,0,None,2795.9,1,64.6,2.289,219.796,6.82
2022-05-13,2,A,140000,4,Home & Garden,42378.01,0,None,0.0,0,78.4,2.095,220.522,6.5
2022-05-20,2,A,140000,4,Home & Garden,44220.99,0,None,0.0,0,69.6,2.191,219.872,6.46
2022-05-27,2,A,140000,4,Home & Garden,49497.4,1,Memorial Day,573.43,1,73.7,2.349,220.81,6.61
2022-06-03,2,A,140000,4,Home & Garden,40794.48,0,None,0.0,0,82.6,2.213,218.855,6.64
2022-06-10,2,A,140000,4,Home & Garden,44399.25,0,None,1926.89,1,80.1,2.331,220.713,6.59
2022-06-17,2,A,140000,4,Home & Garden,39163.58,0,None,1446.53,1,80.8,2.388,220.483,6.37
2022-06-24,2,A,140000,4,Home & Garden,41941.02,0,None,612.77,1,83.3,2.285,220.427,6.56
2022-07-01,2,A,140000,4,Home & Garden,23576.96,0,None,0.0,0,80.1,2.392,220.76,6.43
2022-07-08,2,A,140000,4,Home & Garden,23245.45,0,None,0.0,0,82.7,2.177,219.858,6.61
2022-07-15,2,A,140000,4,Home & Garden,23856.79,0,None,0.0,0,76.5,2.398,220.879,6.57
2022-07-22,2,A,140000,4,Home & Garden,23297.28,0,None,0.0,0,88.9,2.507,221.305,6.43
2022-07-29,2,A,140000,4,Home & Garden,22695.59,0,None,0.0,0,77.2,2.476,222.003,6.46
2022-08-05,2,A,140000,4,Home & Garden,24522.73,0,None,1612.57,1,70.4,2.758,221.142,6.39
2022-08-12,2,A,140000,4,Home & Garden,25291.03,0,None,0.0,0,78.9,2.567,221.134,6.48
2022-08-19,2,A,140000,4,Home & Garden,25258.43,0,None,2445.77,1,76.3,2.703,221.425,6.57
2022-08-26,2,A,140000,4,Home & Garden,22454.01,0,None,0.0,0,78.1,2.806,222.271,6.36
2022-09-02,2,A,140000,4,Home & Garden,23661.89,0,None,0.0,0,76.1,2.97,222.115,6.5
2022-09-09,2,A,140000,4,Home & Garden,28706.78,1,Labor Day,1559.27,1,70.6,2.8,221.823,6.38
2022-09-16,2,A,140000,4,Home & Garden,23030.86,0,None,0.0,0,71.4,3.069,222.482,6.34
2022-09-23,2,A,140000,4,Home & Garden,23002.9,0,None,0.0,0,62.0,3.039,222.411,6.4
2022-09-30,2,A,140000,4,Home & Garden,23040.29,0,None,0.0,0,66.2,3.021,222.984,6.3
2022-10-07,2,A,140000,4,Home & Garden,20470.51,0,None,0.0,0,64.8,3.199,222.286,6.33
2022-10-14,2,A,140000,4,Home & Garden,25048.96,0,None,0.0,0,65.4,3.24,222.611,6.26
2022-10-21,2,A,140000,4,Home & Garden,24911.07,0,None,0.0,0,59.6,3.237,222.716,6.56
2022-10-28,2,A,140000,4,Home & Garden,21701.83,0,None,0.0,0,58.5,3.351,222.318,6.36
2022-11-04,2,A,140000,4,Home & Garden,24495.33,0,None,0.0,0,51.0,3.374,223.335,6.27
2022-11-11,2,A,140000,4,Home & Garden,23065.91,0,None,0.0,0,49.6,3.471,223.455,6.35
2022-11-18,2,A,140000,4,Home & Garden,23494.01,0,None,0.0,0,48.5,3.571,223.464,6.3
2022-11-25,2,A,140000,4,Home & Garden,45098.61,1,Thanksgiving / Black Friday,1434.5,1,39.5,3.699,223.482,6.28
2022-12-02,2,A,140000,4,Home & Garden,41207.25,1,Thanksgiving / Black Friday,3584.9,1,41.7,3.525,223.029,6.35
2022-12-09,2,A,140000,4,Home & Garden,24758.74,0,None,0.0,0,47.2,3.844,223.663,6.35
2022-12-16,2,A,140000,4,Home & Garden,22186.68,0,None,0.0,0,48.8,3.564,223.84,6.21
2022-12-23,2,A,140000,4,Home & Garden,39056.7,1,Christmas / New Year,3750.93,1,39.5,3.751,223.747,6.2
2022-12-30,2,A,140000,4,Home & Garden,39167.64,1,Christmas / New Year,3564.63,1,39.1,3.851,224.205,6.22
2023-01-06,2,A,140000,4,Home & Garden,23005.16,0,None,0.0,0,36.8,3.863,224.625,6.0
2023-01-13,2,A,140000,4,Home & Garden,24925.29,0,None,0.0,0,35.0,3.824,225.504,6.07
2023-01-20,2,A,140000,4,Home & Garden,23080.59,0,None,0.0,0,36.2,3.887,224.785,6.34
2023-01-27,2,A,140000,4,Home & Garden,23999.58,0,None,0.0,0,35.6,3.891,224.964,6.36
2023-02-03,2,A,140000,4,Home & Garden,23968.45,0,None,0.0,0,35.2,3.905,224.935,6.16
2023-02-10,2,A,140000,4,Home & Garden,28586.98,1,Super Bowl,4149.02,1,41.1,4.038,224.151,6.23
2023-02-17,2,A,140000,4,Home & Garden,23535.54,0,None,0.0,0,38.9,4.012,225.234,6.19
2023-02-24,2,A,140000,4,Home & Garden,23782.52,0,None,0.0,0,43.4,3.938,225.415,6.45
2023-03-03,2,A,140000,4,Home & Garden,26194.8,0,None,0.0,0,43.0,4.071,226.754,6.25
2023-03-10,2,A,140000,4,Home & Garden,22946.76,0,None,0.0,0,45.3,4.024,225.563,6.11
2023-03-17,2,A,140000,4,Home & Garden,21885.79,0,None,0.0,0,57.4,4.062,225.947,6.01
2023-03-24,2,A,140000,4,Home & Garden,25400.6,0,None,3174.19,1,53.3,4.04,225.917,5.94
2023-03-31,2,A,140000,4,Home & Garden,24277.47,0,None,0.0,0,55.3,3.911,225.487,6.11
2023-04-07,2,A,140000,4,Home & Garden,40538.27,0,None,0.0,0,56.3,3.917,226.78,6.0
2023-04-14,2,A,140000,4,Home & Garden,41794.52,0,None,3381.49,1,60.3,4.001,226.722,5.92
2023-04-21,2,A,140000,4,Home & Garden,44213.9,0,None,3179.81,1,61.2,3.966,226.879,5.98
2023-04-28,2,A,140000,4,Home & Garden,42027.14,0,None,0.0,0,55.6,3.888,226.166,5.93
2023-05-05,2,A,140000,4,Home & Garden,41703.69,0,None,0.0,0,67.6,3.867,227.46,6.19
2023-05-12,2,A,140000,4,Home & Garden,40779.43,0,None,0.0,0,68.7,3.925,226.195,6.1
2023-05-19,2,A,140000,4,Home & Garden,44247.97,0,None,0.0,0,71.4,3.737,227.326,6.0
2023-05-26,2,A,140000,4,Home & Garden,49711.5,1,Memorial Day,714.31,1,82.4,3.786,228.266,6.14
2023-06-02,2,A,140000,4,Home & Garden,40931.0,0,None,2516.28,1,72.5,3.681,226.812,5.98
2023-06-09,2,A,140000,4,Home & Garden,42858.66,0,None,0.0,0,79.6,3.631,227.162,5.88
2023-06-16,2,A,140000,4,Home & Garden,40539.86,0,None,924.52,1,82.5,3.686,227.632,6.11
2023-06-23,2,A,140000,4,Home & Garden,41928.94,0,None,0.0,0,80.5,3.612,227.468,5.99
2023-06-30,2,A,140000,4,Home & Garden,40372.16,0,None,0.0,0,76.4,3.556,227.082,5.82
2023-07-07,2,A,140000,4,Home & Garden,24644.19,0,None,0.0,0,83.2,3.538,228.029,5.9
2023-07-14,2,A,140000,4,Home & Garden,25787.68,0,None,4154.91,1,80.7,3.377,227.601,5.82
2023-07-21,2,A,140000,4,Home & Garden,22056.55,0,None,0.0,0,85.3,3.37,228.506,5.75
2023-07-28,2,A,140000,4,Home & Garden,24204.84,0,None,0.0,0,82.4,3.23,227.947,5.97
2023-08-04,2,A,140000,4,Home & Garden,22455.27,0,None,0.0,0,79.3,3.219,229.319,6.06
2023-08-11,2,A,140000,4,Home & Garden,24865.28,0,None,0.0,0,90.8,3.121,228.29,5.72
2023-08-18,2,A,140000,4,Home & Garden,26226.96,0,None,2793.97,1,74.8,3.077,228.658,5.9
2023-08-25,2,A,140000,4,Home & Garden,21836.35,0,None,0.0,0,75.0,3.055,229.363,5.77
2023-09-01,2,A,140000,4,Home & Garden,24661.66,0,None,0.0,0,75.7,2.88,228.478,5.77
2023-09-08,2,A,140000,4,Home & Garden,33602.88,1,Labor Day,4276.17,1,80.9,3.052,229.344,5.75
2023-09-15,2,A,140000,4,Home & Garden,22347.68,0,None,0.0,0,66.8,2.744,230.022,5.71
2023-09-22,2,A,140000,4,Home & Garden,26198.69,0,None,0.0,0,68.2,2.669,228.702,5.79
2023-09-29,2,A,140000,4,Home & Garden,23938.57,0,None,0.0,0,64.2,2.802,229.735,5.69
2023-10-06,2,A,140000,4,Home & Garden,22917.85,0,None,0.0,0,62.2,2.718,229.91,5.79
2023-10-13,2,A,140000,4,Home & Garden,24591.35,0,None,0.0,0,60.7,2.652,230.308,5.74
2023-10-20,2,A,140000,4,Home & Garden,26337.28,0,None,0.0,0,56.4,2.601,229.436,5.71
2023-10-27,2,A,140000,4,Home & Garden,21844.96,0,None,0.0,0,46.0,2.502,229.532,5.63
2023-11-03,2,A,140000,4,Home & Garden,22944.52,0,None,0.0,0,50.8,2.386,230.591,5.65
2023-11-10,2,A,140000,4,Home & Garden,25524.86,0,None,0.0,0,51.1,2.422,230.616,5.77
2023-11-17,2,A,140000,4,Home & Garden,23229.94,0,None,2916.7,1,53.3,2.323,230.73,5.74
2023-11-24,2,A,140000,4,Home & Garden,45217.93,1,Thanksgiving / Black Friday,2855.24,1,48.1,2.42,230.915,5.58
2023-12-01,2,A,140000,4,Home & Garden,43948.34,1,Thanksgiving / Black Friday,1199.15,1,40.2,2.299,230.539,5.67
2023-12-08,2,A,140000,4,Home & Garden,23713.0,0,None,0.0,0,43.0,2.216,231.133,5.73
2023-12-15,2,A,140000,4,Home & Garden,23785.66,0,None,0.0,0,39.4,2.233,231.3,5.47
2023-12-22,2,A,140000,4,Home & Garden,38682.93,1,Christmas / New Year,3099.46,1,32.7,2.272,230.934,5.68
2023-12-29,2,A,140000,4,Home & Garden,37886.11,1,Christmas / New Year,746.43,1,39.8,2.177,232.361,5.55
2024-01-05,2,A,140000,4,Home & Garden,24133.42,0,None,3262.46,1,41.4,2.145,231.803,5.66
2024-01-12,2,A,140000,4,Home & Garden,25208.09,0,None,0.0,0,43.8,2.223,231.108,5.51
2024-01-19,2,A,140000,4,Home & Garden,24897.67,0,None,0.0,0,33.7,2.22,232.169,5.4
2024-01-26,2,A,140000,4,Home & Garden,22779.71,0,None,0.0,0,33.9,2.161,231.491,5.4
2024-02-02,2,A,140000,4,Home & Garden,27706.17,0,None,0.0,0,38.0,2.169,232.509,5.56
2024-02-09,2,A,140000,4,Home & Garden,27491.47,1,Super Bowl,1719.04,1,36.5,2.235,232.832,5.57
2024-02-16,2,A,140000,4,Home & Garden,23084.28,0,None,0.0,0,44.4,2.114,231.98,5.44
2024-02-23,2,A,140000,4,Home & Garden,23741.52,0,None,0.0,0,36.3,2.135,233.009,5.58
2024-03-01,2,A,140000,4,Home & Garden,25958.52,0,None,0.0,0,44.4,2.213,232.871,5.34
2024-03-08,2,A,140000,4,Home & Garden,23138.51,0,None,0.0,0,52.4,2.279,233.213,5.49
2024-03-15,2,A,140000,4,Home & Garden,24811.73,0,None,592.19,1,49.1,2.351,233.888,5.36
2024-03-22,2,A,140000,4,Home & Garden,23953.3,0,None,0.0,0,53.1,2.477,232.954,5.4
2024-03-29,2,A,140000,4,Home & Garden,23202.43,0,None,0.0,0,53.2,2.465,232.837,5.46
2024-04-05,2,A,140000,4,Home & Garden,40141.6,0,None,0.0,0,62.3,2.424,232.907,5.36
2024-04-12,2,A,140000,4,Home & Garden,43430.78,0,None,0.0,0,61.5,2.479,233.081,5.39
2024-04-19,2,A,140000,4,Home & Garden,44556.97,0,None,0.0,0,58.6,2.447,233.588,5.52
2024-04-26,2,A,140000,4,Home & Garden,40655.89,0,None,0.0,0,59.3,2.575,233.934,5.35
2024-05-03,2,A,140000,4,Home & Garden,39014.77,0,None,0.0,0,65.9,2.605,234.039,5.48
2024-05-10,2,A,140000,4,Home & Garden,40711.66,0,None,0.0,0,68.8,2.708,234.452,5.27
2024-05-17,2,A,140000,4,Home & Garden,44255.45,0,None,0.0,0,66.7,2.672,234.182,5.43
2024-05-24,2,A,140000,4,Home & Garden,55784.06,1,Memorial Day,2956.68,1,78.6,2.837,235.04,5.5
2024-05-31,2,A,140000,4,Home & Garden,42272.19,0,None,3983.19,1,74.3,2.977,234.318,5.1
2024-06-07,2,A,140000,4,Home & Garden,43191.85,0,None,0.0,0,79.4,2.906,235.948,5.26
2024-06-14,2,A,140000,4,Home & Garden,43160.24,0,None,0.0,0,83.7,3.008,235.038,5.38
2024-06-21,2,A,140000,4,Home & Garden,46743.4,0,None,0.0,0,76.2,3.093,234.434,5.29
2024-06-28,2,A,140000,4,Home & Garden,43764.49,0,None,0.0,0,77.8,3.068,234.465,5.34
2021-01-01,2,A,140000,5,Toys,18302.33,0,None,0.0,0,40.0,3.139,210.248,7.52
2021-01-08,2,A,140000,5,Toys,19791.76,0,None,0.0,0,34.6,3.144,210.068,7.49
2021-01-15,2,A,140000,5,Toys,18482.66,0,None,790.3,1,38.8,3.281,210.599,7.49
2021-01-22,2,A,140000,5,Toys,20004.9,0,None,0.0,0,40.1,3.323,211.174,7.39
2021-01-29,2,A,140000,5,Toys,19800.7,0,None,1019.13,1,39.3,3.34,210.432,7.45
2021-02-05,2,A,140000,5,Toys,19748.67,0,None,0.0,0,39.8,3.337,210.57,7.49
2021-02-12,2,A,140000,5,Toys,24571.14,1,Super Bowl,4221.79,1,34.1,3.341,211.614,7.57
2021-02-19,2,A,140000,5,Toys,19499.64,0,None,0.0,0,43.5,3.483,211.345,7.51
2021-02-26,2,A,140000,5,Toys,22930.35,0,None,1977.53,1,40.8,3.641,210.864,7.62
2021-03-05,2,A,140000,5,Toys,20068.7,0,None,0.0,0,46.5,3.641,211.508,7.31
2021-03-12,2,A,140000,5,Toys,21050.38,0,None,0.0,0,41.2,3.574,211.142,7.47
2021-03-19,2,A,140000,5,Toys,18722.33,0,None,0.0,0,52.6,3.734,211.278,7.39
2021-03-26,2,A,140000,5,Toys,19827.36,0,None,0.0,0,46.0,3.794,211.769,7.57
2021-04-02,2,A,140000,5,Toys,16874.57,0,None,0.0,0,57.4,3.733,210.829,7.26
2021-04-09,2,A,140000,5,Toys,19246.5,0,None,744.87,1,51.4,3.853,211.061,7.25
2021-04-16,2,A,140000,5,Toys,18258.81,0,None,686.74,1,60.1,3.879,211.779,7.26
2021-04-23,2,A,140000,5,Toys,19082.21,0,None,0.0,0,65.9,3.813,211.691,7.09
2021-04-30,2,A,140000,5,Toys,18303.89,0,None,0.0,0,65.7,3.959,212.492,7.24
2021-05-07,2,A,140000,5,Toys,17307.76,0,None,0.0,0,76.0,3.997,212.019,7.21
2021-05-14,2,A,140000,5,Toys,20381.41,0,None,0.0,0,69.4,4.057,211.904,7.29
2021-05-21,2,A,140000,5,Toys,17979.21,0,None,0.0,0,73.0,4.068,213.48,7.29
2021-05-28,2,A,140000,5,Toys,24775.83,1,Memorial Day,3382.47,1,75.9,3.883,212.772,7.43
2021-06-04,2,A,140000,5,Toys,18755.05,0,None,0.0,0,76.5,3.924,213.056,7.33
2021-06-11,2,A,140000,5,Toys,19399.11,0,None,0.0,0,76.6,4.041,212.447,7.16
2021-06-18,2,A,140000,5,Toys,21351.73,0,None,1174.4,1,76.9,4.038,213.025,7.12
2021-06-25,2,A,140000,5,Toys,20071.52,0,None,0.0,0,83.1,4.03,213.49,7.25
2021-07-02,2,A,140000,5,Toys,21197.71,0,None,0.0,0,86.2,4.286,212.996,7.05
2021-07-09,2,A,140000,5,Toys,19137.72,0,None,0.0,0,83.4,4.007,213.897,7.36
2021-07-16,2,A,140000,5,Toys,20109.06,0,None,1268.07,1,89.0,4.032,213.546,7.28
2021-07-23,2,A,140000,5,Toys,17841.36,0,None,0.0,0,84.9,3.994,213.838,7.1
2021-07-30,2,A,140000,5,Toys,18667.73,0,None,0.0,0,83.4,3.942,213.82,6.97
2021-08-06,2,A,140000,5,Toys,19540.33,0,None,0.0,0,83.1,3.833,215.184,7.26
2021-08-13,2,A,140000,5,Toys,18262.67,0,None,0.0,0,74.8,3.883,214.389,7.1
2021-08-20,2,A,140000,5,Toys,19063.22,0,None,4107.66,1,74.0,3.722,214.004,7.22
2021-08-27,2,A,140000,5,Toys,20352.58,0,None,0.0,0,74.1,3.723,215.082,6.93
2021-09-03,2,A,140000,5,Toys,20321.42,0,None,0.0,0,71.2,3.658,214.197,7.02
2021-09-10,2,A,140000,5,Toys,24652.45,1,Labor Day,2763.45,1,71.7,3.655,215.049,7.07
2021-09-17,2,A,140000,5,Toys,19998.16,0,None,0.0,0,66.8,3.784,214.103,7.06
2021-09-24,2,A,140000,5,Toys,19392.61,0,None,0.0,0,69.0,3.396,214.556,7.0
2021-10-01,2,A,140000,5,Toys,17244.49,0,None,0.0,0,66.9,3.545,215.456,7.09
2021-10-08,2,A,140000,5,Toys,18770.37,0,None,0.0,0,66.5,3.305,215.864,6.91
2021-10-15,2,A,140000,5,Toys,18514.22,0,None,0.0,0,60.5,3.337,215.718,6.99
2021-10-22,2,A,140000,5,Toys,19340.96,0,None,2300.1,1,58.0,3.403,215.711,7.0
2021-10-29,2,A,140000,5,Toys,19756.26,0,None,0.0,0,47.1,3.26,215.756,7.03
2021-11-05,2,A,140000,5,Toys,39140.52,0,None,0.0,0,48.6,3.107,215.305,7.04
2021-11-12,2,A,140000,5,Toys,42674.47,0,None,0.0,0,45.7,3.074,215.821,6.84
2021-11-19,2,A,140000,5,Toys,40021.96,0,None,0.0,0,50.8,3.123,216.088,6.79
2021-11-26,2,A,140000,5,Toys,87874.53,1,Thanksgiving / Black Friday,3069.11,1,53.6,2.949,216.985,7.06
2021-12-03,2,A,140000,5,Toys,76512.13,1,Thanksgiving / Black Friday,3611.51,1,41.9,2.963,216.765,6.95
2021-12-10,2,A,140000,5,Toys,44164.58,0,None,0.0,0,41.9,2.888,215.849,6.83
2021-12-17,2,A,140000,5,Toys,43723.94,0,None,0.0,0,44.6,2.773,217.03,7.05
2021-12-24,2,A,140000,5,Toys,80781.54,1,Christmas / New Year,2745.42,1,36.7,2.938,216.813,6.9
2021-12-31,2,A,140000,5,Toys,87572.8,1,Christmas / New Year,2570.52,1,42.7,2.76,216.804,6.99
2022-01-07,2,A,140000,5,Toys,19378.02,0,None,0.0,0,40.1,2.492,217.586,6.87
2022-01-14,2,A,140000,5,Toys,18281.81,0,None,0.0,0,40.9,2.617,217.933,7.05
2022-01-21,2,A,140000,5,Toys,18379.2,0,None,0.0,0,38.0,2.498,218.021,7.01
2022-01-28,2,A,140000,5,Toys,18967.14,0,None,0.0,0,43.0,2.571,217.273,6.8
2022-02-04,2,A,140000,5,Toys,19593.02,0,None,0.0,0,41.6,2.395,217.675,6.91
2022-02-11,2,A,140000,5,Toys,21345.41,1,Super Bowl,2157.72,1,42.3,2.407,218.133,6.86
2022-02-18,2,A,140000,5,Toys,17850.23,0,None,0.0,0,47.1,2.418,218.592,6.92
2022-02-25,2,A,140000,5,Toys,21534.5,0,None,624.23,1,48.9,2.411,218.002,6.68
2022-03-04,2,A,140000,5,Toys,17922.84,0,None,0.0,0,46.7,2.214,218.286,6.83
2022-03-11,2,A,140000,5,Toys,19757.74,0,None,0.0,0,44.9,2.256,217.963,6.86
2022-03-18,2,A,140000,5,Toys,19928.95,0,None,0.0,0,49.6,2.22,218.056,6.56
2022-03-25,2,A,140000,5,Toys,20718.82,0,None,884.5,1,53.2,2.186,219.197,6.61
2022-04-01,2,A,140000,5,Toys,18155.03,0,None,0.0,0,54.2,2.364,219.607,6.51
2022-04-08,2,A,140000,5,Toys,21505.56,0,None,3740.56,1,57.7,2.243,219.03,6.68
2022-04-15,2,A,140000,5,Toys,20252.3,0,None,0.0,0,57.1,2.102,219.705,6.76
2022-04-22,2,A,140000,5,Toys,21502.16,0,None,2915.02,1,58.2,2.274,219.521,6.83
2022-04-29,2,A,140000,5,Toys,22291.5,0,None,0.0,0,62.4,2.371,219.155,6.67
2022-05-06,2,A,140000,5,Toys,22466.75,0,None,3466.55,1,64.4,2.289,219.796,6.82
2022-05-13,2,A,140000,5,Toys,20802.07,0,None,3252.47,1,65.2,2.095,220.522,6.5
2022-05-20,2,A,140000,5,Toys,18597.41,0,None,0.0,0,68.4,2.191,219.872,6.46
2022-05-27,2,A,140000,5,Toys,24496.55,1,Memorial Day,4026.87,1,78.1,2.349,220.81,6.61
2022-06-03,2,A,140000,5,Toys,19381.53,0,None,0.0,0,77.1,2.213,218.855,6.64
2022-06-10,2,A,140000,5,Toys,21015.51,0,None,0.0,0,75.0,2.331,220.713,6.59
2022-06-17,2,A,140000,5,Toys,18678.65,0,None,0.0,0,85.5,2.388,220.483,6.37
2022-06-24,2,A,140000,5,Toys,21868.16,0,None,0.0,0,79.6,2.285,220.427,6.56
2022-07-01,2,A,140000,5,Toys,18294.68,0,None,0.0,0,81.5,2.392,220.76,6.43
2022-07-08,2,A,140000,5,Toys,20583.78,0,None,1864.19,1,76.9,2.177,219.858,6.61
2022-07-15,2,A,140000,5,Toys,19133.82,0,None,0.0,0,82.1,2.398,220.879,6.57
2022-07-22,2,A,140000,5,Toys,17189.59,0,None,0.0,0,81.7,2.507,221.305,6.43
2022-07-29,2,A,140000,5,Toys,19810.33,0,None,0.0,0,80.8,2.476,222.003,6.46
2022-08-05,2,A,140000,5,Toys,19319.04,0,None,0.0,0,79.1,2.758,221.142,6.39
2022-08-12,2,A,140000,5,Toys,18846.85,0,None,0.0,0,73.7,2.567,221.134,6.48
2022-08-19,2,A,140000,5,Toys,21115.44,0,None,992.21,1,74.6,2.703,221.425,6.57
2022-08-26,2,A,140000,5,Toys,18031.68,0,None,0.0,0,78.3,2.806,222.271,6.36
2022-09-02,2,A,140000,5,Toys,19976.81,0,None,0.0,0,73.1,2.97,222.115,6.5
2022-09-09,2,A,140000,5,Toys,22507.51,1,Labor Day,1917.7,1,76.0,2.8,221.823,6.38
2022-09-16,2,A,140000,5,Toys,21186.81,0,None,0.0,0,63.1,3.069,222.482,6.34
2022-09-23,2,A,140000,5,Toys,20696.2,0,None,0.0,0,67.2,3.039,222.411,6.4
2022-09-30,2,A,140000,5,Toys,18817.5,0,None,1301.88,1,57.6,3.021,222.984,6.3
2022-10-07,2,A,140000,5,Toys,19690.48,0,None,0.0,0,61.1,3.199,222.286,6.33
2022-10-14,2,A,140000,5,Toys,18781.01,0,None,0.0,0,55.2,3.24,222.611,6.26
2022-10-21,2,A,140000,5,Toys,17841.02,0,None,0.0,0,63.5,3.237,222.716,6.56
2022-10-28,2,A,140000,5,Toys,21542.58,0,None,2358.76,1,62.5,3.351,222.318,6.36
2022-11-04,2,A,140000,5,Toys,39581.76,0,None,0.0,0,56.9,3.374,223.335,6.27
2022-11-11,2,A,140000,5,Toys,46520.65,0,None,1712.88,1,49.7,3.471,223.455,6.35
2022-11-18,2,A,140000,5,Toys,35394.89,0,None,0.0,0,50.2,3.571,223.464,6.3
2022-11-25,2,A,140000,5,Toys,86119.7,1,Thanksgiving / Black Friday,2142.09,1,44.8,3.699,223.482,6.28
2022-12-02,2,A,140000,5,Toys,84324.31,1,Thanksgiving / Black Friday,1286.75,1,42.0,3.525,223.029,6.35
2022-12-09,2,A,140000,5,Toys,42590.53,0,None,0.0,0,37.5,3.844,223.663,6.35
2022-12-16,2,A,140000,5,Toys,39440.43,0,None,0.0,0,44.4,3.564,223.84,6.21
2022-12-23,2,A,140000,5,Toys,95050.55,1,Christmas / New Year,3088.89,1,45.8,3.751,223.747,6.2
2022-12-30,2,A,140000,5,Toys,83512.09,1,Christmas / New Year,4051.27,1,31.2,3.851,224.205,6.22
2023-01-06,2,A,140000,5,Toys,18756.16,0,None,0.0,0,32.9,3.863,224.625,6.0
2023-01-13,2,A,140000,5,Toys,19757.77,0,None,0.0,0,36.8,3.824,225.504,6.07
2023-01-20,2,A,140000,5,Toys,20654.64,0,None,0.0,0,43.6,3.887,224.785,6.34
2023-01-27,2,A,140000,5,Toys,20734.47,0,None,0.0,0,41.8,3.891,224.964,6.36
2023-02-03,2,A,140000,5,Toys,19245.56,0,None,0.0,0,38.1,3.905,224.935,6.16
2023-02-10,2,A,140000,5,Toys,24932.62,1,Super Bowl,3712.53,1,37.0,4.038,224.151,6.23
2023-02-17,2,A,140000,5,Toys,21411.03,0,None,0.0,0,40.4,4.012,225.234,6.19
2023-02-24,2,A,140000,5,Toys,19399.49,0,None,0.0,0,43.4,3.938,225.415,6.45
2023-03-03,2,A,140000,5,Toys,19927.28,0,None,1479.2,1,45.6,4.071,226.754,6.25
2023-03-10,2,A,140000,5,Toys,22897.14,0,None,2143.84,1,48.9,4.024,225.563,6.11
2023-03-17,2,A,140000,5,Toys,19844.66,0,None,818.35,1,53.5,4.062,225.947,6.01
2023-03-24,2,A,140000,5,Toys,20833.42,0,None,0.0,0,54.2,4.04,225.917,5.94
2023-03-31,2,A,140000,5,Toys,19543.1,0,None,0.0,0,60.4,3.911,225.487,6.11
2023-04-07,2,A,140000,5,Toys,18058.01,0,None,0.0,0,55.9,3.917,226.78,6.0
2023-04-14,2,A,140000,5,Toys,21952.99,0,None,0.0,0,64.4,4.001,226.722,5.92
2023-04-21,2,A,140000,5,Toys,19806.45,0,None,0.0,0,57.3,3.966,226.879,5.98
2023-04-28,2,A,140000,5,Toys,22058.64,0,None,2999.78,1,60.9,3.888,226.166,5.93
2023-05-05,2,A,140000,5,Toys,19574.67,0,None,0.0,0,68.4,3.867,227.46,6.19
2023-05-12,2,A,140000,5,Toys,22801.58,0,None,0.0,0,70.8,3.925,226.195,6.1
2023-05-19,2,A,140000,5,Toys,19892.63,0,None,0.0,0,73.9,3.737,227.326,6.0
2023-05-26,2,A,140000,5,Toys,27394.13,1,Memorial Day,1015.92,1,77.6,3.786,228.266,6.14
2023-06-02,2,A,140000,5,Toys,21024.74,0,None,1599.58,1,73.4,3.681,226.812,5.98
2023-06-09,2,A,140000,5,Toys,18899.13,0,None,0.0,0,76.3,3.631,227.162,5.88
2023-06-16,2,A,140000,5,Toys,21383.59,0,None,0.0,0,79.7,3.686,227.632,6.11
2023-06-23,2,A,140000,5,Toys,19678.59,0,None,0.0,0,84.2,3.612,227.468,5.99
2023-06-30,2,A,140000,5,Toys,20030.02,0,None,0.0,0,78.9,3.556,227.082,5.82
2023-07-07,2,A,140000,5,Toys,20138.67,0,None,0.0,0,76.0,3.538,228.029,5.9
2023-07-14,2,A,140000,5,Toys,21002.89,0,None,0.0,0,87.9,3.377,227.601,5.82
2023-07-21,2,A,140000,5,Toys,19322.45,0,None,0.0,0,85.8,3.37,228.506,5.75
2023-07-28,2,A,140000,5,Toys,20956.11,0,None,1592.64,1,76.8,3.23,227.947,5.97
2023-08-04,2,A,140000,5,Toys,20868.89,0,None,0.0,0,74.8,3.219,229.319,6.06
2023-08-11,2,A,140000,5,Toys,18110.14,0,None,0.0,0,77.3,3.121,228.29,5.72
2023-08-18,2,A,140000,5,Toys,21580.67,0,None,0.0,0,82.0,3.077,228.658,5.9
2023-08-25,2,A,140000,5,Toys,25168.03,0,None,3857.63,1,72.1,3.055,229.363,5.77
2023-09-01,2,A,140000,5,Toys,21906.79,0,None,0.0,0,71.4,2.88,228.478,5.77
2023-09-08,2,A,140000,5,Toys,24362.4,1,Labor Day,2392.85,1,75.4,3.052,229.344,5.75
2023-09-15,2,A,140000,5,Toys,22100.3,0,None,0.0,0,79.0,2.744,230.022,5.71
2023-09-22,2,A,140000,5,Toys,18829.79,0,None,0.0,0,67.8,2.669,228.702,5.79
2023-09-29,2,A,140000,5,Toys,19967.03,0,None,0.0,0,63.4,2.802,229.735,5.69
2023-10-06,2,A,140000,5,Toys,19955.22,0,None,0.0,0,65.1,2.718,229.91,5.79
2023-10-13,2,A,140000,5,Toys,20085.81,0,None,0.0,0,64.5,2.652,230.308,5.74
2023-10-20,2,A,140000,5,Toys,20302.07,0,None,0.0,0,56.2,2.601,229.436,5.71
2023-10-27,2,A,140000,5,Toys,20835.53,0,None,0.0,0,52.8,2.502,229.532,5.63
2023-11-03,2,A,140000,5,Toys,42652.43,0,None,0.0,0,52.0,2.386,230.591,5.65
2023-11-10,2,A,140000,5,Toys,49980.38,0,None,3330.09,1,57.0,2.422,230.616,5.77
2023-11-17,2,A,140000,5,Toys,40771.24,0,None,0.0,0,50.0,2.323,230.73,5.74
2023-11-24,2,A,140000,5,Toys,104346.78,1,Thanksgiving / Black Friday,2422.59,1,42.5,2.42,230.915,5.58
2023-12-01,2,A,140000,5,Toys,79614.19,1,Thanksgiving / Black Friday,1528.47,1,46.8,2.299,230.539,5.67
2023-12-08,2,A,140000,5,Toys,39370.3,0,None,0.0,0,41.0,2.216,231.133,5.73
2023-12-15,2,A,140000,5,Toys,46338.96,0,None,0.0,0,48.1,2.233,231.3,5.47
2023-12-22,2,A,140000,5,Toys,92000.36,1,Christmas / New Year,3833.09,1,43.9,2.272,230.934,5.68
2023-12-29,2,A,140000,5,Toys,85569.95,1,Christmas / New Year,2840.78,1,32.9,2.177,232.361,5.55
2024-01-05,2,A,140000,5,Toys,20346.94,0,None,0.0,0,29.0,2.145,231.803,5.66
2024-01-12,2,A,140000,5,Toys,22922.14,0,None,3232.28,1,36.2,2.223,231.108,5.51
2024-01-19,2,A,140000,5,Toys,20619.92,0,None,0.0,0,38.7,2.22,232.169,5.4
2024-01-26,2,A,140000,5,Toys,20885.41,0,None,0.0,0,43.0,2.161,231.491,5.4
2024-02-02,2,A,140000,5,Toys,23439.02,0,None,0.0,0,41.2,2.169,232.509,5.56
2024-02-09,2,A,140000,5,Toys,23503.22,1,Super Bowl,3764.91,1,34.8,2.235,232.832,5.57
2024-02-16,2,A,140000,5,Toys,21947.73,0,None,0.0,0,43.6,2.114,231.98,5.44
2024-02-23,2,A,140000,5,Toys,19688.71,0,None,0.0,0,46.6,2.135,233.009,5.58
2024-03-01,2,A,140000,5,Toys,19786.98,0,None,0.0,0,52.3,2.213,232.871,5.34
2024-03-08,2,A,140000,5,Toys,23386.93,0,None,2619.34,1,50.7,2.279,233.213,5.49
2024-03-15,2,A,140000,5,Toys,21980.63,0,None,3119.76,1,44.0,2.351,233.888,5.36
2024-03-22,2,A,140000,5,Toys,21415.4,0,None,0.0,0,54.2,2.477,232.954,5.4
2024-03-29,2,A,140000,5,Toys,20426.37,0,None,0.0,0,55.1,2.465,232.837,5.46
2024-04-05,2,A,140000,5,Toys,21048.05,0,None,0.0,0,58.1,2.424,232.907,5.36
2024-04-12,2,A,140000,5,Toys,21465.36,0,None,0.0,0,62.1,2.479,233.081,5.39
2024-04-19,2,A,140000,5,Toys,21642.59,0,None,0.0,0,59.9,2.447,233.588,5.52
2024-04-26,2,A,140000,5,Toys,21570.16,0,None,1714.9,1,64.7,2.575,233.934,5.35
2024-05-03,2,A,140000,5,Toys,22693.79,0,None,0.0,0,70.0,2.605,234.039,5.48
2024-05-10,2,A,140000,5,Toys,22397.42,0,None,4272.08,1,70.8,2.708,234.452,5.27
2024-05-17,2,A,140000,5,Toys,19285.37,0,None,0.0,0,74.5,2.672,234.182,5.43
2024-05-24,2,A,140000,5,Toys,25319.03,1,Memorial Day,3633.16,1,67.9,2.837,235.04,5.5
2024-05-31,2,A,140000,5,Toys,20484.61,0,None,0.0,0,66.0,2.977,234.318,5.1
2024-06-07,2,A,140000,5,Toys,19415.3,0,None,0.0,0,77.5,2.906,235.948,5.26
2024-06-14,2,A,140000,5,Toys,21053.72,0,None,0.0,0,78.4,3.008,235.038,5.38
2024-06-21,2,A,140000,5,Toys,19393.33,0,None,0.0,0,86.2,3.093,234.434,5.29
2024-06-28,2,A,140000,5,Toys,20604.64,0,None,0.0,0,85.0,3.068,234.465,5.34
2021-01-01,2,A,140000,6,Health & Beauty,23204.35,0,None,0.0,0,35.8,3.139,210.248,7.52
2021-01-08,2,A,140000,6,Health & Beauty,23784.54,0,None,0.0,0,39.5,3.144,210.068,7.49
2021-01-15,2,A,140000,6,Health & Beauty,27863.39,0,None,2011.19,1,33.8,3.281,210.599,7.49
2021-01-22,2,A,140000,6,Health & Beauty,25258.85,0,None,0.0,0,33.4,3.323,211.174,7.39
2021-01-29,2,A,140000,6,Health & Beauty,27443.96,0,None,2129.62,1,39.1,3.34,210.432,7.45
2021-02-05,2,A,140000,6,Health & Beauty,26198.09,0,None,0.0,0,41.8,3.337,210.57,7.49
2021-02-12,2,A,140000,6,Health & Beauty,30054.69,1,Super Bowl,734.15,1,39.0,3.341,211.614,7.57
2021-02-19,2,A,140000,6,Health & Beauty,30051.74,0,None,3543.04,1,40.0,3.483,211.345,7.51
2021-02-26,2,A,140000,6,Health & Beauty,31156.95,0,None,0.0,0,42.3,3.641,210.864,7.62
2021-03-05,2,A,140000,6,Health & Beauty,29866.48,0,None,0.0,0,46.6,3.641,211.508,7.31
2021-03-12,2,A,140000,6,Health & Beauty,29043.68,0,None,0.0,0,43.9,3.574,211.142,7.47
2021-03-19,2,A,140000,6,Health & Beauty,28943.71,0,None,0.0,0,52.8,3.734,211.278,7.39
2021-03-26,2,A,140000,6,Health & Beauty,28872.89,0,None,0.0,0,50.9,3.794,211.769,7.57
2021-04-02,2,A,140000,6,Health & Beauty,31424.18,0,None,0.0,0,55.2,3.733,210.829,7.26
2021-04-09,2,A,140000,6,Health & Beauty,34617.21,0,None,2692.09,1,62.6,3.853,211.061,7.25
2021-04-16,2,A,140000,6,Health & Beauty,32509.74,0,None,0.0,0,62.7,3.879,211.779,7.26
2021-04-23,2,A,140000,6,Health & Beauty,32333.04,0,None,0.0,0,59.5,3.813,211.691,7.09
2021-04-30,2,A,140000,6,Health & Beauty,31508.07,0,None,0.0,0,63.8,3.959,212.492,7.24
2021-05-07,2,A,140000,6,Health & Beauty,34439.87,0,None,0.0,0,70.4,3.997,212.019,7.21
2021-05-14,2,A,140000,6,Health & Beauty,33529.23,0,None,0.0,0,69.2,4.057,211.904,7.29
2021-05-21,2,A,140000,6,Health & Beauty,32230.31,0,None,0.0,0,73.3,4.068,213.48,7.29
2021-05-28,2,A,140000,6,Health & Beauty,40107.03,1,Memorial Day,2945.98,1,80.3,3.883,212.772,7.43
2021-06-04,2,A,140000,6,Health & Beauty,35376.18,0,None,778.58,1,81.6,3.924,213.056,7.33
2021-06-11,2,A,140000,6,Health & Beauty,30763.75,0,None,0.0,0,88.3,4.041,212.447,7.16
2021-06-18,2,A,140000,6,Health & Beauty,35172.31,0,None,0.0,0,80.8,4.038,213.025,7.12
2021-06-25,2,A,140000,6,Health & Beauty,33587.28,0,None,0.0,0,73.6,4.03,213.49,7.25
2021-07-02,2,A,140000,6,Health & Beauty,36624.46,0,None,2541.57,1,81.2,4.286,212.996,7.05
2021-07-09,2,A,140000,6,Health & Beauty,33403.11,0,None,0.0,0,83.7,4.007,213.897,7.36
2021-07-16,2,A,140000,6,Health & Beauty,32594.48,0,None,0.0,0,82.3,4.032,213.546,7.28
2021-07-23,2,A,140000,6,Health & Beauty,32481.54,0,None,0.0,0,85.1,3.994,213.838,7.1
2021-07-30,2,A,140000,6,Health & Beauty,33085.59,0,None,0.0,0,79.4,3.942,213.82,6.97
2021-08-06,2,A,140000,6,Health & Beauty,30544.94,0,None,0.0,0,69.9,3.833,215.184,7.26
2021-08-13,2,A,140000,6,Health & Beauty,32366.18,0,None,0.0,0,85.7,3.883,214.389,7.1
2021-08-20,2,A,140000,6,Health & Beauty,30200.11,0,None,0.0,0,80.4,3.722,214.004,7.22
2021-08-27,2,A,140000,6,Health & Beauty,30641.69,0,None,0.0,0,76.4,3.723,215.082,6.93
2021-09-03,2,A,140000,6,Health & Beauty,33015.95,0,None,3801.23,1,69.0,3.658,214.197,7.02
2021-09-10,2,A,140000,6,Health & Beauty,39852.45,1,Labor Day,3477.47,1,76.9,3.655,215.049,7.07
2021-09-17,2,A,140000,6,Health & Beauty,29202.67,0,None,0.0,0,72.1,3.784,214.103,7.06
2021-09-24,2,A,140000,6,Health & Beauty,25785.65,0,None,0.0,0,73.7,3.396,214.556,7.0
2021-10-01,2,A,140000,6,Health & Beauty,28621.49,0,None,0.0,0,60.9,3.545,215.456,7.09
2021-10-08,2,A,140000,6,Health & Beauty,31741.92,0,None,2371.03,1,67.8,3.305,215.864,6.91
2021-10-15,2,A,140000,6,Health & Beauty,26112.27,0,None,0.0,0,58.1,3.337,215.718,6.99
2021-10-22,2,A,140000,6,Health & Beauty,27317.98,0,None,0.0,0,58.2,3.403,215.711,7.0
2021-10-29,2,A,140000,6,Health & Beauty,27128.16,0,None,1134.14,1,47.6,3.26,215.756,7.03
2021-11-05,2,A,140000,6,Health & Beauty,27384.28,0,None,0.0,0,53.2,3.107,215.305,7.04
2021-11-12,2,A,140000,6,Health & Beauty,27472.52,0,None,0.0,0,38.4,3.074,215.821,6.84
2021-11-19,2,A,140000,6,Health & Beauty,24023.41,0,None,0.0,0,46.5,3.123,216.088,6.79
2021-11-26,2,A,140000,6,Health & Beauty,45017.8,1,Thanksgiving / Black Friday,3474.18,1,40.4,2.949,216.985,7.06
2021-12-03,2,A,140000,6,Health & Beauty,46346.73,1,Thanksgiving / Black Friday,1183.04,1,48.8,2.963,216.765,6.95
2021-12-10,2,A,140000,6,Health & Beauty,24492.63,0,None,0.0,0,36.1,2.888,215.849,6.83
2021-12-17,2,A,140000,6,Health & Beauty,25322.36,0,None,0.0,0,40.8,2.773,217.03,7.05
2021-12-24,2,A,140000,6,Health & Beauty,41942.1,1,Christmas / New Year,2466.06,1,42.0,2.938,216.813,6.9
2021-12-31,2,A,140000,6,Health & Beauty,45398.1,1,Christmas / New Year,2924.06,1,39.4,2.76,216.804,6.99
2022-01-07,2,A,140000,6,Health & Beauty,25121.7,0,None,0.0,0,40.9,2.492,217.586,6.87
2022-01-14,2,A,140000,6,Health & Beauty,26584.27,0,None,0.0,0,46.8,2.617,217.933,7.05
2022-01-21,2,A,140000,6,Health & Beauty,28001.02,0,None,0.0,0,40.6,2.498,218.021,7.01
2022-01-28,2,A,140000,6,Health & Beauty,27413.2,0,None,0.0,0,48.1,2.571,217.273,6.8
2022-02-04,2,A,140000,6,Health & Beauty,28172.47,0,None,0.0,0,32.9,2.395,217.675,6.91
2022-02-11,2,A,140000,6,Health & Beauty,31801.36,1,Super Bowl,1901.09,1,40.4,2.407,218.133,6.86
2022-02-18,2,A,140000,6,Health & Beauty,32948.33,0,None,3601.64,1,41.3,2.418,218.592,6.92
2022-02-25,2,A,140000,6,Health & Beauty,30352.14,0,None,2787.32,1,45.2,2.411,218.002,6.68
2022-03-04,2,A,140000,6,Health & Beauty,29869.49,0,None,1021.36,1,42.4,2.214,218.286,6.83
2022-03-11,2,A,140000,6,Health & Beauty,29673.68,0,None,0.0,0,46.1,2.256,217.963,6.86
2022-03-18,2,A,140000,6,Health & Beauty,32676.91,0,None,2850.81,1,48.2,2.22,218.056,6.56
2022-03-25,2,A,140000,6,Health & Beauty,29850.54,0,None,0.0,0,52.0,2.186,219.197,6.61
2022-04-01,2,A,140000,6,Health & Beauty,32999.01,0,None,3116.09,1,52.4,2.364,219.607,6.51
2022-04-08,2,A,140000,6,Health & Beauty,34034.87,0,None,0.0,0,56.0,2.243,219.03,6.68
2022-04-15,2,A,140000,6,Health & Beauty,35081.68,0,None,3642.67,1,60.8,2.102,219.705,6.76
2022-04-22,2,A,140000,6,Health & Beauty,34481.68,0,None,0.0,0,64.0,2.274,219.521,6.83
2022-04-29,2,A,140000,6,Health & Beauty,37166.81,0,None,3071.33,1,64.9,2.371,219.155,6.67
2022-05-06,2,A,140000,6,Health & Beauty,35510.43,0,None,0.0,0,67.3,2.289,219.796,6.82
2022-05-13,2,A,140000,6,Health & Beauty,34280.71,0,None,0.0,0,67.7,2.095,220.522,6.5
2022-05-20,2,A,140000,6,Health & Beauty,34134.84,0,None,0.0,0,66.1,2.191,219.872,6.46
2022-05-27,2,A,140000,6,Health & Beauty,42833.59,1,Memorial Day,2274.4,1,70.9,2.349,220.81,6.61
2022-06-03,2,A,140000,6,Health & Beauty,35667.21,0,None,0.0,0,76.1,2.213,218.855,6.64
2022-06-10,2,A,140000,6,Health & Beauty,35603.32,0,None,0.0,0,75.4,2.331,220.713,6.59
2022-06-17,2,A,140000,6,Health & Beauty,36605.37,0,None,0.0,0,79.1,2.388,220.483,6.37
2022-06-24,2,A,140000,6,Health & Beauty,36564.0,0,None,2555.5,1,83.7,2.285,220.427,6.56
2022-07-01,2,A,140000,6,Health & Beauty,35075.43,0,None,0.0,0,79.2,2.392,220.76,6.43
2022-07-08,2,A,140000,6,Health & Beauty,35012.62,0,None,0.0,0,77.4,2.177,219.858,6.61
2022-07-15,2,A,140000,6,Health & Beauty,33872.74,0,None,1764.42,1,82.6,2.398,220.879,6.57
2022-07-22,2,A,140000,6,Health & Beauty,35367.06,0,None,0.0,0,79.1,2.507,221.305,6.43
2022-07-29,2,A,140000,6,Health & Beauty,34674.02,0,None,0.0,0,82.1,2.476,222.003,6.46
2022-08-05,2,A,140000,6,Health & Beauty,32265.76,0,None,0.0,0,76.3,2.758,221.142,6.39
2022-08-12,2,A,140000,6,Health & Beauty,34584.67,0,None,0.0,0,84.1,2.567,221.134,6.48
2022-08-19,2,A,140000,6,Health & Beauty,31310.16,0,None,0.0,0,77.5,2.703,221.425,6.57
2022-08-26,2,A,140000,6,Health & Beauty,31682.22,0,None,0.0,0,75.4,2.806,222.271,6.36
2022-09-02,2,A,140000,6,Health & Beauty,32410.16,0,None,0.0,0,74.7,2.97,222.115,6.5
2022-09-09,2,A,140000,6,Health & Beauty,41319.3,1,Labor Day,3040.63,1,76.8,2.8,221.823,6.38
2022-09-16,2,A,140000,6,Health & Beauty,29637.62,0,None,0.0,0,71.4,3.069,222.482,6.34
2022-09-23,2,A,140000,6,Health & Beauty,31151.26,0,None,0.0,0,66.2,3.039,222.411,6.4
2022-09-30,2,A,140000,6,Health & Beauty,30599.33,0,None,0.0,0,64.9,3.021,222.984,6.3
2022-10-07,2,A,140000,6,Health & Beauty,29355.36,0,None,0.0,0,65.0,3.199,222.286,6.33
2022-10-14,2,A,140000,6,Health & Beauty,27124.48,0,None,0.0,0,50.0,3.24,222.611,6.26
2022-10-21,2,A,140000,6,Health & Beauty,31130.45,0,None,4158.34,1,51.1,3.237,222.716,6.56
2022-10-28,2,A,140000,6,Health & Beauty,29418.76,0,None,0.0,0,51.9,3.351,222.318,6.36
2022-11-04,2,A,140000,6,Health & Beauty,29896.31,0,None,2874.82,1,48.7,3.374,223.335,6.27
2022-11-11,2,A,140000,6,Health & Beauty,30594.7,0,None,4089.68,1,51.8,3.471,223.455,6.35
2022-11-18,2,A,140000,6,Health & Beauty,27722.25,0,None,0.0,0,48.8,3.571,223.464,6.3
2022-11-25,2,A,140000,6,Health & Beauty,47623.76,1,Thanksgiving / Black Friday,4099.64,1,45.7,3.699,223.482,6.28
2022-12-02,2,A,140000,6,Health & Beauty,45771.89,1,Thanksgiving / Black Friday,2072.68,1,42.0,3.525,223.029,6.35
2022-12-09,2,A,140000,6,Health & Beauty,25758.32,0,None,0.0,0,38.7,3.844,223.663,6.35
2022-12-16,2,A,140000,6,Health & Beauty,26640.0,0,None,0.0,0,42.6,3.564,223.84,6.21
2022-12-23,2,A,140000,6,Health & Beauty,45522.95,1,Christmas / New Year,3573.68,1,38.7,3.751,223.747,6.2
2022-12-30,2,A,140000,6,Health & Beauty,46804.85,1,Christmas / New Year,2354.19,1,40.1,3.851,224.205,6.22
2023-01-06,2,A,140000,6,Health & Beauty,29320.06,0,None,0.0,0,37.8,3.863,224.625,6.0
2023-01-13,2,A,140000,6,Health & Beauty,27604.2,0,None,0.0,0,38.6,3.824,225.504,6.07
2023-01-20,2,A,140000,6,Health & Beauty,28277.57,0,None,0.0,0,38.1,3.887,224.785,6.34
2023-01-27,2,A,140000,6,Health & Beauty,28698.83,0,None,0.0,0,45.3,3.891,224.964,6.36
2023-02-03,2,A,140000,6,Health & Beauty,30587.85,0,None,0.0,0,30.8,3.905,224.935,6.16
2023-02-10,2,A,140000,6,Health & Beauty,35721.51,1,Super Bowl,3944.93,1,38.0,4.038,224.151,6.23
2023-02-17,2,A,140000,6,Health & Beauty,28743.56,0,None,0.0,0,37.1,4.012,225.234,6.19
2023-02-24,2,A,140000,6,Health & Beauty,30257.01,0,None,0.0,0,46.8,3.938,225.415,6.45
2023-03-03,2,A,140000,6,Health & Beauty,32423.7,0,None,0.0,0,49.4,4.071,226.754,6.25
2023-03-10,2,A,140000,6,Health & Beauty,34663.7,0,None,2917.96,1,47.5,4.024,225.563,6.11
2023-03-17,2,A,140000,6,Health & Beauty,33568.06,0,None,0.0,0,48.1,4.062,225.947,6.01
2023-03-24,2,A,140000,6,Health & Beauty,32752.27,0,None,0.0,0,57.0,4.04,225.917,5.94
2023-03-31,2,A,140000,6,Health & Beauty,34076.07,0,None,0.0,0,52.9,3.911,225.487,6.11
2023-04-07,2,A,140000,6,Health & Beauty,35860.02,0,None,0.0,0,59.6,3.917,226.78,6.0
2023-04-14,2,A,140000,6,Health & Beauty,32457.22,0,None,0.0,0,66.3,4.001,226.722,5.92
2023-04-21,2,A,140000,6,Health & Beauty,32012.69,0,None,0.0,0,60.5,3.966,226.879,5.98
2023-04-28,2,A,140000,6,Health & Beauty,35734.49,0,None,0.0,0,72.0,3.888,226.166,5.93
2023-05-05,2,A,140000,6,Health & Beauty,34970.49,0,None,1287.81,1,65.9,3.867,227.46,6.19
2023-05-12,2,A,140000,6,Health & Beauty,35020.26,0,None,0.0,0,68.4,3.925,226.195,6.1
2023-05-19,2,A,140000,6,Health & Beauty,35757.05,0,None,0.0,0,64.1,3.737,227.326,6.0
2023-05-26,2,A,140000,6,Health & Beauty,42747.23,1,Memorial Day,4021.69,1,73.0,3.786,228.266,6.14
2023-06-02,2,A,140000,6,Health & Beauty,41617.48,0,None,2491.91,1,70.5,3.681,226.812,5.98
2023-06-09,2,A,140000,6,Health & Beauty,36026.77,0,None,0.0,0,85.4,3.631,227.162,5.88
2023-06-16,2,A,140000,6,Health & Beauty,34771.68,0,None,0.0,0,76.6,3.686,227.632,6.11
2023-06-23,2,A,140000,6,Health & Beauty,38821.93,0,None,1802.01,1,80.5,3.612,227.468,5.99
2023-06-30,2,A,140000,6,Health & Beauty,35886.91,0,None,0.0,0,78.4,3.556,227.082,5.82
2023-07-07,2,A,140000,6,Health & Beauty,37525.04,0,None,0.0,0,83.7,3.538,228.029,5.9
2023-07-14,2,A,140000,6,Health & Beauty,35931.62,0,None,0.0,0,74.9,3.377,227.601,5.82
2023-07-21,2,A,140000,6,Health & Beauty,35858.78,0,None,2212.08,1,81.4,3.37,228.506,5.75
2023-07-28,2,A,140000,6,Health & Beauty,38036.86,0,None,2575.75,1,84.7,3.23,227.947,5.97
2023-08-04,2,A,140000,6,Health & Beauty,38060.03,0,None,0.0,0,81.0,3.219,229.319,6.06
2023-08-11,2,A,140000,6,Health & Beauty,33772.45,0,None,0.0,0,75.5,3.121,228.29,5.72
2023-08-18,2,A,140000,6,Health & Beauty,33940.17,0,None,0.0,0,81.9,3.077,228.658,5.9
2023-08-25,2,A,140000,6,Health & Beauty,32450.54,0,None,0.0,0,69.6,3.055,229.363,5.77
2023-09-01,2,A,140000,6,Health & Beauty,32086.11,0,None,0.0,0,74.6,2.88,228.478,5.77
2023-09-08,2,A,140000,6,Health & Beauty,42261.76,1,Labor Day,3156.5,1,76.1,3.052,229.344,5.75
2023-09-15,2,A,140000,6,Health & Beauty,33900.78,0,None,0.0,0,69.5,2.744,230.022,5.71
2023-09-22,2,A,140000,6,Health & Beauty,28917.06,0,None,0.0,0,68.8,2.669,228.702,5.79
2023-09-29,2,A,140000,6,Health & Beauty,30023.78,0,None,0.0,0,65.1,2.802,229.735,5.69
2023-10-06,2,A,140000,6,Health & Beauty,29368.25,0,None,0.0,0,57.4,2.718,229.91,5.79
2023-10-13,2,A,140000,6,Health & Beauty,30011.7,0,None,1923.87,1,66.2,2.652,230.308,5.74
2023-10-20,2,A,140000,6,Health & Beauty,28852.69,0,None,0.0,0,55.1,2.601,229.436,5.71
2023-10-27,2,A,140000,6,Health & Beauty,28724.4,0,None,0.0,0,48.2,2.502,229.532,5.63
2023-11-03,2,A,140000,6,Health & Beauty,30767.56,0,None,859.3,1,53.0,2.386,230.591,5.65
2023-11-10,2,A,140000,6,Health & Beauty,27504.95,0,None,0.0,0,56.0,2.422,230.616,5.77
2023-11-17,2,A,140000,6,Health & Beauty,26726.27,0,None,0.0,0,47.1,2.323,230.73,5.74
2023-11-24,2,A,140000,6,Health & Beauty,46867.69,1,Thanksgiving / Black Friday,915.36,1,45.5,2.42,230.915,5.58
2023-12-01,2,A,140000,6,Health & Beauty,48837.43,1,Thanksgiving / Black Friday,1505.72,1,45.3,2.299,230.539,5.67
2023-12-08,2,A,140000,6,Health & Beauty,27624.0,0,None,0.0,0,44.1,2.216,231.133,5.73
2023-12-15,2,A,140000,6,Health & Beauty,30795.19,0,None,3185.47,1,34.6,2.233,231.3,5.47
2023-12-22,2,A,140000,6,Health & Beauty,46114.46,1,Christmas / New Year,1157.57,1,39.6,2.272,230.934,5.68
2023-12-29,2,A,140000,6,Health & Beauty,43445.93,1,Christmas / New Year,1008.72,1,41.0,2.177,232.361,5.55
2024-01-05,2,A,140000,6,Health & Beauty,28701.67,0,None,0.0,0,36.7,2.145,231.803,5.66
2024-01-12,2,A,140000,6,Health & Beauty,27919.96,0,None,0.0,0,31.4,2.223,231.108,5.51
2024-01-19,2,A,140000,6,Health & Beauty,32892.39,0,None,3931.56,1,42.8,2.22,232.169,5.4
2024-01-26,2,A,140000,6,Health & Beauty,28925.65,0,None,0.0,0,33.5,2.161,231.491,5.4
2024-02-02,2,A,140000,6,Health & Beauty,30215.18,0,None,0.0,0,26.0,2.169,232.509,5.56
2024-02-09,2,A,140000,6,Health & Beauty,36705.13,1,Super Bowl,4083.25,1,38.0,2.235,232.832,5.57
2024-02-16,2,A,140000,6,Health & Beauty,31051.64,0,None,0.0,0,48.8,2.114,231.98,5.44
2024-02-23,2,A,140000,6,Health & Beauty,32451.23,0,None,2406.48,1,39.0,2.135,233.009,5.58
2024-03-01,2,A,140000,6,Health & Beauty,31889.75,0,None,0.0,0,48.8,2.213,232.871,5.34
2024-03-08,2,A,140000,6,Health & Beauty,32330.49,0,None,0.0,0,52.1,2.279,233.213,5.49
2024-03-15,2,A,140000,6,Health & Beauty,35011.06,0,None,0.0,0,44.6,2.351,233.888,5.36
2024-03-22,2,A,140000,6,Health & Beauty,31863.42,0,None,0.0,0,47.1,2.477,232.954,5.4
2024-03-29,2,A,140000,6,Health & Beauty,33859.52,0,None,0.0,0,59.1,2.465,232.837,5.46
2024-04-05,2,A,140000,6,Health & Beauty,34756.99,0,None,0.0,0,56.4,2.424,232.907,5.36
2024-04-12,2,A,140000,6,Health & Beauty,34446.43,0,None,0.0,0,62.8,2.479,233.081,5.39
2024-04-19,2,A,140000,6,Health & Beauty,34949.95,0,None,0.0,0,56.2,2.447,233.588,5.52
2024-04-26,2,A,140000,6,Health & Beauty,37612.63,0,None,0.0,0,58.2,2.575,233.934,5.35
2024-05-03,2,A,140000,6,Health & Beauty,40356.5,0,None,2512.27,1,67.9,2.605,234.039,5.48
2024-05-10,2,A,140000,6,Health & Beauty,39251.55,0,None,2794.0,1,70.8,2.708,234.452,5.27
2024-05-17,2,A,140000,6,Health & Beauty,37964.24,0,None,0.0,0,74.9,2.672,234.182,5.43
2024-05-24,2,A,140000,6,Health & Beauty,45091.06,1,Memorial Day,2256.12,1,76.7,2.837,235.04,5.5
2024-05-31,2,A,140000,6,Health & Beauty,36577.32,0,None,0.0,0,76.3,2.977,234.318,5.1
2024-06-07,2,A,140000,6,Health & Beauty,41441.67,0,None,757.96,1,77.9,2.906,235.948,5.26
2024-06-14,2,A,140000,6,Health & Beauty,38499.48,0,None,0.0,0,84.1,3.008,235.038,5.38
2024-06-21,2,A,140000,6,Health & Beauty,40140.73,0,None,0.0,0,81.6,3.093,234.434,5.29
2024-06-28,2,A,140000,6,Health & Beauty,38743.71,0,None,0.0,0,73.6,3.068,234.465,5.34
2021-01-01,3,B,90000,1,Electronics,20579.45,0,None,3186.05,1,37.2,3.139,210.248,7.52
2021-01-08,3,B,90000,1,Electronics,21090.51,0,None,2840.49,1,32.2,3.144,210.068,7.49
2021-01-15,3,B,90000,1,Electronics,20853.64,0,None,0.0,0,37.8,3.281,210.599,7.49
2021-01-22,3,B,90000,1,Electronics,19253.02,0,None,0.0,0,42.0,3.323,211.174,7.39
2021-01-29,3,B,90000,1,Electronics,20783.36,0,None,1589.87,1,43.1,3.34,210.432,7.45
2021-02-05,3,B,90000,1,Electronics,20412.5,0,None,1788.32,1,39.4,3.337,210.57,7.49
2021-02-12,3,B,90000,1,Electronics,25916.25,1,Super Bowl,4273.43,1,41.1,3.341,211.614,7.57
2021-02-19,3,B,90000,1,Electronics,20938.35,0,None,0.0,0,41.0,3.483,211.345,7.51
2021-02-26,3,B,90000,1,Electronics,21691.54,0,None,0.0,0,49.2,3.641,210.864,7.62
2021-03-05,3,B,90000,1,Electronics,20818.7,0,None,0.0,0,51.2,3.641,211.508,7.31
2021-03-12,3,B,90000,1,Electronics,23044.15,0,None,835.22,1,48.8,3.574,211.142,7.47
2021-03-19,3,B,90000,1,Electronics,22429.54,0,None,0.0,0,38.9,3.734,211.278,7.39
2021-03-26,3,B,90000,1,Electronics,20542.36,0,None,0.0,0,45.7,3.794,211.769,7.57
2021-04-02,3,B,90000,1,Electronics,20757.3,0,None,0.0,0,53.0,3.733,210.829,7.26
2021-04-09,3,B,90000,1,Electronics,20413.04,0,None,0.0,0,52.8,3.853,211.061,7.25
2021-04-16,3,B,90000,1,Electronics,20976.16,0,None,0.0,0,61.0,3.879,211.779,7.26
2021-04-23,3,B,90000,1,Electronics,19813.13,0,None,0.0,0,58.7,3.813,211.691,7.09
2021-04-30,3,B,90000,1,Electronics,18967.41,0,None,0.0,0,66.2,3.959,212.492,7.24
2021-05-07,3,B,90000,1,Electronics,21519.48,0,None,0.0,0,64.1,3.997,212.019,7.21
2021-05-14,3,B,90000,1,Electronics,21301.78,0,None,0.0,0,69.0,4.057,211.904,7.29
2021-05-21,3,B,90000,1,Electronics,18953.07,0,None,0.0,0,70.8,4.068,213.48,7.29
2021-05-28,3,B,90000,1,Electronics,25774.91,1,Memorial Day,3796.38,1,76.8,3.883,212.772,7.43
2021-06-04,3,B,90000,1,Electronics,21698.16,0,None,0.0,0,76.1,3.924,213.056,7.33
2021-06-11,3,B,90000,1,Electronics,21646.97,0,None,0.0,0,72.6,4.041,212.447,7.16
2021-06-18,3,B,90000,1,Electronics,17866.45,0,None,0.0,0,80.8,4.038,213.025,7.12
2021-06-25,3,B,90000,1,Electronics,22989.75,0,None,2727.25,1,85.0,4.03,213.49,7.25
2021-07-02,3,B,90000,1,Electronics,19949.79,0,None,0.0,0,88.3,4.286,212.996,7.05
2021-07-09,3,B,90000,1,Electronics,21655.42,0,None,2885.9,1,82.3,4.007,213.897,7.36
2021-07-16,3,B,90000,1,Electronics,18771.1,0,None,0.0,0,81.2,4.032,213.546,7.28
2021-07-23,3,B,90000,1,Electronics,19338.32,0,None,0.0,0,84.3,3.994,213.838,7.1
2021-07-30,3,B,90000,1,Electronics,22000.82,0,None,0.0,0,86.1,3.942,213.82,6.97
2021-08-06,3,B,90000,1,Electronics,28385.22,0,None,0.0,0,86.2,3.833,215.184,7.26
2021-08-13,3,B,90000,1,Electronics,25657.11,0,None,0.0,0,78.9,3.883,214.389,7.1
2021-08-20,3,B,90000,1,Electronics,26288.39,0,None,1861.54,1,80.2,3.722,214.004,7.22
2021-08-27,3,B,90000,1,Electronics,27776.72,0,None,0.0,0,75.6,3.723,215.082,6.93
2021-09-03,3,B,90000,1,Electronics,30385.09,0,None,0.0,0,78.0,3.658,214.197,7.02
2021-09-10,3,B,90000,1,Electronics,35272.22,1,Labor Day,1862.3,1,68.6,3.655,215.049,7.07
2021-09-17,3,B,90000,1,Electronics,25553.05,0,None,0.0,0,63.4,3.784,214.103,7.06
2021-09-24,3,B,90000,1,Electronics,27495.75,0,None,0.0,0,70.3,3.396,214.556,7.0
2021-10-01,3,B,90000,1,Electronics,22795.13,0,None,3751.71,1,64.8,3.545,215.456,7.09
2021-10-08,3,B,90000,1,Electronics,20829.07,0,None,0.0,0,61.5,3.305,215.864,6.91
2021-10-15,3,B,90000,1,Electronics,18514.89,0,None,0.0,0,64.3,3.337,215.718,6.99
2021-10-22,3,B,90000,1,Electronics,19027.96,0,None,0.0,0,58.8,3.403,215.711,7.0
2021-10-29,3,B,90000,1,Electronics,21985.47,0,None,0.0,0,51.1,3.26,215.756,7.03
2021-11-05,3,B,90000,1,Electronics,36203.88,0,None,0.0,0,50.5,3.107,215.305,7.04
2021-11-12,3,B,90000,1,Electronics,35743.51,0,None,0.0,0,51.0,3.074,215.821,6.84
2021-11-19,3,B,90000,1,Electronics,37918.92,0,None,1765.17,1,50.3,3.123,216.088,6.79
2021-11-26,3,B,90000,1,Electronics,76396.89,1,Thanksgiving / Black Friday,2088.91,1,45.2,2.949,216.985,7.06
2021-12-03,3,B,90000,1,Electronics,75871.68,1,Thanksgiving / Black Friday,2566.94,1,43.9,2.963,216.765,6.95
2021-12-10,3,B,90000,1,Electronics,39996.82,0,None,1760.03,1,47.1,2.888,215.849,6.83
2021-12-17,3,B,90000,1,Electronics,36101.13,0,None,0.0,0,40.9,2.773,217.03,7.05
2021-12-24,3,B,90000,1,Electronics,65754.87,1,Christmas / New Year,1304.69,1,36.7,2.938,216.813,6.9
2021-12-31,3,B,90000,1,Electronics,63868.39,1,Christmas / New Year,2517.52,1,44.1,2.76,216.804,6.99
2022-01-07,3,B,90000,1,Electronics,21388.91,0,None,0.0,0,37.2,2.492,217.586,6.87
2022-01-14,3,B,90000,1,Electronics,18768.82,0,None,0.0,0,39.9,2.617,217.933,7.05
2022-01-21,3,B,90000,1,Electronics,21802.31,0,None,0.0,0,39.4,2.498,218.021,7.01
2022-01-28,3,B,90000,1,Electronics,20509.95,0,None,0.0,0,41.6,2.571,217.273,6.8
2022-02-04,3,B,90000,1,Electronics,22322.7,0,None,0.0,0,35.0,2.395,217.675,6.91
2022-02-11,3,B,90000,1,Electronics,24355.68,1,Super Bowl,1817.41,1,37.4,2.407,218.133,6.86
2022-02-18,3,B,90000,1,Electronics,21725.94,0,None,0.0,0,37.8,2.418,218.592,6.92
2022-02-25,3,B,90000,1,Electronics,21162.16,0,None,0.0,0,38.2,2.411,218.002,6.68
2022-03-04,3,B,90000,1,Electronics,22304.52,0,None,0.0,0,42.3,2.214,218.286,6.83
2022-03-11,3,B,90000,1,Electronics,22424.01,0,None,0.0,0,47.7,2.256,217.963,6.86
2022-03-18,3,B,90000,1,Electronics,22441.1,0,None,0.0,0,42.2,2.22,218.056,6.56
2022-03-25,3,B,90000,1,Electronics,22405.6,0,None,1665.17,1,48.3,2.186,219.197,6.61
2022-04-01,3,B,90000,1,Electronics,21468.23,0,None,0.0,0,53.3,2.364,219.607,6.51
2022-04-08,3,B,90000,1,Electronics,19168.68,0,None,0.0,0,57.7,2.243,219.03,6.68
2022-04-15,3,B,90000,1,Electronics,23773.73,0,None,0.0,0,68.5,2.102,219.705,6.76
2022-04-22,3,B,90000,1,Electronics,21225.47,0,None,0.0,0,60.4,2.274,219.521,6.83
2022-04-29,3,B,90000,1,Electronics,21085.29,0,None,0.0,0,69.2,2.371,219.155,6.67
2022-05-06,3,B,90000,1,Electronics,23159.09,0,None,0.0,0,71.3,2.289,219.796,6.82
2022-05-13,3,B,90000,1,Electronics,21501.04,0,None,0.0,0,64.3,2.095,220.522,6.5
2022-05-20,3,B,90000,1,Electronics,21660.03,0,None,0.0,0,79.2,2.191,219.872,6.46
2022-05-27,3,B,90000,1,Electronics,26128.66,1,Memorial Day,3143.9,1,80.5,2.349,220.81,6.61
2022-06-03,3,B,90000,1,Electronics,20076.47,0,None,0.0,0,68.4,2.213,218.855,6.64
2022-06-10,3,B,90000,1,Electronics,23206.78,0,None,0.0,0,76.5,2.331,220.713,6.59
2022-06-17,3,B,90000,1,Electronics,20287.19,0,None,0.0,0,79.8,2.388,220.483,6.37
2022-06-24,3,B,90000,1,Electronics,23536.16,0,None,0.0,0,73.6,2.285,220.427,6.56
2022-07-01,3,B,90000,1,Electronics,21452.59,0,None,0.0,0,89.6,2.392,220.76,6.43
2022-07-08,3,B,90000,1,Electronics,22153.59,0,None,1004.54,1,77.4,2.177,219.858,6.61
2022-07-15,3,B,90000,1,Electronics,22330.54,0,None,0.0,0,84.6,2.398,220.879,6.57
2022-07-22,3,B,90000,1,Electronics,20863.13,0,None,0.0,0,81.1,2.507,221.305,6.43
2022-07-29,3,B,90000,1,Electronics,21856.29,0,None,0.0,0,86.5,2.476,222.003,6.46
2022-08-05,3,B,90000,1,Electronics,28360.1,0,None,1583.85,1,81.7,2.758,221.142,6.39
2022-08-12,3,B,90000,1,Electronics,27566.56,0,None,0.0,0,75.7,2.567,221.134,6.48
2022-08-19,3,B,90000,1,Electronics,29168.39,0,None,0.0,0,75.5,2.703,221.425,6.57
2022-08-26,3,B,90000,1,Electronics,28916.86,0,None,2217.29,1,82.0,2.806,222.271,6.36
2022-09-02,3,B,90000,1,Electronics,30268.09,0,None,0.0,0,73.7,2.97,222.115,6.5
2022-09-09,3,B,90000,1,Electronics,37496.25,1,Labor Day,3413.88,1,76.4,2.8,221.823,6.38
2022-09-16,3,B,90000,1,Electronics,31299.45,0,None,3455.11,1,71.8,3.069,222.482,6.34
2022-09-23,3,B,90000,1,Electronics,28754.09,0,None,0.0,0,68.7,3.039,222.411,6.4
2022-09-30,3,B,90000,1,Electronics,29936.25,0,None,0.0,0,67.9,3.021,222.984,6.3
2022-10-07,3,B,90000,1,Electronics,24073.11,0,None,2504.48,1,62.5,3.199,222.286,6.33
2022-10-14,3,B,90000,1,Electronics,21545.4,0,None,0.0,0,62.6,3.24,222.611,6.26
2022-10-21,3,B,90000,1,Electronics,23584.76,0,None,1817.67,1,54.7,3.237,222.716,6.56
2022-10-28,3,B,90000,1,Electronics,22640.3,0,None,0.0,0,55.0,3.351,222.318,6.36
2022-11-04,3,B,90000,1,Electronics,40337.71,0,None,0.0,0,61.9,3.374,223.335,6.27
2022-11-11,3,B,90000,1,Electronics,38362.79,0,None,0.0,0,48.9,3.471,223.455,6.35
2022-11-18,3,B,90000,1,Electronics,45960.55,0,None,4211.74,1,54.4,3.571,223.464,6.3
2022-11-25,3,B,90000,1,Electronics,84259.04,1,Thanksgiving / Black Friday,1968.7,1,44.1,3.699,223.482,6.28
2022-12-02,3,B,90000,1,Electronics,80840.81,1,Thanksgiving / Black Friday,1838.94,1,43.4,3.525,223.029,6.35
2022-12-09,3,B,90000,1,Electronics,40404.86,0,None,0.0,0,46.2,3.844,223.663,6.35
2022-12-16,3,B,90000,1,Electronics,36236.81,0,None,0.0,0,40.5,3.564,223.84,6.21
2022-12-23,3,B,90000,1,Electronics,71152.18,1,Christmas / New Year,1730.62,1,38.5,3.751,223.747,6.2
2022-12-30,3,B,90000,1,Electronics,73888.58,1,Christmas / New Year,1494.14,1,37.0,3.851,224.205,6.22
2023-01-06,3,B,90000,1,Electronics,21191.17,0,None,0.0,0,35.2,3.863,224.625,6.0
2023-01-13,3,B,90000,1,Electronics,21760.22,0,None,0.0,0,35.9,3.824,225.504,6.07
2023-01-20,3,B,90000,1,Electronics,22991.49,0,None,0.0,0,33.9,3.887,224.785,6.34
2023-01-27,3,B,90000,1,Electronics,21888.22,0,None,0.0,0,44.4,3.891,224.964,6.36
2023-02-03,3,B,90000,1,Electronics,21473.54,0,None,0.0,0,39.1,3.905,224.935,6.16
2023-02-10,3,B,90000,1,Electronics,28160.72,1,Super Bowl,1739.06,1,37.5,4.038,224.151,6.23
2023-02-17,3,B,90000,1,Electronics,20999.77,0,None,0.0,0,43.0,4.012,225.234,6.19
2023-02-24,3,B,90000,1,Electronics,21549.02,0,None,0.0,0,48.5,3.938,225.415,6.45
2023-03-03,3,B,90000,1,Electronics,23222.97,0,None,2171.88,1,45.6,4.071,226.754,6.25
2023-03-10,3,B,90000,1,Electronics,24832.33,0,None,3885.27,1,48.2,4.024,225.563,6.11
2023-03-17,3,B,90000,1,Electronics,20585.95,0,None,0.0,0,55.7,4.062,225.947,6.01
2023-03-24,3,B,90000,1,Electronics,23944.93,0,None,0.0,0,50.3,4.04,225.917,5.94
2023-03-31,3,B,90000,1,Electronics,22328.68,0,None,0.0,0,63.8,3.911,225.487,6.11
2023-04-07,3,B,90000,1,Electronics,21800.33,0,None,0.0,0,58.6,3.917,226.78,6.0
2023-04-14,3,B,90000,1,Electronics,22122.8,0,None,0.0,0,58.1,4.001,226.722,5.92
2023-04-21,3,B,90000,1,Electronics,21681.43,0,None,0.0,0,67.5,3.966,226.879,5.98
2023-04-28,3,B,90000,1,Electronics,21655.31,0,None,0.0,0,62.9,3.888,226.166,5.93
2023-05-05,3,B,90000,1,Electronics,23558.6,0,None,0.0,0,63.7,3.867,227.46,6.19
2023-05-12,3,B,90000,1,Electronics,21191.92,0,None,0.0,0,66.4,3.925,226.195,6.1
2023-05-19,3,B,90000,1,Electronics,23725.47,0,None,0.0,0,73.0,3.737,227.326,6.0
2023-05-26,3,B,90000,1,Electronics,27957.6,1,Memorial Day,3401.56,1,69.5,3.786,228.266,6.14
2023-06-02,3,B,90000,1,Electronics,20849.8,0,None,0.0,0,75.5,3.681,226.812,5.98
2023-06-09,3,B,90000,1,Electronics,21417.73,0,None,0.0,0,77.0,3.631,227.162,5.88
2023-06-16,3,B,90000,1,Electronics,22880.09,0,None,0.0,0,82.1,3.686,227.632,6.11
2023-06-23,3,B,90000,1,Electronics,24105.67,0,None,0.0,0,84.3,3.612,227.468,5.99
2023-06-30,3,B,90000,1,Electronics,22876.15,0,None,0.0,0,79.5,3.556,227.082,5.82
2023-07-07,3,B,90000,1,Electronics,21869.62,0,None,0.0,0,76.9,3.538,228.029,5.9
2023-07-14,3,B,90000,1,Electronics,23596.47,0,None,0.0,0,74.4,3.377,227.601,5.82
2023-07-21,3,B,90000,1,Electronics,22935.07,0,None,0.0,0,82.4,3.37,228.506,5.75
2023-07-28,3,B,90000,1,Electronics,23244.22,0,None,0.0,0,82.9,3.23,227.947,5.97
2023-08-04,3,B,90000,1,Electronics,31144.22,0,None,812.97,1,79.2,3.219,229.319,6.06
2023-08-11,3,B,90000,1,Electronics,32881.31,0,None,3917.38,1,81.3,3.121,228.29,5.72
2023-08-18,3,B,90000,1,Electronics,27971.89,0,None,0.0,0,86.0,3.077,228.658,5.9
2023-08-25,3,B,90000,1,Electronics,34563.12,0,None,0.0,0,75.1,3.055,229.363,5.77
2023-09-01,3,B,90000,1,Electronics,30434.0,0,None,0.0,0,76.7,2.88,228.478,5.77
2023-09-08,3,B,90000,1,Electronics,39774.13,1,Labor Day,3623.14,1,78.0,3.052,229.344,5.75
2023-09-15,3,B,90000,1,Electronics,29389.03,0,None,0.0,0,66.0,2.744,230.022,5.71
2023-09-22,3,B,90000,1,Electronics,28336.52,0,None,1702.62,1,70.6,2.669,228.702,5.79
2023-09-29,3,B,90000,1,Electronics,29573.08,0,None,0.0,0,70.0,2.802,229.735,5.69
2023-10-06,3,B,90000,1,Electronics,23337.41,0,None,0.0,0,55.8,2.718,229.91,5.79
2023-10-13,3,B,90000,1,Electronics,21539.88,0,None,0.0,0,56.4,2.652,230.308,5.74
2023-10-20,3,B,90000,1,Electronics,24828.52,0,None,3247.71,1,45.2,2.601,229.436,5.71
2023-10-27,3,B,90000,1,Electronics,22186.53,0,None,0.0,0,47.7,2.502,229.532,5.63
2023-11-03,3,B,90000,1,Electronics,37393.68,0,None,0.0,0,47.5,2.386,230.591,5.65
2023-11-10,3,B,90000,1,Electronics,41014.59,0,None,0.0,0,50.4,2.422,230.616,5.77
2023-11-17,3,B,90000,1,Electronics,39996.36,0,None,0.0,0,43.8,2.323,230.73,5.74
2023-11-24,3,B,90000,1,Electronics,72091.68,1,Thanksgiving / Black Friday,783.49,1,41.5,2.42,230.915,5.58
2023-12-01,3,B,90000,1,Electronics,84191.64,1,Thanksgiving / Black Friday,2610.5,1,46.1,2.299,230.539,5.67
2023-12-08,3,B,90000,1,Electronics,36797.87,0,None,0.0,0,42.0,2.216,231.133,5.73
2023-12-15,3,B,90000,1,Electronics,38854.51,0,None,0.0,0,46.5,2.233,231.3,5.47
2023-12-22,3,B,90000,1,Electronics,81456.07,1,Christmas / New Year,3876.84,1,43.2,2.272,230.934,5.68
2023-12-29,3,B,90000,1,Electronics,78994.14,1,Christmas / New Year,3791.55,1,37.6,2.177,232.361,5.55
2024-01-05,3,B,90000,1,Electronics,21545.19,0,None,0.0,0,34.5,2.145,231.803,5.66
2024-01-12,3,B,90000,1,Electronics,21815.98,0,None,0.0,0,33.8,2.223,231.108,5.51
2024-01-19,3,B,90000,1,Electronics,22969.51,0,None,1450.06,1,40.3,2.22,232.169,5.4
2024-01-26,3,B,90000,1,Electronics,23904.38,0,None,4382.29,1,29.3,2.161,231.491,5.4
2024-02-02,3,B,90000,1,Electronics,25064.22,0,None,0.0,0,44.2,2.169,232.509,5.56
2024-02-09,3,B,90000,1,Electronics,26579.15,1,Super Bowl,1085.49,1,37.1,2.235,232.832,5.57
2024-02-16,3,B,90000,1,Electronics,23826.19,0,None,0.0,0,40.7,2.114,231.98,5.44
2024-02-23,3,B,90000,1,Electronics,24215.45,0,None,0.0,0,42.3,2.135,233.009,5.58
2024-03-01,3,B,90000,1,Electronics,26269.16,0,None,3442.57,1,41.0,2.213,232.871,5.34
2024-03-08,3,B,90000,1,Electronics,20374.34,0,None,0.0,0,47.3,2.279,233.213,5.49
2024-03-15,3,B,90000,1,Electronics,23624.48,0,None,0.0,0,50.6,2.351,233.888,5.36
2024-03-22,3,B,90000,1,Electronics,24659.41,0,None,4172.77,1,53.6,2.477,232.954,5.4
2024-03-29,3,B,90000,1,Electronics,24317.57,0,None,948.96,1,57.2,2.465,232.837,5.46
2024-04-05,3,B,90000,1,Electronics,23173.54,0,None,0.0,0,51.3,2.424,232.907,5.36
2024-04-12,3,B,90000,1,Electronics,23280.24,0,None,1245.27,1,63.2,2.479,233.081,5.39
2024-04-19,3,B,90000,1,Electronics,22793.09,0,None,0.0,0,59.6,2.447,233.588,5.52
2024-04-26,3,B,90000,1,Electronics,24100.55,0,None,3088.28,1,63.8,2.575,233.934,5.35
2024-05-03,3,B,90000,1,Electronics,24862.27,0,None,0.0,0,54.9,2.605,234.039,5.48
2024-05-10,3,B,90000,1,Electronics,22772.03,0,None,0.0,0,70.7,2.708,234.452,5.27
2024-05-17,3,B,90000,1,Electronics,23218.28,0,None,0.0,0,75.1,2.672,234.182,5.43
2024-05-24,3,B,90000,1,Electronics,27689.41,1,Memorial Day,1652.85,1,71.5,2.837,235.04,5.5
2024-05-31,3,B,90000,1,Electronics,23262.73,0,None,0.0,0,71.6,2.977,234.318,5.1
2024-06-07,3,B,90000,1,Electronics,22889.95,0,None,0.0,0,76.2,2.906,235.948,5.26
2024-06-14,3,B,90000,1,Electronics,20421.29,0,None,0.0,0,74.0,3.008,235.038,5.38
2024-06-21,3,B,90000,1,Electronics,23745.96,0,None,0.0,0,83.3,3.093,234.434,5.29
2024-06-28,3,B,90000,1,Electronics,23003.99,0,None,0.0,0,82.0,3.068,234.465,5.34
2021-01-01,3,B,90000,2,Apparel,13943.82,0,None,0.0,0,35.0,3.139,210.248,7.52
2021-01-08,3,B,90000,2,Apparel,13223.93,0,None,0.0,0,40.5,3.144,210.068,7.49
2021-01-15,3,B,90000,2,Apparel,13510.88,0,None,0.0,0,29.8,3.281,210.599,7.49
2021-01-22,3,B,90000,2,Apparel,14165.54,0,None,0.0,0,39.6,3.323,211.174,7.39
2021-01-29,3,B,90000,2,Apparel,14614.19,0,None,0.0,0,30.2,3.34,210.432,7.45
2021-02-05,3,B,90000,2,Apparel,15349.63,0,None,0.0,0,37.4,3.337,210.57,7.49
2021-02-12,3,B,90000,2,Apparel,19578.57,1,Super Bowl,3081.11,1,45.9,3.341,211.614,7.57
2021-02-19,3,B,90000,2,Apparel,15631.92,0,None,0.0,0,42.1,3.483,211.345,7.51
2021-02-26,3,B,90000,2,Apparel,16440.05,0,None,0.0,0,51.2,3.641,210.864,7.62
2021-03-05,3,B,90000,2,Apparel,16858.95,0,None,0.0,0,39.3,3.641,211.508,7.31
2021-03-12,3,B,90000,2,Apparel,16233.01,0,None,0.0,0,47.4,3.574,211.142,7.47
2021-03-19,3,B,90000,2,Apparel,17279.42,0,None,0.0,0,47.7,3.734,211.278,7.39
2021-03-26,3,B,90000,2,Apparel,17737.44,0,None,1384.49,1,55.7,3.794,211.769,7.57
2021-04-02,3,B,90000,2,Apparel,17395.76,0,None,1035.76,1,47.9,3.733,210.829,7.26
2021-04-09,3,B,90000,2,Apparel,17552.04,0,None,0.0,0,52.4,3.853,211.061,7.25
2021-04-16,3,B,90000,2,Apparel,18072.29,0,None,3455.97,1,65.9,3.879,211.779,7.26
2021-04-23,3,B,90000,2,Apparel,16477.87,0,None,0.0,0,60.1,3.813,211.691,7.09
2021-04-30,3,B,90000,2,Apparel,18066.56,0,None,0.0,0,65.1,3.959,212.492,7.24
2021-05-07,3,B,90000,2,Apparel,19329.59,0,None,0.0,0,67.6,3.997,212.019,7.21
2021-05-14,3,B,90000,2,Apparel,17537.09,0,None,0.0,0,72.9,4.057,211.904,7.29
2021-05-21,3,B,90000,2,Apparel,17976.6,0,None,0.0,0,72.4,4.068,213.48,7.29
2021-05-28,3,B,90000,2,Apparel,24170.38,1,Memorial Day,4113.63,1,77.9,3.883,212.772,7.43
2021-06-04,3,B,90000,2,Apparel,18286.38,0,None,0.0,0,79.7,3.924,213.056,7.33
2021-06-11,3,B,90000,2,Apparel,18827.37,0,None,0.0,0,80.5,4.041,212.447,7.16
2021-06-18,3,B,90000,2,Apparel,17763.2,0,None,0.0,0,76.8,4.038,213.025,7.12
2021-06-25,3,B,90000,2,Apparel,18095.42,0,None,0.0,0,76.4,4.03,213.49,7.25
2021-07-02,3,B,90000,2,Apparel,19071.9,0,None,0.0,0,79.9,4.286,212.996,7.05
2021-07-09,3,B,90000,2,Apparel,18699.83,0,None,0.0,0,78.9,4.007,213.897,7.36
2021-07-16,3,B,90000,2,Apparel,18051.99,0,None,2434.37,1,80.6,4.032,213.546,7.28
2021-07-23,3,B,90000,2,Apparel,20129.33,0,None,2005.55,1,81.9,3.994,213.838,7.1
2021-07-30,3,B,90000,2,Apparel,17265.4,0,None,0.0,0,84.0,3.942,213.82,6.97
2021-08-06,3,B,90000,2,Apparel,17643.73,0,None,0.0,0,82.1,3.833,215.184,7.26
2021-08-13,3,B,90000,2,Apparel,19689.04,0,None,0.0,0,76.8,3.883,214.389,7.1
2021-08-20,3,B,90000,2,Apparel,17867.41,0,None,0.0,0,81.5,3.722,214.004,7.22
2021-08-27,3,B,90000,2,Apparel,16114.02,0,None,0.0,0,71.9,3.723,215.082,6.93
2021-09-03,3,B,90000,2,Apparel,17419.28,0,None,0.0,0,76.2,3.658,214.197,7.02
2021-09-10,3,B,90000,2,Apparel,22888.26,1,Labor Day,3630.61,1,68.6,3.655,215.049,7.07
2021-09-17,3,B,90000,2,Apparel,16140.1,0,None,0.0,0,68.6,3.784,214.103,7.06
2021-09-24,3,B,90000,2,Apparel,14745.04,0,None,0.0,0,63.3,3.396,214.556,7.0
2021-10-01,3,B,90000,2,Apparel,15936.71,0,None,0.0,0,65.6,3.545,215.456,7.09
2021-10-08,3,B,90000,2,Apparel,14914.78,0,None,0.0,0,67.8,3.305,215.864,6.91
2021-10-15,3,B,90000,2,Apparel,14031.7,0,None,0.0,0,55.8,3.337,215.718,6.99
2021-10-22,3,B,90000,2,Apparel,15975.55,0,None,0.0,0,52.6,3.403,215.711,7.0
2021-10-29,3,B,90000,2,Apparel,14987.33,0,None,0.0,0,46.2,3.26,215.756,7.03
2021-11-05,3,B,90000,2,Apparel,14285.62,0,None,0.0,0,58.9,3.107,215.305,7.04
2021-11-12,3,B,90000,2,Apparel,14201.6,0,None,0.0,0,52.4,3.074,215.821,6.84
2021-11-19,3,B,90000,2,Apparel,13395.47,0,None,510.53,1,52.0,3.123,216.088,6.79
2021-11-26,3,B,90000,2,Apparel,27819.02,1,Thanksgiving / Black Friday,2719.64,1,42.7,2.949,216.985,7.06
2021-12-03,3,B,90000,2,Apparel,26537.37,1,Thanksgiving / Black Friday,1531.02,1,42.4,2.963,216.765,6.95
2021-12-10,3,B,90000,2,Apparel,13888.19,0,None,0.0,0,35.7,2.888,215.849,6.83
2021-12-17,3,B,90000,2,Apparel,15312.27,0,None,3373.84,1,37.0,2.773,217.03,7.05
2021-12-24,3,B,90000,2,Apparel,24935.24,1,Christmas / New Year,3356.35,1,45.6,2.938,216.813,6.9
2021-12-31,3,B,90000,2,Apparel,25807.83,1,Christmas / New Year,4364.71,1,40.3,2.76,216.804,6.99
2022-01-07,3,B,90000,2,Apparel,15208.35,0,None,1002.64,1,40.3,2.492,217.586,6.87
2022-01-14,3,B,90000,2,Apparel,15206.47,0,None,0.0,0,35.6,2.617,217.933,7.05
2022-01-21,3,B,90000,2,Apparel,15608.11,0,None,0.0,0,41.4,2.498,218.021,7.01
2022-01-28,3,B,90000,2,Apparel,15716.21,0,None,631.91,1,33.0,2.571,217.273,6.8
2022-02-04,3,B,90000,2,Apparel,16096.98,0,None,0.0,0,42.8,2.395,217.675,6.91
2022-02-11,3,B,90000,2,Apparel,17783.96,1,Super Bowl,1727.18,1,43.1,2.407,218.133,6.86
2022-02-18,3,B,90000,2,Apparel,15566.46,0,None,0.0,0,40.7,2.418,218.592,6.92
2022-02-25,3,B,90000,2,Apparel,16556.77,0,None,0.0,0,46.3,2.411,218.002,6.68
2022-03-04,3,B,90000,2,Apparel,17038.0,0,None,0.0,0,40.1,2.214,218.286,6.83
2022-03-11,3,B,90000,2,Apparel,16487.83,0,None,0.0,0,42.6,2.256,217.963,6.86
2022-03-18,3,B,90000,2,Apparel,18048.93,0,None,2185.51,1,54.5,2.22,218.056,6.56
2022-03-25,3,B,90000,2,Apparel,16518.65,0,None,0.0,0,58.0,2.186,219.197,6.61
2022-04-01,3,B,90000,2,Apparel,18181.81,0,None,0.0,0,60.0,2.364,219.607,6.51
2022-04-08,3,B,90000,2,Apparel,18042.0,0,None,0.0,0,58.0,2.243,219.03,6.68
2022-04-15,3,B,90000,2,Apparel,19298.74,0,None,2508.53,1,60.6,2.102,219.705,6.76
2022-04-22,3,B,90000,2,Apparel,20775.06,0,None,0.0,0,62.7,2.274,219.521,6.83
2022-04-29,3,B,90000,2,Apparel,18174.22,0,None,0.0,0,67.3,2.371,219.155,6.67
2022-05-06,3,B,90000,2,Apparel,18695.56,0,None,0.0,0,75.0,2.289,219.796,6.82
2022-05-13,3,B,90000,2,Apparel,21981.17,0,None,3203.25,1,72.6,2.095,220.522,6.5
2022-05-20,3,B,90000,2,Apparel,18714.09,0,None,0.0,0,73.7,2.191,219.872,6.46
2022-05-27,3,B,90000,2,Apparel,25342.76,1,Memorial Day,3813.09,1,74.9,2.349,220.81,6.61
2022-06-03,3,B,90000,2,Apparel,20298.86,0,None,0.0,0,73.6,2.213,218.855,6.64
2022-06-10,3,B,90000,2,Apparel,18595.59,0,None,0.0,0,84.6,2.331,220.713,6.59
2022-06-17,3,B,90000,2,Apparel,20335.25,0,None,0.0,0,74.3,2.388,220.483,6.37
2022-06-24,3,B,90000,2,Apparel,20693.32,0,None,2475.95,1,85.1,2.285,220.427,6.56
2022-07-01,3,B,90000,2,Apparel,20123.83,0,None,0.0,0,87.2,2.392,220.76,6.43
2022-07-08,3,B,90000,2,Apparel,20106.11,0,None,0.0,0,86.5,2.177,219.858,6.61
2022-07-15,3,B,90000,2,Apparel,20123.59,0,None,0.0,0,78.4,2.398,220.879,6.57
2022-07-22,3,B,90000,2,Apparel,19781.39,0,None,2127.24,1,77.8,2.507,221.305,6.43
2022-07-29,3,B,90000,2,Apparel,20614.98,0,None,0.0,0,85.4,2.476,222.003,6.46
2022-08-05,3,B,90000,2,Apparel,18782.27,0,None,0.0,0,80.8,2.758,221.142,6.39
2022-08-12,3,B,90000,2,Apparel,17841.29,0,None,0.0,0,76.9,2.567,221.134,6.48
2022-08-19,3,B,90000,2,Apparel,17504.64,0,None,0.0,0,78.0,2.703,221.425,6.57
2022-08-26,3,B,90000,2,Apparel,18430.38,0,None,0.0,0,74.7,2.806,222.271,6.36
2022-09-02,3,B,90000,2,Apparel,16653.14,0,None,0.0,0,74.7,2.97,222.115,6.5
2022-09-09,3,B,90000,2,Apparel,21891.39,1,Labor Day,4143.19,1,71.2,2.8,221.823,6.38
2022-09-16,3,B,90000,2,Apparel,16429.4,0,None,0.0,0,66.9,3.069,222.482,6.34
2022-09-23,3,B,90000,2,Apparel,17648.54,0,None,0.0,0,65.1,3.039,222.411,6.4
2022-09-30,3,B,90000,2,Apparel,17488.13,0,None,0.0,0,62.0,3.021,222.984,6.3
2022-10-07,3,B,90000,2,Apparel,16602.74,0,None,0.0,0,55.0,3.199,222.286,6.33
2022-10-14,3,B,90000,2,Apparel,15512.03,0,None,0.0,0,61.3,3.24,222.611,6.26
2022-10-21,3,B,90000,2,Apparel,16254.44,0,None,0.0,0,53.8,3.237,222.716,6.56
2022-10-28,3,B,90000,2,Apparel,17268.76,0,None,3371.04,1,58.5,3.351,222.318,6.36
2022-11-04,3,B,90000,2,Apparel,14831.32,0,None,592.44,1,54.2,3.374,223.335,6.27
2022-11-11,3,B,90000,2,Apparel,14979.65,0,None,0.0,0,48.3,3.471,223.455,6.35
2022-11-18,3,B,90000,2,Apparel,14378.81,0,None,0.0,0,50.5,3.571,223.464,6.3
2022-11-25,3,B,90000,2,Apparel,29146.14,1,Thanksgiving / Black Friday,4253.87,1,54.2,3.699,223.482,6.28
2022-12-02,3,B,90000,2,Apparel,25289.54,1,Thanksgiving / Black Friday,618.17,1,42.1,3.525,223.029,6.35
2022-12-09,3,B,90000,2,Apparel,15785.4,0,None,0.0,0,39.9,3.844,223.663,6.35
2022-12-16,3,B,90000,2,Apparel,14799.58,0,None,0.0,0,46.4,3.564,223.84,6.21
2022-12-23,3,B,90000,2,Apparel,26524.36,1,Christmas / New Year,4498.02,1,35.9,3.751,223.747,6.2
2022-12-30,3,B,90000,2,Apparel,27026.15,1,Christmas / New Year,2391.17,1,37.3,3.851,224.205,6.22
2023-01-06,3,B,90000,2,Apparel,14575.31,0,None,0.0,0,39.6,3.863,224.625,6.0
2023-01-13,3,B,90000,2,Apparel,15411.66,0,None,0.0,0,34.6,3.824,225.504,6.07
2023-01-20,3,B,90000,2,Apparel,16843.72,0,None,0.0,0,31.1,3.887,224.785,6.34
2023-01-27,3,B,90000,2,Apparel,15366.6,0,None,0.0,0,39.2,3.891,224.964,6.36
2023-02-03,3,B,90000,2,Apparel,16614.83,0,None,0.0,0,37.4,3.905,224.935,6.16
2023-02-10,3,B,90000,2,Apparel,20036.9,1,Super Bowl,3167.62,1,43.8,4.038,224.151,6.23
2023-02-17,3,B,90000,2,Apparel,18555.96,0,None,0.0,0,36.1,4.012,225.234,6.19
2023-02-24,3,B,90000,2,Apparel,18123.69,0,None,0.0,0,39.9,3.938,225.415,6.45
2023-03-03,3,B,90000,2,Apparel,18634.67,0,None,3498.5,1,47.5,4.071,226.754,6.25
2023-03-10,3,B,90000,2,Apparel,17569.67,0,None,2441.38,1,44.7,4.024,225.563,6.11
2023-03-17,3,B,90000,2,Apparel,18371.62,0,None,0.0,0,55.0,4.062,225.947,6.01
2023-03-24,3,B,90000,2,Apparel,16893.87,0,None,0.0,0,51.1,4.04,225.917,5.94
2023-03-31,3,B,90000,2,Apparel,17157.5,0,None,0.0,0,57.3,3.911,225.487,6.11
2023-04-07,3,B,90000,2,Apparel,18760.07,0,None,0.0,0,55.2,3.917,226.78,6.0
2023-04-14,3,B,90000,2,Apparel,18161.02,0,None,0.0,0,60.6,4.001,226.722,5.92
2023-04-21,3,B,90000,2,Apparel,18677.57,0,None,0.0,0,60.7,3.966,226.879,5.98
2023-04-28,3,B,90000,2,Apparel,20572.6,0,None,0.0,0,63.2,3.888,226.166,5.93
2023-05-05,3,B,90000,2,Apparel,21996.04,0,None,3075.47,1,67.5,3.867,227.46,6.19
2023-05-12,3,B,90000,2,Apparel,20333.08,0,None,0.0,0,73.4,3.925,226.195,6.1
2023-05-19,3,B,90000,2,Apparel,19960.58,0,None,0.0,0,73.2,3.737,227.326,6.0
2023-05-26,3,B,90000,2,Apparel,23333.99,1,Memorial Day,527.83,1,74.6,3.786,228.266,6.14
2023-06-02,3,B,90000,2,Apparel,19853.48,0,None,0.0,0,75.5,3.681,226.812,5.98
2023-06-09,3,B,90000,2,Apparel,20696.02,0,None,0.0,0,80.0,3.631,227.162,5.88
2023-06-16,3,B,90000,2,Apparel,19417.26,0,None,0.0,0,82.6,3.686,227.632,6.11
2023-06-23,3,B,90000,2,Apparel,20829.72,0,None,0.0,0,85.7,3.612,227.468,5.99
2023-06-30,3,B,90000,2,Apparel,21961.92,0,None,4187.82,1,74.4,3.556,227.082,5.82
2023-07-07,3,B,90000,2,Apparel,20692.44,0,None,0.0,0,79.8,3.538,228.029,5.9
2023-07-14,3,B,90000,2,Apparel,20777.4,0,None,0.0,0,87.4,3.377,227.601,5.82
2023-07-21,3,B,90000,2,Apparel,18099.71,0,None,0.0,0,81.5,3.37,228.506,5.75
2023-07-28,3,B,90000,2,Apparel,19764.46,0,None,0.0,0,91.0,3.23,227.947,5.97
2023-08-04,3,B,90000,2,Apparel,18285.22,0,None,0.0,0,86.7,3.219,229.319,6.06
2023-08-11,3,B,90000,2,Apparel,21454.35,0,None,3115.32,1,81.3,3.121,228.29,5.72
2023-08-18,3,B,90000,2,Apparel,19243.73,0,None,0.0,0,81.3,3.077,228.658,5.9
2023-08-25,3,B,90000,2,Apparel,18362.21,0,None,0.0,0,81.1,3.055,229.363,5.77
2023-09-01,3,B,90000,2,Apparel,21225.67,0,None,4413.98,1,69.0,2.88,228.478,5.77
2023-09-08,3,B,90000,2,Apparel,22249.94,1,Labor Day,3123.19,1,80.9,3.052,229.344,5.75
2023-09-15,3,B,90000,2,Apparel,17187.74,0,None,0.0,0,70.2,2.744,230.022,5.71
2023-09-22,3,B,90000,2,Apparel,16831.31,0,None,0.0,0,74.3,2.669,228.702,5.79
2023-09-29,3,B,90000,2,Apparel,18025.63,0,None,1987.98,1,62.5,2.802,229.735,5.69
2023-10-06,3,B,90000,2,Apparel,17809.72,0,None,0.0,0,63.9,2.718,229.91,5.79
2023-10-13,3,B,90000,2,Apparel,16593.45,0,None,0.0,0,62.6,2.652,230.308,5.74
2023-10-20,3,B,90000,2,Apparel,15585.82,0,None,0.0,0,57.5,2.601,229.436,5.71
2023-10-27,3,B,90000,2,Apparel,14718.44,0,None,0.0,0,57.6,2.502,229.532,5.63
2023-11-03,3,B,90000,2,Apparel,15790.56,0,None,1551.52,1,52.7,2.386,230.591,5.65
2023-11-10,3,B,90000,2,Apparel,15480.25,0,None,910.14,1,49.7,2.422,230.616,5.77
2023-11-17,3,B,90000,2,Apparel,15736.78,0,None,0.0,0,48.4,2.323,230.73,5.74
2023-11-24,3,B,90000,2,Apparel,28287.96,1,Thanksgiving / Black Friday,791.87,1,47.7,2.42,230.915,5.58
2023-12-01,3,B,90000,2,Apparel,32215.93,1,Thanksgiving / Black Friday,3887.13,1,48.9,2.299,230.539,5.67
2023-12-08,3,B,90000,2,Apparel,15766.47,0,None,0.0,0,45.5,2.216,231.133,5.73
2023-12-15,3,B,90000,2,Apparel,15622.74,0,None,0.0,0,35.2,2.233,231.3,5.47
2023-12-22,3,B,90000,2,Apparel,26684.13,1,Christmas / New Year,2768.65,1,36.1,2.272,230.934,5.68
2023-12-29,3,B,90000,2,Apparel,26979.15,1,Christmas / New Year,2377.21,1,38.9,2.177,232.361,5.55
2024-01-05,3,B,90000,2,Apparel,16171.96,0,None,0.0,0,41.0,2.145,231.803,5.66
2024-01-12,3,B,90000,2,Apparel,15726.72,0,None,0.0,0,40.7,2.223,231.108,5.51
2024-01-19,3,B,90000,2,Apparel,15622.66,0,None,0.0,0,42.3,2.22,232.169,5.4
2024-01-26,3,B,90000,2,Apparel,16766.06,0,None,3682.33,1,34.9,2.161,231.491,5.4
2024-02-02,3,B,90000,2,Apparel,18067.96,0,None,0.0,0,37.7,2.169,232.509,5.56
2024-02-09,3,B,90000,2,Apparel,20649.99,1,Super Bowl,2397.3,1,44.4,2.235,232.832,5.57
2024-02-16,3,B,90000,2,Apparel,18118.37,0,None,2173.79,1,41.1,2.114,231.98,5.44
2024-02-23,3,B,90000,2,Apparel,16785.38,0,None,0.0,0,34.9,2.135,233.009,5.58
2024-03-01,3,B,90000,2,Apparel,17423.3,0,None,0.0,0,45.7,2.213,232.871,5.34
2024-03-08,3,B,90000,2,Apparel,21305.84,0,None,3550.61,1,45.2,2.279,233.213,5.49
2024-03-15,3,B,90000,2,Apparel,18368.46,0,None,0.0,0,45.4,2.351,233.888,5.36
2024-03-22,3,B,90000,2,Apparel,20075.46,0,None,0.0,0,60.1,2.477,232.954,5.4
2024-03-29,3,B,90000,2,Apparel,19123.67,0,None,0.0,0,49.5,2.465,232.837,5.46
2024-04-05,3,B,90000,2,Apparel,19391.29,0,None,0.0,0,56.6,2.424,232.907,5.36
2024-04-12,3,B,90000,2,Apparel,20651.35,0,None,0.0,0,61.5,2.479,233.081,5.39
2024-04-19,3,B,90000,2,Apparel,19765.94,0,None,1436.78,1,65.8,2.447,233.588,5.52
2024-04-26,3,B,90000,2,Apparel,19674.93,0,None,0.0,0,65.6,2.575,233.934,5.35
2024-05-03,3,B,90000,2,Apparel,22596.95,0,None,3654.21,1,65.9,2.605,234.039,5.48
2024-05-10,3,B,90000,2,Apparel,20974.5,0,None,0.0,0,70.5,2.708,234.452,5.27
2024-05-17,3,B,90000,2,Apparel,21433.35,0,None,0.0,0,68.5,2.672,234.182,5.43
2024-05-24,3,B,90000,2,Apparel,24355.15,1,Memorial Day,1760.23,1,79.7,2.837,235.04,5.5
2024-05-31,3,B,90000,2,Apparel,22693.03,0,None,0.0,0,76.8,2.977,234.318,5.1
2024-06-07,3,B,90000,2,Apparel,20670.95,0,None,0.0,0,79.7,2.906,235.948,5.26
2024-06-14,3,B,90000,2,Apparel,21920.88,0,None,0.0,0,76.3,3.008,235.038,5.38
2024-06-21,3,B,90000,2,Apparel,21447.09,0,None,0.0,0,78.9,3.093,234.434,5.29
2024-06-28,3,B,90000,2,Apparel,21878.71,0,None,0.0,0,86.7,3.068,234.465,5.34
2021-01-01,3,B,90000,3,Grocery,31249.31,0,None,0.0,0,36.2,3.139,210.248,7.52
2021-01-08,3,B,90000,3,Grocery,31604.84,0,None,0.0,0,39.1,3.144,210.068,7.49
2021-01-15,3,B,90000,3,Grocery,33652.27,0,None,0.0,0,34.4,3.281,210.599,7.49
2021-01-22,3,B,90000,3,Grocery,34344.17,0,None,0.0,0,36.1,3.323,211.174,7.39
2021-01-29,3,B,90000,3,Grocery,37676.09,0,None,2851.54,1,38.0,3.34,210.432,7.45
2021-02-05,3,B,90000,3,Grocery,38697.9,0,None,3226.1,1,39.4,3.337,210.57,7.49
2021-02-12,3,B,90000,3,Grocery,40172.17,1,Super Bowl,4269.34,1,45.4,3.341,211.614,7.57
2021-02-19,3,B,90000,3,Grocery,33486.86,0,None,0.0,0,39.2,3.483,211.345,7.51
2021-02-26,3,B,90000,3,Grocery,36622.38,0,None,0.0,0,39.9,3.641,210.864,7.62
2021-03-05,3,B,90000,3,Grocery,36836.38,0,None,0.0,0,48.7,3.641,211.508,7.31
2021-03-12,3,B,90000,3,Grocery,35949.31,0,None,0.0,0,51.8,3.574,211.142,7.47
2021-03-19,3,B,90000,3,Grocery,38594.85,0,None,0.0,0,44.7,3.734,211.278,7.39
2021-03-26,3,B,90000,3,Grocery,42361.25,0,None,2976.37,1,48.5,3.794,211.769,7.57
2021-04-02,3,B,90000,3,Grocery,41621.59,0,None,1766.39,1,50.1,3.733,210.829,7.26
2021-04-09,3,B,90000,3,Grocery,40434.28,0,None,0.0,0,65.4,3.853,211.061,7.25
2021-04-16,3,B,90000,3,Grocery,46526.19,0,None,3882.51,1,63.5,3.879,211.779,7.26
2021-04-23,3,B,90000,3,Grocery,42447.45,0,None,0.0,0,58.9,3.813,211.691,7.09
2021-04-30,3,B,90000,3,Grocery,42977.13,0,None,0.0,0,64.5,3.959,212.492,7.24
2021-05-07,3,B,90000,3,Grocery,44057.54,0,None,0.0,0,75.1,3.997,212.019,7.21
2021-05-14,3,B,90000,3,Grocery,45464.47,0,None,2711.37,1,66.3,4.057,211.904,7.29
2021-05-21,3,B,90000,3,Grocery,45283.45,0,None,0.0,0,66.6,4.068,213.48,7.29
2021-05-28,3,B,90000,3,Grocery,53115.29,1,Memorial Day,3348.25,1,74.5,3.883,212.772,7.43
2021-06-04,3,B,90000,3,Grocery,44823.94,0,None,0.0,0,77.1,3.924,213.056,7.33
2021-06-11,3,B,90000,3,Grocery,41674.5,0,None,0.0,0,75.9,4.041,212.447,7.16
2021-06-18,3,B,90000,3,Grocery,44488.16,0,None,0.0,0,75.5,4.038,213.025,7.12
2021-06-25,3,B,90000,3,Grocery,47340.77,0,None,3319.18,1,76.4,4.03,213.49,7.25
2021-07-02,3,B,90000,3,Grocery,44018.02,0,None,0.0,0,84.9,4.286,212.996,7.05
2021-07-09,3,B,90000,3,Grocery,46151.85,0,None,0.0,0,85.0,4.007,213.897,7.36
2021-07-16,3,B,90000,3,Grocery,46073.76,0,None,3784.44,1,84.9,4.032,213.546,7.28
2021-07-23,3,B,90000,3,Grocery,41870.36,0,None,0.0,0,81.4,3.994,213.838,7.1
2021-07-30,3,B,90000,3,Grocery,41878.47,0,None,0.0,0,80.4,3.942,213.82,6.97
2021-08-06,3,B,90000,3,Grocery,39816.77,0,None,0.0,0,85.1,3.833,215.184,7.26
2021-08-13,3,B,90000,3,Grocery,37132.8,0,None,0.0,0,84.6,3.883,214.389,7.1
2021-08-20,3,B,90000,3,Grocery,39086.42,0,None,0.0,0,79.3,3.722,214.004,7.22
2021-08-27,3,B,90000,3,Grocery,40897.74,0,None,0.0,0,76.4,3.723,215.082,6.93
2021-09-03,3,B,90000,3,Grocery,38238.84,0,None,0.0,0,77.1,3.658,214.197,7.02
2021-09-10,3,B,90000,3,Grocery,49948.77,1,Labor Day,3948.34,1,75.9,3.655,215.049,7.07
2021-09-17,3,B,90000,3,Grocery,42239.27,0,None,4402.42,1,70.6,3.784,214.103,7.06
2021-09-24,3,B,90000,3,Grocery,36741.97,0,None,0.0,0,71.8,3.396,214.556,7.0
2021-10-01,3,B,90000,3,Grocery,39465.86,0,None,0.0,0,65.5,3.545,215.456,7.09
2021-10-08,3,B,90000,3,Grocery,34742.93,0,None,0.0,0,63.0,3.305,215.864,6.91
2021-10-15,3,B,90000,3,Grocery,35214.85,0,None,0.0,0,59.9,3.337,215.718,6.99
2021-10-22,3,B,90000,3,Grocery,34607.84,0,None,0.0,0,55.6,3.403,215.711,7.0
2021-10-29,3,B,90000,3,Grocery,33470.35,0,None,0.0,0,51.9,3.26,215.756,7.03
2021-11-05,3,B,90000,3,Grocery,33506.19,0,None,0.0,0,53.6,3.107,215.305,7.04
2021-11-12,3,B,90000,3,Grocery,33364.31,0,None,0.0,0,52.7,3.074,215.821,6.84
2021-11-19,3,B,90000,3,Grocery,32225.89,0,None,0.0,0,48.5,3.123,216.088,6.79
2021-11-26,3,B,90000,3,Grocery,56760.87,1,Thanksgiving / Black Friday,2292.91,1,46.4,2.949,216.985,7.06
2021-12-03,3,B,90000,3,Grocery,60572.83,1,Thanksgiving / Black Friday,3623.78,1,47.4,2.963,216.765,6.95
2021-12-10,3,B,90000,3,Grocery,32879.47,0,None,0.0,0,45.6,2.888,215.849,6.83
2021-12-17,3,B,90000,3,Grocery,31924.27,0,None,0.0,0,49.3,2.773,217.03,7.05
2021-12-24,3,B,90000,3,Grocery,51456.36,1,Christmas / New Year,2502.94,1,35.9,2.938,216.813,6.9
2021-12-31,3,B,90000,3,Grocery,57447.36,1,Christmas / New Year,3274.97,1,36.3,2.76,216.804,6.99
2022-01-07,3,B,90000,3,Grocery,35113.76,0,None,0.0,0,39.9,2.492,217.586,6.87
2022-01-14,3,B,90000,3,Grocery,34208.9,0,None,0.0,0,34.1,2.617,217.933,7.05
2022-01-21,3,B,90000,3,Grocery,34781.02,0,None,0.0,0,46.2,2.498,218.021,7.01
2022-01-28,3,B,90000,3,Grocery,35335.72,0,None,0.0,0,44.0,2.571,217.273,6.8
2022-02-04,3,B,90000,3,Grocery,39996.27,0,None,0.0,0,39.3,2.395,217.675,6.91
2022-02-11,3,B,90000,3,Grocery,43770.95,1,Super Bowl,4396.12,1,43.2,2.407,218.133,6.86
2022-02-18,3,B,90000,3,Grocery,37551.29,0,None,0.0,0,34.3,2.418,218.592,6.92
2022-02-25,3,B,90000,3,Grocery,38541.77,0,None,0.0,0,49.2,2.411,218.002,6.68
2022-03-04,3,B,90000,3,Grocery,39552.27,0,None,3355.66,1,47.0,2.214,218.286,6.83
2022-03-11,3,B,90000,3,Grocery,40142.83,0,None,2449.0,1,45.3,2.256,217.963,6.86
2022-03-18,3,B,90000,3,Grocery,39379.12,0,None,0.0,0,46.8,2.22,218.056,6.56
2022-03-25,3,B,90000,3,Grocery,42700.75,0,None,3895.01,1,55.4,2.186,219.197,6.61
2022-04-01,3,B,90000,3,Grocery,42217.17,0,None,0.0,0,59.0,2.364,219.607,6.51
2022-04-08,3,B,90000,3,Grocery,42700.17,0,None,2614.52,1,53.3,2.243,219.03,6.68
2022-04-15,3,B,90000,3,Grocery,45227.43,0,None,649.02,1,62.9,2.102,219.705,6.76
2022-04-22,3,B,90000,3,Grocery,44862.74,0,None,0.0,0,60.1,2.274,219.521,6.83
2022-04-29,3,B,90000,3,Grocery,43414.21,0,None,0.0,0,53.5,2.371,219.155,6.67
2022-05-06,3,B,90000,3,Grocery,43845.61,0,None,0.0,0,66.3,2.289,219.796,6.82
2022-05-13,3,B,90000,3,Grocery,48603.52,0,None,0.0,0,62.6,2.095,220.522,6.5
2022-05-20,3,B,90000,3,Grocery,46773.16,0,None,0.0,0,72.0,2.191,219.872,6.46
2022-05-27,3,B,90000,3,Grocery,57232.01,1,Memorial Day,2636.76,1,78.7,2.349,220.81,6.61
2022-06-03,3,B,90000,3,Grocery,48036.19,0,None,0.0,0,78.0,2.213,218.855,6.64
2022-06-10,3,B,90000,3,Grocery,46166.87,0,None,0.0,0,76.2,2.331,220.713,6.59
2022-06-17,3,B,90000,3,Grocery,45024.44,0,None,0.0,0,77.1,2.388,220.483,6.37
2022-06-24,3,B,90000,3,Grocery,44454.58,0,None,0.0,0,79.5,2.285,220.427,6.56
2022-07-01,3,B,90000,3,Grocery,46950.69,0,None,0.0,0,81.2,2.392,220.76,6.43
2022-07-08,3,B,90000,3,Grocery,46223.86,0,None,0.0,0,84.9,2.177,219.858,6.61
2022-07-15,3,B,90000,3,Grocery,43889.11,0,None,0.0,0,81.6,2.398,220.879,6.57
2022-07-22,3,B,90000,3,Grocery,46726.54,0,None,0.0,0,79.9,2.507,221.305,6.43
2022-07-29,3,B,90000,3,Grocery,44274.39,0,None,0.0,0,73.9,2.476,222.003,6.46
2022-08-05,3,B,90000,3,Grocery,47400.91,0,None,3933.17,1,87.2,2.758,221.142,6.39
2022-08-12,3,B,90000,3,Grocery,46063.51,0,None,3320.45,1,78.5,2.567,221.134,6.48
2022-08-19,3,B,90000,3,Grocery,44804.62,0,None,0.0,0,82.7,2.703,221.425,6.57
2022-08-26,3,B,90000,3,Grocery,40451.1,0,None,0.0,0,81.4,2.806,222.271,6.36
2022-09-02,3,B,90000,3,Grocery,40614.44,0,None,0.0,0,69.2,2.97,222.115,6.5
2022-09-09,3,B,90000,3,Grocery,56930.17,1,Labor Day,4463.21,1,77.4,2.8,221.823,6.38
2022-09-16,3,B,90000,3,Grocery,38989.3,0,None,0.0,0,64.9,3.069,222.482,6.34
2022-09-23,3,B,90000,3,Grocery,38496.7,0,None,0.0,0,66.9,3.039,222.411,6.4
2022-09-30,3,B,90000,3,Grocery,36743.02,0,None,0.0,0,66.5,3.021,222.984,6.3
2022-10-07,3,B,90000,3,Grocery,38170.24,0,None,0.0,0,69.7,3.199,222.286,6.33
2022-10-14,3,B,90000,3,Grocery,36118.46,0,None,0.0,0,63.1,3.24,222.611,6.26
2022-10-21,3,B,90000,3,Grocery,35842.34,0,None,0.0,0,58.2,3.237,222.716,6.56
2022-10-28,3,B,90000,3,Grocery,35792.4,0,None,0.0,0,52.4,3.351,222.318,6.36
2022-11-04,3,B,90000,3,Grocery,38606.27,0,None,3094.99,1,55.4,3.374,223.335,6.27
2022-11-11,3,B,90000,3,Grocery,37058.65,0,None,0.0,0,52.0,3.471,223.455,6.35
2022-11-18,3,B,90000,3,Grocery,36783.57,0,None,1893.1,1,48.4,3.571,223.464,6.3
2022-11-25,3,B,90000,3,Grocery,63932.19,1,Thanksgiving / Black Friday,4216.31,1,35.6,3.699,223.482,6.28
2022-12-02,3,B,90000,3,Grocery,62768.93,1,Thanksgiving / Black Friday,1662.98,1,39.3,3.525,223.029,6.35
2022-12-09,3,B,90000,3,Grocery,35726.4,0,None,0.0,0,42.8,3.844,223.663,6.35
2022-12-16,3,B,90000,3,Grocery,34832.59,0,None,0.0,0,42.3,3.564,223.84,6.21
2022-12-23,3,B,90000,3,Grocery,55929.7,1,Christmas / New Year,2720.33,1,33.6,3.751,223.747,6.2
2022-12-30,3,B,90000,3,Grocery,57628.2,1,Christmas / New Year,1973.24,1,41.5,3.851,224.205,6.22
2023-01-06,3,B,90000,3,Grocery,36346.81,0,None,0.0,0,37.7,3.863,224.625,6.0
2023-01-13,3,B,90000,3,Grocery,36896.4,0,None,0.0,0,41.3,3.824,225.504,6.07
2023-01-20,3,B,90000,3,Grocery,36833.04,0,None,0.0,0,38.8,3.887,224.785,6.34
2023-01-27,3,B,90000,3,Grocery,37143.95,0,None,0.0,0,39.4,3.891,224.964,6.36
2023-02-03,3,B,90000,3,Grocery,37345.83,0,None,0.0,0,44.1,3.905,224.935,6.16
2023-02-10,3,B,90000,3,Grocery,48342.89,1,Super Bowl,2655.28,1,43.4,4.038,224.151,6.23
2023-02-17,3,B,90000,3,Grocery,41479.57,0,None,0.0,0,35.1,4.012,225.234,6.19
2023-02-24,3,B,90000,3,Grocery,41104.41,0,None,513.55,1,38.2,3.938,225.415,6.45
2023-03-03,3,B,90000,3,Grocery,43330.66,0,None,4135.55,1,41.3,4.071,226.754,6.25
2023-03-10,3,B,90000,3,Grocery,42245.07,0,None,555.93,1,45.0,4.024,225.563,6.11
2023-03-17,3,B,90000,3,Grocery,41085.81,0,None,0.0,0,51.1,4.062,225.947,6.01
2023-03-24,3,B,90000,3,Grocery,42058.54,0,None,0.0,0,48.7,4.04,225.917,5.94
2023-03-31,3,B,90000,3,Grocery,42329.41,0,None,0.0,0,61.4,3.911,225.487,6.11
2023-04-07,3,B,90000,3,Grocery,45254.74,0,None,0.0,0,57.0,3.917,226.78,6.0
2023-04-14,3,B,90000,3,Grocery,49627.96,0,None,4320.39,1,56.3,4.001,226.722,5.92
2023-04-21,3,B,90000,3,Grocery,45361.15,0,None,0.0,0,62.0,3.966,226.879,5.98
2023-04-28,3,B,90000,3,Grocery,44274.11,0,None,0.0,0,67.3,3.888,226.166,5.93
2023-05-05,3,B,90000,3,Grocery,46731.18,0,None,0.0,0,65.9,3.867,227.46,6.19
2023-05-12,3,B,90000,3,Grocery,49933.61,0,None,0.0,0,66.8,3.925,226.195,6.1
2023-05-19,3,B,90000,3,Grocery,50642.56,0,None,2720.07,1,74.4,3.737,227.326,6.0
2023-05-26,3,B,90000,3,Grocery,57433.92,1,Memorial Day,3548.29,1,74.1,3.786,228.266,6.14
2023-06-02,3,B,90000,3,Grocery,47534.73,0,None,1469.3,1,74.0,3.681,226.812,5.98
2023-06-09,3,B,90000,3,Grocery,48232.2,0,None,0.0,0,81.0,3.631,227.162,5.88
2023-06-16,3,B,90000,3,Grocery,46559.17,0,None,0.0,0,82.2,3.686,227.632,6.11
2023-06-23,3,B,90000,3,Grocery,52587.22,0,None,3036.0,1,71.9,3.612,227.468,5.99
2023-06-30,3,B,90000,3,Grocery,45000.83,0,None,0.0,0,79.8,3.556,227.082,5.82
2023-07-07,3,B,90000,3,Grocery,48578.88,0,None,3604.61,1,87.0,3.538,228.029,5.9
2023-07-14,3,B,90000,3,Grocery,46961.58,0,None,1161.6,1,81.7,3.377,227.601,5.82
2023-07-21,3,B,90000,3,Grocery,49629.46,0,None,0.0,0,84.7,3.37,228.506,5.75
2023-07-28,3,B,90000,3,Grocery,45632.4,0,None,0.0,0,76.0,3.23,227.947,5.97
2023-08-04,3,B,90000,3,Grocery,49346.22,0,None,2205.78,1,84.9,3.219,229.319,6.06
2023-08-11,3,B,90000,3,Grocery,45261.25,0,None,0.0,0,87.9,3.121,228.29,5.72
2023-08-18,3,B,90000,3,Grocery,49531.47,0,None,3502.1,1,74.2,3.077,228.658,5.9
2023-08-25,3,B,90000,3,Grocery,44030.9,0,None,2131.44,1,72.6,3.055,229.363,5.77
2023-09-01,3,B,90000,3,Grocery,44228.94,0,None,0.0,0,77.6,2.88,228.478,5.77
2023-09-08,3,B,90000,3,Grocery,55752.41,1,Labor Day,1914.2,1,79.6,3.052,229.344,5.75
2023-09-15,3,B,90000,3,Grocery,40362.73,0,None,0.0,0,68.4,2.744,230.022,5.71
2023-09-22,3,B,90000,3,Grocery,42742.36,0,None,1355.74,1,74.9,2.669,228.702,5.79
2023-09-29,3,B,90000,3,Grocery,44938.55,0,None,4336.18,1,67.9,2.802,229.735,5.69
2023-10-06,3,B,90000,3,Grocery,38519.88,0,None,0.0,0,62.7,2.718,229.91,5.79
2023-10-13,3,B,90000,3,Grocery,37761.14,0,None,535.26,1,60.9,2.652,230.308,5.74
2023-10-20,3,B,90000,3,Grocery,39115.42,0,None,0.0,0,62.5,2.601,229.436,5.71
2023-10-27,3,B,90000,3,Grocery,37164.32,0,None,1193.49,1,52.6,2.502,229.532,5.63
2023-11-03,3,B,90000,3,Grocery,36523.29,0,None,0.0,0,45.3,2.386,230.591,5.65
2023-11-10,3,B,90000,3,Grocery,36236.42,0,None,0.0,0,50.6,2.422,230.616,5.77
2023-11-17,3,B,90000,3,Grocery,36805.13,0,None,0.0,0,45.5,2.323,230.73,5.74
2023-11-24,3,B,90000,3,Grocery,64681.14,1,Thanksgiving / Black Friday,3077.46,1,50.9,2.42,230.915,5.58
2023-12-01,3,B,90000,3,Grocery,67908.87,1,Thanksgiving / Black Friday,3832.84,1,44.8,2.299,230.539,5.67
2023-12-08,3,B,90000,3,Grocery,34814.66,0,None,0.0,0,48.7,2.216,231.133,5.73
2023-12-15,3,B,90000,3,Grocery,35195.0,0,None,0.0,0,43.1,2.233,231.3,5.47
2023-12-22,3,B,90000,3,Grocery,62440.84,1,Christmas / New Year,4318.55,1,39.4,2.272,230.934,5.68
2023-12-29,3,B,90000,3,Grocery,59896.52,1,Christmas / New Year,2524.92,1,35.7,2.177,232.361,5.55
2024-01-05,3,B,90000,3,Grocery,36365.89,0,None,0.0,0,42.9,2.145,231.803,5.66
2024-01-12,3,B,90000,3,Grocery,37787.35,0,None,0.0,0,34.5,2.223,231.108,5.51
2024-01-19,3,B,90000,3,Grocery,38027.96,0,None,0.0,0,38.2,2.22,232.169,5.4
2024-01-26,3,B,90000,3,Grocery,38114.77,0,None,0.0,0,41.8,2.161,231.491,5.4
2024-02-02,3,B,90000,3,Grocery,37991.73,0,None,0.0,0,44.1,2.169,232.509,5.56
2024-02-09,3,B,90000,3,Grocery,49781.08,1,Super Bowl,3921.26,1,38.9,2.235,232.832,5.57
2024-02-16,3,B,90000,3,Grocery,40278.71,0,None,0.0,0,42.7,2.114,231.98,5.44
2024-02-23,3,B,90000,3,Grocery,42656.47,0,None,0.0,0,40.8,2.135,233.009,5.58
2024-03-01,3,B,90000,3,Grocery,44191.87,0,None,0.0,0,47.5,2.213,232.871,5.34
2024-03-08,3,B,90000,3,Grocery,47175.97,0,None,3756.27,1,49.4,2.279,233.213,5.49
2024-03-15,3,B,90000,3,Grocery,43449.84,0,None,0.0,0,50.3,2.351,233.888,5.36
2024-03-22,3,B,90000,3,Grocery,45216.35,0,None,4378.11,1,48.3,2.477,232.954,5.4
2024-03-29,3,B,90000,3,Grocery,45629.68,0,None,2988.67,1,56.5,2.465,232.837,5.46
2024-04-05,3,B,90000,3,Grocery,45030.55,0,None,0.0,0,59.9,2.424,232.907,5.36
2024-04-12,3,B,90000,3,Grocery,45377.61,0,None,0.0,0,52.6,2.479,233.081,5.39
2024-04-19,3,B,90000,3,Grocery,47572.62,0,None,0.0,0,61.8,2.447,233.588,5.52
2024-04-26,3,B,90000,3,Grocery,47492.8,0,None,0.0,0,75.3,2.575,233.934,5.35
2024-05-03,3,B,90000,3,Grocery,50111.35,0,None,0.0,0,67.0,2.605,234.039,5.48
2024-05-10,3,B,90000,3,Grocery,48806.5,0,None,764.67,1,63.9,2.708,234.452,5.27
2024-05-17,3,B,90000,3,Grocery,52986.41,0,None,0.0,0,71.3,2.672,234.182,5.43
2024-05-24,3,B,90000,3,Grocery,63619.61,1,Memorial Day,3659.47,1,76.3,2.837,235.04,5.5
2024-05-31,3,B,90000,3,Grocery,45410.89,0,None,0.0,0,82.9,2.977,234.318,5.1
2024-06-07,3,B,90000,3,Grocery,47662.16,0,None,0.0,0,75.0,2.906,235.948,5.26
2024-06-14,3,B,90000,3,Grocery,49422.88,0,None,0.0,0,81.8,3.008,235.038,5.38
2024-06-21,3,B,90000,3,Grocery,50836.2,0,None,0.0,0,76.7,3.093,234.434,5.29
2024-06-28,3,B,90000,3,Grocery,47893.58,0,None,0.0,0,77.4,3.068,234.465,5.34
2021-01-01,3,B,90000,4,Home & Garden,11610.8,0,None,0.0,0,40.9,3.139,210.248,7.52
2021-01-08,3,B,90000,4,Home & Garden,10646.84,0,None,0.0,0,31.1,3.144,210.068,7.49
2021-01-15,3,B,90000,4,Home & Garden,11040.33,0,None,3600.58,1,41.8,3.281,210.599,7.49
2021-01-22,3,B,90000,4,Home & Garden,10848.36,0,None,0.0,0,37.0,3.323,211.174,7.39
2021-01-29,3,B,90000,4,Home & Garden,10303.03,0,None,0.0,0,37.9,3.34,210.432,7.45
2021-02-05,3,B,90000,4,Home & Garden,10650.6,0,None,0.0,0,34.8,3.337,210.57,7.49
2021-02-12,3,B,90000,4,Home & Garden,13646.48,1,Super Bowl,4216.47,1,41.2,3.341,211.614,7.57
2021-02-19,3,B,90000,4,Home & Garden,10722.96,0,None,0.0,0,39.4,3.483,211.345,7.51
2021-02-26,3,B,90000,4,Home & Garden,11413.13,0,None,0.0,0,47.7,3.641,210.864,7.62
2021-03-05,3,B,90000,4,Home & Garden,10019.8,0,None,0.0,0,46.2,3.641,211.508,7.31
2021-03-12,3,B,90000,4,Home & Garden,11001.31,0,None,0.0,0,59.1,3.574,211.142,7.47
2021-03-19,3,B,90000,4,Home & Garden,10678.94,0,None,0.0,0,45.3,3.734,211.278,7.39
2021-03-26,3,B,90000,4,Home & Garden,11273.87,0,None,0.0,0,47.2,3.794,211.769,7.57
2021-04-02,3,B,90000,4,Home & Garden,19682.29,0,None,0.0,0,50.0,3.733,210.829,7.26
2021-04-09,3,B,90000,4,Home & Garden,21041.81,0,None,0.0,0,57.0,3.853,211.061,7.25
2021-04-16,3,B,90000,4,Home & Garden,19933.9,0,None,0.0,0,54.4,3.879,211.779,7.26
2021-04-23,3,B,90000,4,Home & Garden,18305.92,0,None,0.0,0,63.6,3.813,211.691,7.09
2021-04-30,3,B,90000,4,Home & Garden,19776.82,0,None,672.06,1,62.5,3.959,212.492,7.24
2021-05-07,3,B,90000,4,Home & Garden,20050.44,0,None,0.0,0,71.0,3.997,212.019,7.21
2021-05-14,3,B,90000,4,Home & Garden,18887.41,0,None,0.0,0,71.6,4.057,211.904,7.29
2021-05-21,3,B,90000,4,Home & Garden,18298.43,0,None,0.0,0,76.1,4.068,213.48,7.29
2021-05-28,3,B,90000,4,Home & Garden,22343.9,1,Memorial Day,2756.34,1,78.0,3.883,212.772,7.43
2021-06-04,3,B,90000,4,Home & Garden,18942.09,0,None,0.0,0,76.9,3.924,213.056,7.33
2021-06-11,3,B,90000,4,Home & Garden,19971.99,0,None,0.0,0,77.6,4.041,212.447,7.16
2021-06-18,3,B,90000,4,Home & Garden,19416.13,0,None,0.0,0,80.8,4.038,213.025,7.12
2021-06-25,3,B,90000,4,Home & Garden,19696.19,0,None,0.0,0,71.7,4.03,213.49,7.25
2021-07-02,3,B,90000,4,Home & Garden,11049.99,0,None,0.0,0,82.2,4.286,212.996,7.05
2021-07-09,3,B,90000,4,Home & Garden,10531.78,0,None,4127.49,1,82.5,4.007,213.897,7.36
2021-07-16,3,B,90000,4,Home & Garden,10982.22,0,None,0.0,0,77.4,4.032,213.546,7.28
2021-07-23,3,B,90000,4,Home & Garden,11453.03,0,None,0.0,0,77.1,3.994,213.838,7.1
2021-07-30,3,B,90000,4,Home & Garden,10347.6,0,None,0.0,0,84.0,3.942,213.82,6.97
2021-08-06,3,B,90000,4,Home & Garden,11247.81,0,None,0.0,0,83.1,3.833,215.184,7.26
2021-08-13,3,B,90000,4,Home & Garden,11165.56,0,None,0.0,0,85.3,3.883,214.389,7.1
2021-08-20,3,B,90000,4,Home & Garden,10388.55,0,None,0.0,0,79.7,3.722,214.004,7.22
2021-08-27,3,B,90000,4,Home & Garden,11419.27,0,None,592.34,1,69.6,3.723,215.082,6.93
2021-09-03,3,B,90000,4,Home & Garden,11405.19,0,None,0.0,0,71.1,3.658,214.197,7.02
2021-09-10,3,B,90000,4,Home & Garden,14023.26,1,Labor Day,1168.17,1,73.1,3.655,215.049,7.07
2021-09-17,3,B,90000,4,Home & Garden,12192.81,0,None,3945.0,1,73.5,3.784,214.103,7.06
2021-09-24,3,B,90000,4,Home & Garden,11317.76,0,None,0.0,0,59.4,3.396,214.556,7.0
2021-10-01,3,B,90000,4,Home & Garden,11090.61,0,None,0.0,0,64.3,3.545,215.456,7.09
2021-10-08,3,B,90000,4,Home & Garden,10363.59,0,None,0.0,0,62.0,3.305,215.864,6.91
2021-10-15,3,B,90000,4,Home & Garden,12910.75,0,None,3776.66,1,57.5,3.337,215.718,6.99
2021-10-22,3,B,90000,4,Home & Garden,11547.25,0,None,0.0,0,51.4,3.403,215.711,7.0
2021-10-29,3,B,90000,4,Home & Garden,12164.23,0,None,0.0,0,53.9,3.26,215.756,7.03
2021-11-05,3,B,90000,4,Home & Garden,10989.1,0,None,0.0,0,49.4,3.107,215.305,7.04
2021-11-12,3,B,90000,4,Home & Garden,11607.02,0,None,0.0,0,41.6,3.074,215.821,6.84
2021-11-19,3,B,90000,4,Home & Garden,11346.56,0,None,0.0,0,49.7,3.123,216.088,6.79
2021-11-26,3,B,90000,4,Home & Garden,20025.76,1,Thanksgiving / Black Friday,1948.72,1,47.3,2.949,216.985,7.06
2021-12-03,3,B,90000,4,Home & Garden,19548.65,1,Thanksgiving / Black Friday,3657.33,1,44.7,2.963,216.765,6.95
2021-12-10,3,B,90000,4,Home & Garden,10621.48,0,None,0.0,0,43.0,2.888,215.849,6.83
2021-12-17,3,B,90000,4,Home & Garden,12327.45,0,None,2234.49,1,42.8,2.773,217.03,7.05
2021-12-24,3,B,90000,4,Home & Garden,21136.53,1,Christmas / New Year,4212.87,1,40.2,2.938,216.813,6.9
2021-12-31,3,B,90000,4,Home & Garden,18261.76,1,Christmas / New Year,2257.21,1,39.4,2.76,216.804,6.99
2022-01-07,3,B,90000,4,Home & Garden,11624.09,0,None,0.0,0,40.8,2.492,217.586,6.87
2022-01-14,3,B,90000,4,Home & Garden,11821.38,0,None,0.0,0,40.1,2.617,217.933,7.05
2022-01-21,3,B,90000,4,Home & Garden,10768.08,0,None,0.0,0,37.5,2.498,218.021,7.01
2022-01-28,3,B,90000,4,Home & Garden,10668.49,0,None,0.0,0,33.9,2.571,217.273,6.8
2022-02-04,3,B,90000,4,Home & Garden,11421.78,0,None,0.0,0,40.3,2.395,217.675,6.91
2022-02-11,3,B,90000,4,Home & Garden,14362.7,1,Super Bowl,4443.9,1,43.1,2.407,218.133,6.86
2022-02-18,3,B,90000,4,Home & Garden,11000.15,0,None,3183.04,1,39.1,2.418,218.592,6.92
2022-02-25,3,B,90000,4,Home & Garden,10506.79,0,None,0.0,0,41.8,2.411,218.002,6.68
2022-03-04,3,B,90000,4,Home & Garden,11051.01,0,None,0.0,0,50.7,2.214,218.286,6.83
2022-03-11,3,B,90000,4,Home & Garden,11574.26,0,None,0.0,0,51.1,2.256,217.963,6.86
2022-03-18,3,B,90000,4,Home & Garden,10916.87,0,None,0.0,0,45.7,2.22,218.056,6.56
2022-03-25,3,B,90000,4,Home & Garden,10958.18,0,None,0.0,0,47.6,2.186,219.197,6.61
2022-04-01,3,B,90000,4,Home & Garden,19088.05,0,None,0.0,0,59.3,2.364,219.607,6.51
2022-04-08,3,B,90000,4,Home & Garden,20027.41,0,None,0.0,0,57.2,2.243,219.03,6.68
2022-04-15,3,B,90000,4,Home & Garden,19948.29,0,None,0.0,0,60.4,2.102,219.705,6.76
2022-04-22,3,B,90000,4,Home & Garden,19922.58,0,None,0.0,0,65.4,2.274,219.521,6.83
2022-04-29,3,B,90000,4,Home & Garden,23146.74,0,None,3395.21,1,65.8,2.371,219.155,6.67
2022-05-06,3,B,90000,4,Home & Garden,20150.08,0,None,0.0,0,71.3,2.289,219.796,6.82
2022-05-13,3,B,90000,4,Home & Garden,21022.19,0,None,0.0,0,67.6,2.095,220.522,6.5
2022-05-20,3,B,90000,4,Home & Garden,19712.2,0,None,1326.99,1,79.0,2.191,219.872,6.46
2022-05-27,3,B,90000,4,Home & Garden,23282.01,1,Memorial Day,1560.72,1,75.8,2.349,220.81,6.61
2022-06-03,3,B,90000,4,Home & Garden,21302.56,0,None,0.0,0,80.2,2.213,218.855,6.64
2022-06-10,3,B,90000,4,Home & Garden,19368.81,0,None,0.0,0,71.8,2.331,220.713,6.59
2022-06-17,3,B,90000,4,Home & Garden,21356.14,0,None,2035.1,1,82.4,2.388,220.483,6.37
2022-06-24,3,B,90000,4,Home & Garden,19648.71,0,None,0.0,0,77.6,2.285,220.427,6.56
2022-07-01,3,B,90000,4,Home & Garden,10609.26,0,None,0.0,0,75.1,2.392,220.76,6.43
2022-07-08,3,B,90000,4,Home & Garden,12129.14,0,None,2105.77,1,73.8,2.177,219.858,6.61
2022-07-15,3,B,90000,4,Home & Garden,12328.12,0,None,0.0,0,82.5,2.398,220.879,6.57
2022-07-22,3,B,90000,4,Home & Garden,11257.97,0,None,0.0,0,79.3,2.507,221.305,6.43
2022-07-29,3,B,90000,4,Home & Garden,11033.68,0,None,0.0,0,74.7,2.476,222.003,6.46
2022-08-05,3,B,90000,4,Home & Garden,11512.06,0,None,0.0,0,81.6,2.758,221.142,6.39
2022-08-12,3,B,90000,4,Home & Garden,11444.78,0,None,0.0,0,74.0,2.567,221.134,6.48
2022-08-19,3,B,90000,4,Home & Garden,11740.71,0,None,0.0,0,82.3,2.703,221.425,6.57
2022-08-26,3,B,90000,4,Home & Garden,12408.26,0,None,2203.47,1,75.1,2.806,222.271,6.36
2022-09-02,3,B,90000,4,Home & Garden,10867.04,0,None,0.0,0,72.0,2.97,222.115,6.5
2022-09-09,3,B,90000,4,Home & Garden,15983.11,1,Labor Day,3908.86,1,67.0,2.8,221.823,6.38
2022-09-16,3,B,90000,4,Home & Garden,11392.85,0,None,0.0,0,71.9,3.069,222.482,6.34
2022-09-23,3,B,90000,4,Home & Garden,11513.0,0,None,0.0,0,70.5,3.039,222.411,6.4
2022-09-30,3,B,90000,4,Home & Garden,11073.66,0,None,0.0,0,64.2,3.021,222.984,6.3
2022-10-07,3,B,90000,4,Home & Garden,10992.79,0,None,0.0,0,58.9,3.199,222.286,6.33
2022-10-14,3,B,90000,4,Home & Garden,11730.23,0,None,0.0,0,68.2,3.24,222.611,6.26
2022-10-21,3,B,90000,4,Home & Garden,12341.39,0,None,4230.73,1,60.2,3.237,222.716,6.56
2022-10-28,3,B,90000,4,Home & Garden,11754.43,0,None,2753.53,1,52.9,3.351,222.318,6.36
2022-11-04,3,B,90000,4,Home & Garden,11885.74,0,None,0.0,0,48.3,3.374,223.335,6.27
2022-11-11,3,B,90000,4,Home & Garden,11229.11,0,None,0.0,0,52.5,3.471,223.455,6.35
2022-11-18,3,B,90000,4,Home & Garden,10737.66,0,None,0.0,0,39.7,3.571,223.464,6.3
2022-11-25,3,B,90000,4,Home & Garden,21605.54,1,Thanksgiving / Black Friday,2715.32,1,48.7,3.699,223.482,6.28
2022-12-02,3,B,90000,4,Home & Garden,19816.03,1,Thanksgiving / Black Friday,1027.35,1,42.4,3.525,223.029,6.35
2022-12-09,3,B,90000,4,Home & Garden,11752.65,0,None,0.0,0,44.5,3.844,223.663,6.35
2022-12-16,3,B,90000,4,Home & Garden,12035.66,0,None,592.43,1,35.0,3.564,223.84,6.21
2022-12-23,3,B,90000,4,Home & Garden,19003.58,1,Christmas / New Year,771.7,1,36.4,3.751,223.747,6.2
2022-12-30,3,B,90000,4,Home & Garden,20117.86,1,Christmas / New Year,2359.48,1,34.7,3.851,224.205,6.22
2023-01-06,3,B,90000,4,Home & Garden,11916.99,0,None,0.0,0,43.6,3.863,224.625,6.0
2023-01-13,3,B,90000,4,Home & Garden,10928.77,0,None,0.0,0,37.4,3.824,225.504,6.07
2023-01-20,3,B,90000,4,Home & Garden,12533.02,0,None,4280.75,1,39.9,3.887,224.785,6.34
2023-01-27,3,B,90000,4,Home & Garden,12326.36,0,None,3847.7,1,31.2,3.891,224.964,6.36
2023-02-03,3,B,90000,4,Home & Garden,11222.19,0,None,0.0,0,41.5,3.905,224.935,6.16
2023-02-10,3,B,90000,4,Home & Garden,13293.99,1,Super Bowl,3936.73,1,38.3,4.038,224.151,6.23
2023-02-17,3,B,90000,4,Home & Garden,12097.7,0,None,2032.26,1,35.7,4.012,225.234,6.19
2023-02-24,3,B,90000,4,Home & Garden,11863.0,0,None,0.0,0,47.2,3.938,225.415,6.45
2023-03-03,3,B,90000,4,Home & Garden,12406.8,0,None,0.0,0,44.5,4.071,226.754,6.25
2023-03-10,3,B,90000,4,Home & Garden,12077.48,0,None,942.17,1,49.2,4.024,225.563,6.11
2023-03-17,3,B,90000,4,Home & Garden,11553.13,0,None,0.0,0,50.7,4.062,225.947,6.01
2023-03-24,3,B,90000,4,Home & Garden,11072.4,0,None,0.0,0,58.1,4.04,225.917,5.94
2023-03-31,3,B,90000,4,Home & Garden,11931.04,0,None,0.0,0,52.1,3.911,225.487,6.11
2023-04-07,3,B,90000,4,Home & Garden,21283.53,0,None,0.0,0,57.1,3.917,226.78,6.0
2023-04-14,3,B,90000,4,Home & Garden,20540.47,0,None,0.0,0,57.5,4.001,226.722,5.92
2023-04-21,3,B,90000,4,Home & Garden,19246.75,0,None,0.0,0,66.0,3.966,226.879,5.98
2023-04-28,3,B,90000,4,Home & Garden,22280.45,0,None,2201.72,1,64.5,3.888,226.166,5.93
2023-05-05,3,B,90000,4,Home & Garden,20533.02,0,None,0.0,0,73.5,3.867,227.46,6.19
2023-05-12,3,B,90000,4,Home & Garden,22489.04,0,None,3770.13,1,63.0,3.925,226.195,6.1
2023-05-19,3,B,90000,4,Home & Garden,22364.88,0,None,1179.17,1,72.9,3.737,227.326,6.0
2023-05-26,3,B,90000,4,Home & Garden,26805.37,1,Memorial Day,3651.46,1,80.9,3.786,228.266,6.14
2023-06-02,3,B,90000,4,Home & Garden,21186.75,0,None,0.0,0,73.3,3.681,226.812,5.98
2023-06-09,3,B,90000,4,Home & Garden,21669.82,0,None,2310.26,1,70.3,3.631,227.162,5.88
2023-06-16,3,B,90000,4,Home & Garden,19594.03,0,None,0.0,0,83.4,3.686,227.632,6.11
2023-06-23,3,B,90000,4,Home & Garden,18471.1,0,None,0.0,0,82.1,3.612,227.468,5.99
2023-06-30,3,B,90000,4,Home & Garden,20206.81,0,None,2166.83,1,82.0,3.556,227.082,5.82
2023-07-07,3,B,90000,4,Home & Garden,12592.11,0,None,0.0,0,78.9,3.538,228.029,5.9
2023-07-14,3,B,90000,4,Home & Garden,11354.53,0,None,0.0,0,79.4,3.377,227.601,5.82
2023-07-21,3,B,90000,4,Home & Garden,12570.87,0,None,0.0,0,85.4,3.37,228.506,5.75
2023-07-28,3,B,90000,4,Home & Garden,12067.98,0,None,0.0,0,81.8,3.23,227.947,5.97
2023-08-04,3,B,90000,4,Home & Garden,12860.44,0,None,2401.17,1,77.9,3.219,229.319,6.06
2023-08-11,3,B,90000,4,Home & Garden,12628.06,0,None,0.0,0,74.8,3.121,228.29,5.72
2023-08-18,3,B,90000,4,Home & Garden,12344.73,0,None,0.0,0,77.5,3.077,228.658,5.9
2023-08-25,3,B,90000,4,Home & Garden,11583.45,0,None,0.0,0,76.4,3.055,229.363,5.77
2023-09-01,3,B,90000,4,Home & Garden,11796.16,0,None,0.0,0,78.5,2.88,228.478,5.77
2023-09-08,3,B,90000,4,Home & Garden,14733.44,1,Labor Day,2436.85,1,66.6,3.052,229.344,5.75
2023-09-15,3,B,90000,4,Home & Garden,12193.84,0,None,0.0,0,70.0,2.744,230.022,5.71
2023-09-22,3,B,90000,4,Home & Garden,11601.58,0,None,2098.03,1,63.3,2.669,228.702,5.79
2023-09-29,3,B,90000,4,Home & Garden,11796.09,0,None,0.0,0,62.5,2.802,229.735,5.69
2023-10-06,3,B,90000,4,Home & Garden,13544.93,0,None,3008.55,1,64.7,2.718,229.91,5.79
2023-10-13,3,B,90000,4,Home & Garden,11736.17,0,None,1033.6,1,55.2,2.652,230.308,5.74
2023-10-20,3,B,90000,4,Home & Garden,11539.02,0,None,0.0,0,60.0,2.601,229.436,5.71
2023-10-27,3,B,90000,4,Home & Garden,11529.86,0,None,0.0,0,57.0,2.502,229.532,5.63
2023-11-03,3,B,90000,4,Home & Garden,11183.92,0,None,0.0,0,56.7,2.386,230.591,5.65
2023-11-10,3,B,90000,4,Home & Garden,11404.39,0,None,0.0,0,55.7,2.422,230.616,5.77
2023-11-17,3,B,90000,4,Home & Garden,11481.31,0,None,0.0,0,48.6,2.323,230.73,5.74
2023-11-24,3,B,90000,4,Home & Garden,23553.79,1,Thanksgiving / Black Friday,3544.44,1,38.7,2.42,230.915,5.58
2023-12-01,3,B,90000,4,Home & Garden,23262.37,1,Thanksgiving / Black Friday,1674.71,1,43.4,2.299,230.539,5.67
2023-12-08,3,B,90000,4,Home & Garden,11725.03,0,None,0.0,0,40.3,2.216,231.133,5.73
2023-12-15,3,B,90000,4,Home & Garden,12449.96,0,None,0.0,0,40.8,2.233,231.3,5.47
2023-12-22,3,B,90000,4,Home & Garden,21295.09,1,Christmas / New Year,3204.93,1,38.0,2.272,230.934,5.68
2023-12-29,3,B,90000,4,Home & Garden,19925.37,1,Christmas / New Year,3862.14,1,30.5,2.177,232.361,5.55
2024-01-05,3,B,90000,4,Home & Garden,12727.45,0,None,2892.95,1,33.2,2.145,231.803,5.66
2024-01-12,3,B,90000,4,Home & Garden,11357.38,0,None,0.0,0,42.1,2.223,231.108,5.51
2024-01-19,3,B,90000,4,Home & Garden,13316.46,0,None,3337.3,1,44.0,2.22,232.169,5.4
2024-01-26,3,B,90000,4,Home & Garden,12581.16,0,None,1364.93,1,42.0,2.161,231.491,5.4
2024-02-02,3,B,90000,4,Home & Garden,13124.52,0,None,0.0,0,36.5,2.169,232.509,5.56
2024-02-09,3,B,90000,4,Home & Garden,14813.34,1,Super Bowl,4385.61,1,42.7,2.235,232.832,5.57
2024-02-16,3,B,90000,4,Home & Garden,12161.79,0,None,0.0,0,38.0,2.114,231.98,5.44
2024-02-23,3,B,90000,4,Home & Garden,12608.92,0,None,0.0,0,47.2,2.135,233.009,5.58
2024-03-01,3,B,90000,4,Home & Garden,11600.43,0,None,3740.28,1,47.5,2.213,232.871,5.34
2024-03-08,3,B,90000,4,Home & Garden,12544.35,0,None,0.0,0,43.2,2.279,233.213,5.49
2024-03-15,3,B,90000,4,Home & Garden,12634.23,0,None,0.0,0,49.8,2.351,233.888,5.36
2024-03-22,3,B,90000,4,Home & Garden,12850.65,0,None,0.0,0,54.6,2.477,232.954,5.4
2024-03-29,3,B,90000,4,Home & Garden,12131.71,0,None,0.0,0,62.8,2.465,232.837,5.46
2024-04-05,3,B,90000,4,Home & Garden,19939.23,0,None,0.0,0,57.8,2.424,232.907,5.36
2024-04-12,3,B,90000,4,Home & Garden,22632.03,0,None,0.0,0,57.9,2.479,233.081,5.39
2024-04-19,3,B,90000,4,Home & Garden,21399.09,0,None,0.0,0,61.5,2.447,233.588,5.52
2024-04-26,3,B,90000,4,Home & Garden,22735.36,0,None,3517.5,1,64.6,2.575,233.934,5.35
2024-05-03,3,B,90000,4,Home & Garden,21747.84,0,None,1646.64,1,61.0,2.605,234.039,5.48
2024-05-10,3,B,90000,4,Home & Garden,21674.82,0,None,0.0,0,71.9,2.708,234.452,5.27
2024-05-17,3,B,90000,4,Home & Garden,21180.18,0,None,0.0,0,74.8,2.672,234.182,5.43
2024-05-24,3,B,90000,4,Home & Garden,28102.66,1,Memorial Day,4078.16,1,72.7,2.837,235.04,5.5
2024-05-31,3,B,90000,4,Home & Garden,20975.9,0,None,0.0,0,82.0,2.977,234.318,5.1
2024-06-07,3,B,90000,4,Home & Garden,21215.25,0,None,0.0,0,77.7,2.906,235.948,5.26
2024-06-14,3,B,90000,4,Home & Garden,20329.68,0,None,0.0,0,87.5,3.008,235.038,5.38
2024-06-21,3,B,90000,4,Home & Garden,21600.27,0,None,0.0,0,76.6,3.093,234.434,5.29
2024-06-28,3,B,90000,4,Home & Garden,21101.65,0,None,1360.29,1,87.1,3.068,234.465,5.34
2021-01-01,3,B,90000,5,Toys,9872.69,0,None,0.0,0,44.4,3.139,210.248,7.52
2021-01-08,3,B,90000,5,Toys,9631.7,0,None,0.0,0,36.0,3.144,210.068,7.49
2021-01-15,3,B,90000,5,Toys,9099.69,0,None,0.0,0,37.1,3.281,210.599,7.49
2021-01-22,3,B,90000,5,Toys,9289.64,0,None,0.0,0,37.9,3.323,211.174,7.39
2021-01-29,3,B,90000,5,Toys,9158.96,0,None,0.0,0,34.2,3.34,210.432,7.45
2021-02-05,3,B,90000,5,Toys,9615.17,0,None,0.0,0,45.9,3.337,210.57,7.49
2021-02-12,3,B,90000,5,Toys,11747.64,1,Super Bowl,4143.01,1,40.0,3.341,211.614,7.57
2021-02-19,3,B,90000,5,Toys,10036.54,0,None,0.0,0,43.3,3.483,211.345,7.51
2021-02-26,3,B,90000,5,Toys,7857.97,0,None,0.0,0,37.4,3.641,210.864,7.62
2021-03-05,3,B,90000,5,Toys,9100.44,0,None,0.0,0,43.6,3.641,211.508,7.31
2021-03-12,3,B,90000,5,Toys,8978.31,0,None,0.0,0,52.6,3.574,211.142,7.47
2021-03-19,3,B,90000,5,Toys,9129.31,0,None,0.0,0,48.6,3.734,211.278,7.39
2021-03-26,3,B,90000,5,Toys,9849.83,0,None,0.0,0,52.0,3.794,211.769,7.57
2021-04-02,3,B,90000,5,Toys,9672.82,0,None,1199.99,1,47.4,3.733,210.829,7.26
2021-04-09,3,B,90000,5,Toys,9708.79,0,None,0.0,0,60.9,3.853,211.061,7.25
2021-04-16,3,B,90000,5,Toys,9961.85,0,None,0.0,0,58.3,3.879,211.779,7.26
2021-04-23,3,B,90000,5,Toys,9832.79,0,None,0.0,0,64.8,3.813,211.691,7.09
2021-04-30,3,B,90000,5,Toys,8797.75,0,None,0.0,0,57.7,3.959,212.492,7.24
2021-05-07,3,B,90000,5,Toys,8915.44,0,None,0.0,0,66.1,3.997,212.019,7.21
2021-05-14,3,B,90000,5,Toys,8479.1,0,None,0.0,0,66.1,4.057,211.904,7.29
2021-05-21,3,B,90000,5,Toys,8613.77,0,None,1447.19,1,73.2,4.068,213.48,7.29
2021-05-28,3,B,90000,5,Toys,11308.96,1,Memorial Day,4290.41,1,74.7,3.883,212.772,7.43
2021-06-04,3,B,90000,5,Toys,9994.62,0,None,0.0,0,76.2,3.924,213.056,7.33
2021-06-11,3,B,90000,5,Toys,10165.58,0,None,0.0,0,72.9,4.041,212.447,7.16
2021-06-18,3,B,90000,5,Toys,8879.18,0,None,0.0,0,81.0,4.038,213.025,7.12
2021-06-25,3,B,90000,5,Toys,8806.79,0,None,0.0,0,75.7,4.03,213.49,7.25
2021-07-02,3,B,90000,5,Toys,9579.03,0,None,0.0,0,81.3,4.286,212.996,7.05
2021-07-09,3,B,90000,5,Toys,9965.78,0,None,0.0,0,77.9,4.007,213.897,7.36
2021-07-16,3,B,90000,5,Toys,9284.77,0,None,3258.26,1,83.2,4.032,213.546,7.28
2021-07-23,3,B,90000,5,Toys,9508.14,0,None,0.0,0,80.2,3.994,213.838,7.1
2021-07-30,3,B,90000,5,Toys,8979.99,0,None,0.0,0,79.5,3.942,213.82,6.97
2021-08-06,3,B,90000,5,Toys,10960.09,0,None,0.0,0,79.1,3.833,215.184,7.26
2021-08-13,3,B,90000,5,Toys,8682.58,0,None,0.0,0,78.5,3.883,214.389,7.1
2021-08-20,3,B,90000,5,Toys,8886.02,0,None,0.0,0,76.6,3.722,214.004,7.22
2021-08-27,3,B,90000,5,Toys,7919.95,0,None,0.0,0,79.2,3.723,215.082,6.93
2021-09-03,3,B,90000,5,Toys,10273.09,0,None,0.0,0,69.4,3.658,214.197,7.02
2021-09-10,3,B,90000,5,Toys,11275.32,1,Labor Day,3356.22,1,77.6,3.655,215.049,7.07
2021-09-17,3,B,90000,5,Toys,9200.75,0,None,0.0,0,65.5,3.784,214.103,7.06
2021-09-24,3,B,90000,5,Toys,9329.86,0,None,671.13,1,69.4,3.396,214.556,7.0
2021-10-01,3,B,90000,5,Toys,9699.97,0,None,0.0,0,64.0,3.545,215.456,7.09
2021-10-08,3,B,90000,5,Toys,10747.89,0,None,2097.2,1,65.3,3.305,215.864,6.91
2021-10-15,3,B,90000,5,Toys,9480.96,0,None,0.0,0,60.1,3.337,215.718,6.99
2021-10-22,3,B,90000,5,Toys,9568.82,0,None,0.0,0,60.9,3.403,215.711,7.0
2021-10-29,3,B,90000,5,Toys,10594.97,0,None,0.0,0,50.9,3.26,215.756,7.03
2021-11-05,3,B,90000,5,Toys,19757.21,0,None,0.0,0,48.2,3.107,215.305,7.04
2021-11-12,3,B,90000,5,Toys,20269.8,0,None,0.0,0,48.1,3.074,215.821,6.84
2021-11-19,3,B,90000,5,Toys,18702.81,0,None,0.0,0,43.3,3.123,216.088,6.79
2021-11-26,3,B,90000,5,Toys,45426.95,1,Thanksgiving / Black Friday,2746.46,1,49.5,2.949,216.985,7.06
2021-12-03,3,B,90000,5,Toys,38990.7,1,Thanksgiving / Black Friday,3166.15,1,47.3,2.963,216.765,6.95
2021-12-10,3,B,90000,5,Toys,21477.66,0,None,0.0,0,49.4,2.888,215.849,6.83
2021-12-17,3,B,90000,5,Toys,18850.03,0,None,0.0,0,40.2,2.773,217.03,7.05
2021-12-24,3,B,90000,5,Toys,38098.41,1,Christmas / New Year,2080.31,1,39.2,2.938,216.813,6.9
2021-12-31,3,B,90000,5,Toys,39941.37,1,Christmas / New Year,1993.86,1,34.2,2.76,216.804,6.99
2022-01-07,3,B,90000,5,Toys,9410.14,0,None,620.77,1,35.8,2.492,217.586,6.87
2022-01-14,3,B,90000,5,Toys,8732.06,0,None,0.0,0,35.5,2.617,217.933,7.05
2022-01-21,3,B,90000,5,Toys,9858.16,0,None,0.0,0,39.6,2.498,218.021,7.01
2022-01-28,3,B,90000,5,Toys,10385.93,0,None,0.0,0,37.7,2.571,217.273,6.8
2022-02-04,3,B,90000,5,Toys,9023.81,0,None,0.0,0,38.2,2.395,217.675,6.91
2022-02-11,3,B,90000,5,Toys,12789.32,1,Super Bowl,4243.82,1,35.4,2.407,218.133,6.86
2022-02-18,3,B,90000,5,Toys,9634.35,0,None,0.0,0,41.0,2.418,218.592,6.92
2022-02-25,3,B,90000,5,Toys,10121.54,0,None,2854.76,1,46.8,2.411,218.002,6.68
2022-03-04,3,B,90000,5,Toys,10276.43,0,None,549.16,1,46.0,2.214,218.286,6.83
2022-03-11,3,B,90000,5,Toys,9969.39,0,None,0.0,0,48.4,2.256,217.963,6.86
2022-03-18,3,B,90000,5,Toys,9844.76,0,None,0.0,0,48.4,2.22,218.056,6.56
2022-03-25,3,B,90000,5,Toys,10944.45,0,None,2627.89,1,58.4,2.186,219.197,6.61
2022-04-01,3,B,90000,5,Toys,9410.53,0,None,0.0,0,52.4,2.364,219.607,6.51
2022-04-08,3,B,90000,5,Toys,10612.72,0,None,583.38,1,58.6,2.243,219.03,6.68
2022-04-15,3,B,90000,5,Toys,8696.22,0,None,0.0,0,65.7,2.102,219.705,6.76
2022-04-22,3,B,90000,5,Toys,9472.93,0,None,0.0,0,58.6,2.274,219.521,6.83
2022-04-29,3,B,90000,5,Toys,9649.46,0,None,0.0,0,70.6,2.371,219.155,6.67
2022-05-06,3,B,90000,5,Toys,9765.47,0,None,1178.89,1,72.5,2.289,219.796,6.82
2022-05-13,3,B,90000,5,Toys,8481.93,0,None,0.0,0,68.4,2.095,220.522,6.5
2022-05-20,3,B,90000,5,Toys,8457.71,0,None,0.0,0,77.4,2.191,219.872,6.46
2022-05-27,3,B,90000,5,Toys,11084.94,1,Memorial Day,1683.25,1,74.5,2.349,220.81,6.61
2022-06-03,3,B,90000,5,Toys,10187.78,0,None,4399.49,1,77.9,2.213,218.855,6.64
2022-06-10,3,B,90000,5,Toys,10160.7,0,None,0.0,0,85.1,2.331,220.713,6.59
2022-06-17,3,B,90000,5,Toys,9589.58,0,None,0.0,0,82.3,2.388,220.483,6.37
2022-06-24,3,B,90000,5,Toys,8972.88,0,None,0.0,0,80.4,2.285,220.427,6.56
2022-07-01,3,B,90000,5,Toys,10102.66,0,None,0.0,0,83.2,2.392,220.76,6.43
2022-07-08,3,B,90000,5,Toys,9559.31,0,None,0.0,0,79.9,2.177,219.858,6.61
2022-07-15,3,B,90000,5,Toys,10163.12,0,None,0.0,0,81.2,2.398,220.879,6.57
2022-07-22,3,B,90000,5,Toys,8943.54,0,None,584.1,1,80.3,2.507,221.305,6.43
2022-07-29,3,B,90000,5,Toys,9301.26,0,None,0.0,0,80.5,2.476,222.003,6.46
2022-08-05,3,B,90000,5,Toys,10560.37,0,None,2052.2,1,81.1,2.758,221.142,6.39
2022-08-12,3,B,90000,5,Toys,9752.68,0,None,0.0,0,77.2,2.567,221.134,6.48
2022-08-19,3,B,90000,5,Toys,10347.65,0,None,1015.75,1,74.5,2.703,221.425,6.57
2022-08-26,3,B,90000,5,Toys,9489.95,0,None,0.0,0,74.8,2.806,222.271,6.36
2022-09-02,3,B,90000,5,Toys,10813.38,0,None,0.0,0,78.6,2.97,222.115,6.5
2022-09-09,3,B,90000,5,Toys,13449.61,1,Labor Day,4473.49,1,74.0,2.8,221.823,6.38
2022-09-16,3,B,90000,5,Toys,9980.42,0,None,0.0,0,72.3,3.069,222.482,6.34
2022-09-23,3,B,90000,5,Toys,9542.0,0,None,0.0,0,68.3,3.039,222.411,6.4
2022-09-30,3,B,90000,5,Toys,11088.87,0,None,2692.48,1,68.7,3.021,222.984,6.3
2022-10-07,3,B,90000,5,Toys,9955.18,0,None,1530.96,1,62.1,3.199,222.286,6.33
2022-10-14,3,B,90000,5,Toys,10747.14,0,None,0.0,0,60.9,3.24,222.611,6.26
2022-10-21,3,B,90000,5,Toys,11282.59,0,None,3942.42,1,51.7,3.237,222.716,6.56
2022-10-28,3,B,90000,5,Toys,9441.36,0,None,0.0,0,54.3,3.351,222.318,6.36
2022-11-04,3,B,90000,5,Toys,21836.43,0,None,2628.63,1,50.5,3.374,223.335,6.27
2022-11-11,3,B,90000,5,Toys,19887.5,0,None,0.0,0,46.3,3.471,223.455,6.35
2022-11-18,3,B,90000,5,Toys,21380.72,0,None,0.0,0,45.3,3.571,223.464,6.3
2022-11-25,3,B,90000,5,Toys,41930.95,1,Thanksgiving / Black Friday,1767.78,1,44.7,3.699,223.482,6.28
2022-12-02,3,B,90000,5,Toys,43724.91,1,Thanksgiving / Black Friday,1469.32,1,44.5,3.525,223.029,6.35
2022-12-09,3,B,90000,5,Toys,22264.5,0,None,0.0,0,48.0,3.844,223.663,6.35
2022-12-16,3,B,90000,5,Toys,21912.31,0,None,0.0,0,39.7,3.564,223.84,6.21
2022-12-23,3,B,90000,5,Toys,43700.43,1,Christmas / New Year,3890.45,1,38.1,3.751,223.747,6.2
2022-12-30,3,B,90000,5,Toys,38713.28,1,Christmas / New Year,790.73,1,33.6,3.851,224.205,6.22
2023-01-06,3,B,90000,5,Toys,11098.05,0,None,2100.88,1,39.6,3.863,224.625,6.0
2023-01-13,3,B,90000,5,Toys,9520.57,0,None,0.0,0,39.0,3.824,225.504,6.07
2023-01-20,3,B,90000,5,Toys,8939.33,0,None,0.0,0,37.8,3.887,224.785,6.34
2023-01-27,3,B,90000,5,Toys,8673.86,0,None,0.0,0,47.0,3.891,224.964,6.36
2023-02-03,3,B,90000,5,Toys,10572.79,0,None,0.0,0,39.6,3.905,224.935,6.16
2023-02-10,3,B,90000,5,Toys,12262.43,1,Super Bowl,2674.18,1,41.0,4.038,224.151,6.23
2023-02-17,3,B,90000,5,Toys,10276.0,0,None,0.0,0,40.2,4.012,225.234,6.19
2023-02-24,3,B,90000,5,Toys,9873.94,0,None,0.0,0,38.6,3.938,225.415,6.45
2023-03-03,3,B,90000,5,Toys,9851.46,0,None,0.0,0,50.2,4.071,226.754,6.25
2023-03-10,3,B,90000,5,Toys,9725.81,0,None,0.0,0,44.2,4.024,225.563,6.11
2023-03-17,3,B,90000,5,Toys,10697.39,0,None,0.0,0,51.3,4.062,225.947,6.01
2023-03-24,3,B,90000,5,Toys,10038.67,0,None,0.0,0,46.9,4.04,225.917,5.94
2023-03-31,3,B,90000,5,Toys,9389.8,0,None,0.0,0,61.4,3.911,225.487,6.11
2023-04-07,3,B,90000,5,Toys,11123.56,0,None,0.0,0,56.7,3.917,226.78,6.0
2023-04-14,3,B,90000,5,Toys,8911.46,0,None,0.0,0,64.0,4.001,226.722,5.92
2023-04-21,3,B,90000,5,Toys,9784.5,0,None,0.0,0,59.5,3.966,226.879,5.98
2023-04-28,3,B,90000,5,Toys,9366.59,0,None,0.0,0,68.6,3.888,226.166,5.93
2023-05-05,3,B,90000,5,Toys,10631.5,0,None,0.0,0,66.7,3.867,227.46,6.19
2023-05-12,3,B,90000,5,Toys,11863.7,0,None,2691.48,1,69.2,3.925,226.195,6.1
2023-05-19,3,B,90000,5,Toys,10246.13,0,None,1344.15,1,77.3,3.737,227.326,6.0
2023-05-26,3,B,90000,5,Toys,13869.34,1,Memorial Day,3009.76,1,73.0,3.786,228.266,6.14
2023-06-02,3,B,90000,5,Toys,9512.48,0,None,0.0,0,81.2,3.681,226.812,5.98
2023-06-09,3,B,90000,5,Toys,10208.73,0,None,3896.28,1,74.8,3.631,227.162,5.88
2023-06-16,3,B,90000,5,Toys,11558.43,0,None,3992.14,1,81.2,3.686,227.632,6.11
2023-06-23,3,B,90000,5,Toys,9701.44,0,None,0.0,0,85.5,3.612,227.468,5.99
2023-06-30,3,B,90000,5,Toys,9614.38,0,None,0.0,0,85.2,3.556,227.082,5.82
2023-07-07,3,B,90000,5,Toys,10092.09,0,None,0.0,0,85.9,3.538,228.029,5.9
2023-07-14,3,B,90000,5,Toys,10587.29,0,None,0.0,0,81.9,3.377,227.601,5.82
2023-07-21,3,B,90000,5,Toys,10087.9,0,None,0.0,0,79.6,3.37,228.506,5.75
2023-07-28,3,B,90000,5,Toys,10534.09,0,None,0.0,0,78.1,3.23,227.947,5.97
2023-08-04,3,B,90000,5,Toys,11497.2,0,None,0.0,0,83.6,3.219,229.319,6.06
2023-08-11,3,B,90000,5,Toys,10478.55,0,None,0.0,0,75.1,3.121,228.29,5.72
2023-08-18,3,B,90000,5,Toys,11535.76,0,None,0.0,0,77.2,3.077,228.658,5.9
2023-08-25,3,B,90000,5,Toys,9804.4,0,None,0.0,0,73.5,3.055,229.363,5.77
2023-09-01,3,B,90000,5,Toys,10973.48,0,None,1890.69,1,73.2,2.88,228.478,5.77
2023-09-08,3,B,90000,5,Toys,12480.45,1,Labor Day,910.34,1,78.1,3.052,229.344,5.75
2023-09-15,3,B,90000,5,Toys,9573.41,0,None,0.0,0,74.5,2.744,230.022,5.71
2023-09-22,3,B,90000,5,Toys,10060.79,0,None,0.0,0,69.9,2.669,228.702,5.79
2023-09-29,3,B,90000,5,Toys,10153.96,0,None,1017.61,1,65.5,2.802,229.735,5.69
2023-10-06,3,B,90000,5,Toys,10444.67,0,None,0.0,0,56.4,2.718,229.91,5.79
2023-10-13,3,B,90000,5,Toys,10091.38,0,None,0.0,0,56.6,2.652,230.308,5.74
2023-10-20,3,B,90000,5,Toys,11194.46,0,None,2007.28,1,54.5,2.601,229.436,5.71
2023-10-27,3,B,90000,5,Toys,10922.78,0,None,0.0,0,63.3,2.502,229.532,5.63
2023-11-03,3,B,90000,5,Toys,22088.31,0,None,0.0,0,45.9,2.386,230.591,5.65
2023-11-10,3,B,90000,5,Toys,22807.79,0,None,0.0,0,56.1,2.422,230.616,5.77
2023-11-17,3,B,90000,5,Toys,25734.01,0,None,4451.93,1,46.3,2.323,230.73,5.74
2023-11-24,3,B,90000,5,Toys,43117.99,1,Thanksgiving / Black Friday,651.99,1,50.0,2.42,230.915,5.58
2023-12-01,3,B,90000,5,Toys,45877.85,1,Thanksgiving / Black Friday,923.12,1,53.4,2.299,230.539,5.67
2023-12-08,3,B,90000,5,Toys,20782.22,0,None,0.0,0,40.6,2.216,231.133,5.73
2023-12-15,3,B,90000,5,Toys,22861.12,0,None,0.0,0,39.9,2.233,231.3,5.47
2023-12-22,3,B,90000,5,Toys,47705.74,1,Christmas / New Year,2541.05,1,45.5,2.272,230.934,5.68
2023-12-29,3,B,90000,5,Toys,41946.56,1,Christmas / New Year,1433.58,1,33.0,2.177,232.361,5.55
2024-01-05,3,B,90000,5,Toys,11131.53,0,None,0.0,0,40.7,2.145,231.803,5.66
2024-01-12,3,B,90000,5,Toys,9947.57,0,None,1671.34,1,37.1,2.223,231.108,5.51
2024-01-19,3,B,90000,5,Toys,10526.84,0,None,0.0,0,42.7,2.22,232.169,5.4
2024-01-26,3,B,90000,5,Toys,10556.38,0,None,550.37,1,36.6,2.161,231.491,5.4
2024-02-02,3,B,90000,5,Toys,10680.75,0,None,0.0,0,43.0,2.169,232.509,5.56
2024-02-09,3,B,90000,5,Toys,11612.77,1,Super Bowl,2536.01,1,35.1,2.235,232.832,5.57
2024-02-16,3,B,90000,5,Toys,9921.72,0,None,0.0,0,50.1,2.114,231.98,5.44
2024-02-23,3,B,90000,5,Toys,10295.79,0,None,0.0,0,44.7,2.135,233.009,5.58
2024-03-01,3,B,90000,5,Toys,9043.65,0,None,0.0,0,39.8,2.213,232.871,5.34
2024-03-08,3,B,90000,5,Toys,11489.83,0,None,2701.18,1,46.8,2.279,233.213,5.49
2024-03-15,3,B,90000,5,Toys,10224.51,0,None,0.0,0,43.9,2.351,233.888,5.36
2024-03-22,3,B,90000,5,Toys,10182.43,0,None,0.0,0,51.0,2.477,232.954,5.4
2024-03-29,3,B,90000,5,Toys,11072.63,0,None,0.0,0,57.6,2.465,232.837,5.46
2024-04-05,3,B,90000,5,Toys,11265.93,0,None,0.0,0,60.1,2.424,232.907,5.36
2024-04-12,3,B,90000,5,Toys,10765.8,0,None,0.0,0,60.7,2.479,233.081,5.39
2024-04-19,3,B,90000,5,Toys,11299.98,0,None,0.0,0,55.3,2.447,233.588,5.52
2024-04-26,3,B,90000,5,Toys,11002.09,0,None,3607.33,1,63.3,2.575,233.934,5.35
2024-05-03,3,B,90000,5,Toys,9831.07,0,None,0.0,0,67.3,2.605,234.039,5.48
2024-05-10,3,B,90000,5,Toys,9789.23,0,None,0.0,0,71.3,2.708,234.452,5.27
2024-05-17,3,B,90000,5,Toys,10814.06,0,None,0.0,0,77.4,2.672,234.182,5.43
2024-05-24,3,B,90000,5,Toys,12679.17,1,Memorial Day,3186.57,1,80.5,2.837,235.04,5.5
2024-05-31,3,B,90000,5,Toys,10188.0,0,None,0.0,0,66.7,2.977,234.318,5.1
2024-06-07,3,B,90000,5,Toys,10920.22,0,None,0.0,0,72.6,2.906,235.948,5.26
2024-06-14,3,B,90000,5,Toys,9270.32,0,None,0.0,0,82.5,3.008,235.038,5.38
2024-06-21,3,B,90000,5,Toys,9407.58,0,None,0.0,0,74.5,3.093,234.434,5.29
2024-06-28,3,B,90000,5,Toys,12054.05,0,None,0.0,0,80.5,3.068,234.465,5.34
2021-01-01,3,B,90000,6,Health & Beauty,13137.73,0,None,2031.67,1,37.2,3.139,210.248,7.52
2021-01-08,3,B,90000,6,Health & Beauty,12833.15,0,None,0.0,0,40.6,3.144,210.068,7.49
2021-01-15,3,B,90000,6,Health & Beauty,12908.95,0,None,0.0,0,38.9,3.281,210.599,7.49
2021-01-22,3,B,90000,6,Health & Beauty,14598.06,0,None,3378.66,1,38.2,3.323,211.174,7.39
2021-01-29,3,B,90000,6,Health & Beauty,13537.39,0,None,0.0,0,42.6,3.34,210.432,7.45
2021-02-05,3,B,90000,6,Health & Beauty,13863.28,0,None,2178.62,1,34.9,3.337,210.57,7.49
2021-02-12,3,B,90000,6,Health & Beauty,16767.36,1,Super Bowl,4377.4,1,42.3,3.341,211.614,7.57
2021-02-19,3,B,90000,6,Health & Beauty,14704.31,0,None,3660.3,1,37.6,3.483,211.345,7.51
2021-02-26,3,B,90000,6,Health & Beauty,14197.07,0,None,0.0,0,44.5,3.641,210.864,7.62
2021-03-05,3,B,90000,6,Health & Beauty,13852.8,0,None,0.0,0,40.5,3.641,211.508,7.31
2021-03-12,3,B,90000,6,Health & Beauty,15102.17,0,None,2501.98,1,46.3,3.574,211.142,7.47
2021-03-19,3,B,90000,6,Health & Beauty,14169.73,0,None,0.0,0,51.3,3.734,211.278,7.39
2021-03-26,3,B,90000,6,Health & Beauty,15790.4,0,None,0.0,0,47.1,3.794,211.769,7.57
2021-04-02,3,B,90000,6,Health & Beauty,17178.12,0,None,3659.79,1,54.2,3.733,210.829,7.26
2021-04-09,3,B,90000,6,Health & Beauty,15809.77,0,None,0.0,0,59.0,3.853,211.061,7.25
2021-04-16,3,B,90000,6,Health & Beauty,16863.74,0,None,3744.63,1,52.0,3.879,211.779,7.26
2021-04-23,3,B,90000,6,Health & Beauty,15633.66,0,None,0.0,0,64.3,3.813,211.691,7.09
2021-04-30,3,B,90000,6,Health & Beauty,16302.61,0,None,0.0,0,69.9,3.959,212.492,7.24
2021-05-07,3,B,90000,6,Health & Beauty,17002.0,0,None,3822.33,1,65.6,3.997,212.019,7.21
2021-05-14,3,B,90000,6,Health & Beauty,16475.53,0,None,0.0,0,66.7,4.057,211.904,7.29
2021-05-21,3,B,90000,6,Health & Beauty,16960.54,0,None,0.0,0,70.3,4.068,213.48,7.29
2021-05-28,3,B,90000,6,Health & Beauty,20965.87,1,Memorial Day,3503.71,1,73.6,3.883,212.772,7.43
2021-06-04,3,B,90000,6,Health & Beauty,16644.97,0,None,0.0,0,75.3,3.924,213.056,7.33
2021-06-11,3,B,90000,6,Health & Beauty,14473.24,0,None,0.0,0,80.6,4.041,212.447,7.16
2021-06-18,3,B,90000,6,Health & Beauty,17246.41,0,None,0.0,0,80.6,4.038,213.025,7.12
2021-06-25,3,B,90000,6,Health & Beauty,17056.62,0,None,0.0,0,77.6,4.03,213.49,7.25
2021-07-02,3,B,90000,6,Health & Beauty,16827.49,0,None,0.0,0,82.0,4.286,212.996,7.05
2021-07-09,3,B,90000,6,Health & Beauty,15986.15,0,None,0.0,0,82.4,4.007,213.897,7.36
2021-07-16,3,B,90000,6,Health & Beauty,16976.82,0,None,0.0,0,83.3,4.032,213.546,7.28
2021-07-23,3,B,90000,6,Health & Beauty,15451.58,0,None,0.0,0,78.5,3.994,213.838,7.1
2021-07-30,3,B,90000,6,Health & Beauty,16041.21,0,None,0.0,0,79.0,3.942,213.82,6.97
2021-08-06,3,B,90000,6,Health & Beauty,16103.52,0,None,0.0,0,82.0,3.833,215.184,7.26
2021-08-13,3,B,90000,6,Health & Beauty,15879.24,0,None,0.0,0,75.7,3.883,214.389,7.1
2021-08-20,3,B,90000,6,Health & Beauty,15486.44,0,None,0.0,0,77.9,3.722,214.004,7.22
2021-08-27,3,B,90000,6,Health & Beauty,15221.08,0,None,0.0,0,71.7,3.723,215.082,6.93
2021-09-03,3,B,90000,6,Health & Beauty,15500.88,0,None,0.0,0,79.6,3.658,214.197,7.02
2021-09-10,3,B,90000,6,Health & Beauty,18170.83,1,Labor Day,4443.89,1,67.3,3.655,215.049,7.07
2021-09-17,3,B,90000,6,Health & Beauty,13457.28,0,None,0.0,0,71.8,3.784,214.103,7.06
2021-09-24,3,B,90000,6,Health & Beauty,14986.59,0,None,1477.81,1,67.0,3.396,214.556,7.0
2021-10-01,3,B,90000,6,Health & Beauty,13817.72,0,None,0.0,0,69.7,3.545,215.456,7.09
2021-10-08,3,B,90000,6,Health & Beauty,15008.46,0,None,2531.45,1,61.4,3.305,215.864,6.91
2021-10-15,3,B,90000,6,Health & Beauty,13193.9,0,None,0.0,0,58.5,3.337,215.718,6.99
2021-10-22,3,B,90000,6,Health & Beauty,12188.72,0,None,0.0,0,55.5,3.403,215.711,7.0
2021-10-29,3,B,90000,6,Health & Beauty,13454.46,0,None,0.0,0,50.6,3.26,215.756,7.03
2021-11-05,3,B,90000,6,Health & Beauty,12710.32,0,None,0.0,0,49.6,3.107,215.305,7.04
2021-11-12,3,B,90000,6,Health & Beauty,12707.89,0,None,0.0,0,53.7,3.074,215.821,6.84
2021-11-19,3,B,90000,6,Health & Beauty,13540.17,0,None,0.0,0,46.1,3.123,216.088,6.79
2021-11-26,3,B,90000,6,Health & Beauty,22858.07,1,Thanksgiving / Black Friday,3220.85,1,48.6,2.949,216.985,7.06
2021-12-03,3,B,90000,6,Health & Beauty,22648.63,1,Thanksgiving / Black Friday,3226.06,1,38.6,2.963,216.765,6.95
2021-12-10,3,B,90000,6,Health & Beauty,12504.28,0,None,0.0,0,39.5,2.888,215.849,6.83
2021-12-17,3,B,90000,6,Health & Beauty,12543.8,0,None,0.0,0,39.6,2.773,217.03,7.05
2021-12-24,3,B,90000,6,Health & Beauty,19945.8,1,Christmas / New Year,759.09,1,41.4,2.938,216.813,6.9
2021-12-31,3,B,90000,6,Health & Beauty,21782.1,1,Christmas / New Year,2073.74,1,41.4,2.76,216.804,6.99
2022-01-07,3,B,90000,6,Health & Beauty,14314.99,0,None,1843.66,1,40.4,2.492,217.586,6.87
2022-01-14,3,B,90000,6,Health & Beauty,13397.89,0,None,0.0,0,39.0,2.617,217.933,7.05
2022-01-21,3,B,90000,6,Health & Beauty,13130.5,0,None,0.0,0,33.9,2.498,218.021,7.01
2022-01-28,3,B,90000,6,Health & Beauty,13554.8,0,None,0.0,0,41.9,2.571,217.273,6.8
2022-02-04,3,B,90000,6,Health & Beauty,13165.71,0,None,0.0,0,34.5,2.395,217.675,6.91
2022-02-11,3,B,90000,6,Health & Beauty,18479.69,1,Super Bowl,4445.42,1,30.5,2.407,218.133,6.86
2022-02-18,3,B,90000,6,Health & Beauty,14918.82,0,None,3868.84,1,36.5,2.418,218.592,6.92
2022-02-25,3,B,90000,6,Health & Beauty,14826.37,0,None,2866.68,1,50.4,2.411,218.002,6.68
2022-03-04,3,B,90000,6,Health & Beauty,15798.21,0,None,3113.09,1,47.2,2.214,218.286,6.83
2022-03-11,3,B,90000,6,Health & Beauty,16804.44,0,None,2820.71,1,46.2,2.256,217.963,6.86
2022-03-18,3,B,90000,6,Health & Beauty,15717.99,0,None,0.0,0,53.4,2.22,218.056,6.56
2022-03-25,3,B,90000,6,Health & Beauty,16339.55,0,None,1526.97,1,51.8,2.186,219.197,6.61
2022-04-01,3,B,90000,6,Health & Beauty,16460.06,0,None,0.0,0,51.4,2.364,219.607,6.51
2022-04-08,3,B,90000,6,Health & Beauty,15946.04,0,None,0.0,0,58.8,2.243,219.03,6.68
2022-04-15,3,B,90000,6,Health & Beauty,16808.98,0,None,0.0,0,57.1,2.102,219.705,6.76
2022-04-22,3,B,90000,6,Health & Beauty,17177.57,0,None,0.0,0,71.9,2.274,219.521,6.83
2022-04-29,3,B,90000,6,Health & Beauty,16431.02,0,None,0.0,0,66.5,2.371,219.155,6.67
2022-05-06,3,B,90000,6,Health & Beauty,16906.87,0,None,0.0,0,71.0,2.289,219.796,6.82
2022-05-13,3,B,90000,6,Health & Beauty,17087.65,0,None,0.0,0,73.5,2.095,220.522,6.5
2022-05-20,3,B,90000,6,Health & Beauty,17292.26,0,None,0.0,0,72.9,2.191,219.872,6.46
2022-05-27,3,B,90000,6,Health & Beauty,19230.13,1,Memorial Day,987.01,1,74.8,2.349,220.81,6.61
2022-06-03,3,B,90000,6,Health & Beauty,18016.06,0,None,2666.57,1,80.7,2.213,218.855,6.64
2022-06-10,3,B,90000,6,Health & Beauty,17618.81,0,None,0.0,0,77.2,2.331,220.713,6.59
2022-06-17,3,B,90000,6,Health & Beauty,17066.67,0,None,0.0,0,80.5,2.388,220.483,6.37
2022-06-24,3,B,90000,6,Health & Beauty,18966.84,0,None,3560.25,1,77.2,2.285,220.427,6.56
2022-07-01,3,B,90000,6,Health & Beauty,16604.3,0,None,0.0,0,81.9,2.392,220.76,6.43
2022-07-08,3,B,90000,6,Health & Beauty,16950.4,0,None,0.0,0,88.1,2.177,219.858,6.61
2022-07-15,3,B,90000,6,Health & Beauty,16118.32,0,None,0.0,0,89.2,2.398,220.879,6.57
2022-07-22,3,B,90000,6,Health & Beauty,15579.57,0,None,0.0,0,83.6,2.507,221.305,6.43
2022-07-29,3,B,90000,6,Health & Beauty,18161.65,0,None,0.0,0,78.9,2.476,222.003,6.46
2022-08-05,3,B,90000,6,Health & Beauty,16092.18,0,None,0.0,0,76.4,2.758,221.142,6.39
2022-08-12,3,B,90000,6,Health & Beauty,16016.29,0,None,0.0,0,75.6,2.567,221.134,6.48
2022-08-19,3,B,90000,6,Health & Beauty,17402.71,0,None,1122.7,1,79.0,2.703,221.425,6.57
2022-08-26,3,B,90000,6,Health & Beauty,15290.74,0,None,0.0,0,79.5,2.806,222.271,6.36
2022-09-02,3,B,90000,6,Health & Beauty,15724.48,0,None,0.0,0,71.5,2.97,222.115,6.5
2022-09-09,3,B,90000,6,Health & Beauty,19260.41,1,Labor Day,3452.77,1,75.8,2.8,221.823,6.38
2022-09-16,3,B,90000,6,Health & Beauty,15515.37,0,None,2651.69,1,70.2,3.069,222.482,6.34
2022-09-23,3,B,90000,6,Health & Beauty,14651.4,0,None,0.0,0,70.6,3.039,222.411,6.4
2022-09-30,3,B,90000,6,Health & Beauty,15467.74,0,None,0.0,0,70.4,3.021,222.984,6.3
2022-10-07,3,B,90000,6,Health & Beauty,13738.67,0,None,0.0,0,59.0,3.199,222.286,6.33
2022-10-14,3,B,90000,6,Health & Beauty,15089.57,0,None,3273.58,1,58.8,3.24,222.611,6.26
2022-10-21,3,B,90000,6,Health & Beauty,13501.6,0,None,1640.4,1,60.4,3.237,222.716,6.56
2022-10-28,3,B,90000,6,Health & Beauty,14425.34,0,None,0.0,0,53.2,3.351,222.318,6.36
2022-11-04,3,B,90000,6,Health & Beauty,14355.83,0,None,0.0,0,53.0,3.374,223.335,6.27
2022-11-11,3,B,90000,6,Health & Beauty,12453.79,0,None,0.0,0,53.8,3.471,223.455,6.35
2022-11-18,3,B,90000,6,Health & Beauty,12942.05,0,None,0.0,0,44.7,3.571,223.464,6.3
2022-11-25,3,B,90000,6,Health & Beauty,22889.01,1,Thanksgiving / Black Friday,912.08,1,49.9,3.699,223.482,6.28
2022-12-02,3,B,90000,6,Health & Beauty,23111.24,1,Thanksgiving / Black Friday,1847.71,1,44.0,3.525,223.029,6.35
2022-12-09,3,B,90000,6,Health & Beauty,12788.44,0,None,0.0,0,46.0,3.844,223.663,6.35
2022-12-16,3,B,90000,6,Health & Beauty,12930.1,0,None,0.0,0,43.8,3.564,223.84,6.21
2022-12-23,3,B,90000,6,Health & Beauty,22276.24,1,Christmas / New Year,1341.68,1,45.3,3.751,223.747,6.2
2022-12-30,3,B,90000,6,Health & Beauty,23060.48,1,Christmas / New Year,3058.47,1,38.8,3.851,224.205,6.22
2023-01-06,3,B,90000,6,Health & Beauty,14246.59,0,None,0.0,0,34.4,3.863,224.625,6.0
2023-01-13,3,B,90000,6,Health & Beauty,13942.34,0,None,0.0,0,40.4,3.824,225.504,6.07
2023-01-20,3,B,90000,6,Health & Beauty,13957.65,0,None,0.0,0,41.5,3.887,224.785,6.34
2023-01-27,3,B,90000,6,Health & Beauty,14026.46,0,None,0.0,0,37.6,3.891,224.964,6.36
2023-02-03,3,B,90000,6,Health & Beauty,14700.71,0,None,0.0,0,34.9,3.905,224.935,6.16
2023-02-10,3,B,90000,6,Health & Beauty,16591.12,1,Super Bowl,1063.54,1,44.3,4.038,224.151,6.23
2023-02-17,3,B,90000,6,Health & Beauty,13745.07,0,None,0.0,0,42.6,4.012,225.234,6.19
2023-02-24,3,B,90000,6,Health & Beauty,15835.93,0,None,1170.46,1,41.6,3.938,225.415,6.45
2023-03-03,3,B,90000,6,Health & Beauty,15779.52,0,None,950.79,1,53.4,4.071,226.754,6.25
2023-03-10,3,B,90000,6,Health & Beauty,15714.5,0,None,0.0,0,46.6,4.024,225.563,6.11
2023-03-17,3,B,90000,6,Health & Beauty,17662.95,0,None,4114.98,1,47.1,4.062,225.947,6.01
2023-03-24,3,B,90000,6,Health & Beauty,16515.6,0,None,0.0,0,54.5,4.04,225.917,5.94
2023-03-31,3,B,90000,6,Health & Beauty,15927.34,0,None,0.0,0,56.5,3.911,225.487,6.11
2023-04-07,3,B,90000,6,Health & Beauty,16133.94,0,None,0.0,0,54.6,3.917,226.78,6.0
2023-04-14,3,B,90000,6,Health & Beauty,16096.96,0,None,0.0,0,61.7,4.001,226.722,5.92
2023-04-21,3,B,90000,6,Health & Beauty,17380.84,0,None,0.0,0,61.9,3.966,226.879,5.98
2023-04-28,3,B,90000,6,Health & Beauty,17264.52,0,None,0.0,0,66.2,3.888,226.166,5.93
2023-05-05,3,B,90000,6,Health & Beauty,19139.03,0,None,4078.84,1,78.4,3.867,227.46,6.19
2023-05-12,3,B,90000,6,Health & Beauty,17572.59,0,None,0.0,0,69.4,3.925,226.195,6.1
2023-05-19,3,B,90000,6,Health & Beauty,19081.02,0,None,1048.27,1,68.0,3.737,227.326,6.0
2023-05-26,3,B,90000,6,Health & Beauty,21533.28,1,Memorial Day,1993.26,1,76.4,3.786,228.266,6.14
2023-06-02,3,B,90000,6,Health & Beauty,18382.26,0,None,0.0,0,78.0,3.681,226.812,5.98
2023-06-09,3,B,90000,6,Health & Beauty,19077.89,0,None,0.0,0,73.9,3.631,227.162,5.88
2023-06-16,3,B,90000,6,Health & Beauty,18565.17,0,None,0.0,0,81.9,3.686,227.632,6.11
2023-06-23,3,B,90000,6,Health & Beauty,19022.63,0,None,0.0,0,81.3,3.612,227.468,5.99
2023-06-30,3,B,90000,6,Health & Beauty,17776.25,0,None,0.0,0,77.8,3.556,227.082,5.82
2023-07-07,3,B,90000,6,Health & Beauty,17152.92,0,None,0.0,0,77.3,3.538,228.029,5.9
2023-07-14,3,B,90000,6,Health & Beauty,17747.38,0,None,0.0,0,80.8,3.377,227.601,5.82
2023-07-21,3,B,90000,6,Health & Beauty,17832.2,0,None,0.0,0,88.2,3.37,228.506,5.75
2023-07-28,3,B,90000,6,Health & Beauty,16142.36,0,None,0.0,0,74.9,3.23,227.947,5.97
2023-08-04,3,B,90000,6,Health & Beauty,17553.6,0,None,0.0,0,77.9,3.219,229.319,6.06
2023-08-11,3,B,90000,6,Health & Beauty,17360.09,0,None,0.0,0,77.3,3.121,228.29,5.72
2023-08-18,3,B,90000,6,Health & Beauty,17993.48,0,None,0.0,0,77.7,3.077,228.658,5.9
2023-08-25,3,B,90000,6,Health & Beauty,16101.64,0,None,0.0,0,75.6,3.055,229.363,5.77
2023-09-01,3,B,90000,6,Health & Beauty,15916.83,0,None,0.0,0,74.9,2.88,228.478,5.77
2023-09-08,3,B,90000,6,Health & Beauty,21377.22,1,Labor Day,1794.65,1,75.1,3.052,229.344,5.75
2023-09-15,3,B,90000,6,Health & Beauty,14749.46,0,None,0.0,0,68.3,2.744,230.022,5.71
2023-09-22,3,B,90000,6,Health & Beauty,15652.83,0,None,510.11,1,70.8,2.669,228.702,5.79
2023-09-29,3,B,90000,6,Health & Beauty,15391.4,0,None,0.0,0,64.6,2.802,229.735,5.69
2023-10-06,3,B,90000,6,Health & Beauty,16003.67,0,None,2704.13,1,51.8,2.718,229.91,5.79
2023-10-13,3,B,90000,6,Health & Beauty,14963.08,0,None,0.0,0,55.9,2.652,230.308,5.74
2023-10-20,3,B,90000,6,Health & Beauty,14932.89,0,None,2001.99,1,54.5,2.601,229.436,5.71
2023-10-27,3,B,90000,6,Health & Beauty,13982.3,0,None,1993.22,1,51.5,2.502,229.532,5.63
2023-11-03,3,B,90000,6,Health & Beauty,13968.92,0,None,0.0,0,49.4,2.386,230.591,5.65
2023-11-10,3,B,90000,6,Health & Beauty,14550.29,0,None,1582.89,1,52.8,2.422,230.616,5.77
2023-11-17,3,B,90000,6,Health & Beauty,13725.87,0,None,0.0,0,52.0,2.323,230.73,5.74
2023-11-24,3,B,90000,6,Health & Beauty,24680.96,1,Thanksgiving / Black Friday,1613.97,1,40.8,2.42,230.915,5.58
2023-12-01,3,B,90000,6,Health & Beauty,25321.29,1,Thanksgiving / Black Friday,1400.23,1,40.1,2.299,230.539,5.67
2023-12-08,3,B,90000,6,Health & Beauty,13140.21,0,None,0.0,0,41.0,2.216,231.133,5.73
2023-12-15,3,B,90000,6,Health & Beauty,13421.83,0,None,0.0,0,38.0,2.233,231.3,5.47
2023-12-22,3,B,90000,6,Health & Beauty,22680.3,1,Christmas / New Year,1369.94,1,48.5,2.272,230.934,5.68
2023-12-29,3,B,90000,6,Health & Beauty,23672.57,1,Christmas / New Year,2580.36,1,38.2,2.177,232.361,5.55
2024-01-05,3,B,90000,6,Health & Beauty,13476.0,0,None,0.0,0,28.3,2.145,231.803,5.66
2024-01-12,3,B,90000,6,Health & Beauty,14789.63,0,None,0.0,0,35.9,2.223,231.108,5.51
2024-01-19,3,B,90000,6,Health & Beauty,14005.24,0,None,0.0,0,42.0,2.22,232.169,5.4
2024-01-26,3,B,90000,6,Health & Beauty,15612.13,0,None,0.0,0,37.8,2.161,231.491,5.4
2024-02-02,3,B,90000,6,Health & Beauty,14047.93,0,None,0.0,0,35.2,2.169,232.509,5.56
2024-02-09,3,B,90000,6,Health & Beauty,18416.58,1,Super Bowl,3520.57,1,41.4,2.235,232.832,5.57
2024-02-16,3,B,90000,6,Health & Beauty,14638.13,0,None,0.0,0,47.4,2.114,231.98,5.44
2024-02-23,3,B,90000,6,Health & Beauty,15996.59,0,None,0.0,0,39.2,2.135,233.009,5.58
2024-03-01,3,B,90000,6,Health & Beauty,15454.62,0,None,0.0,0,50.0,2.213,232.871,5.34
2024-03-08,3,B,90000,6,Health & Beauty,17089.21,0,None,0.0,0,46.4,2.279,233.213,5.49
2024-03-15,3,B,90000,6,Health & Beauty,16717.4,0,None,0.0,0,57.3,2.351,233.888,5.36
2024-03-22,3,B,90000,6,Health & Beauty,15363.11,0,None,0.0,0,53.1,2.477,232.954,5.4
2024-03-29,3,B,90000,6,Health & Beauty,17143.7,0,None,0.0,0,54.7,2.465,232.837,5.46
2024-04-05,3,B,90000,6,Health & Beauty,17192.1,0,None,0.0,0,54.6,2.424,232.907,5.36
2024-04-12,3,B,90000,6,Health & Beauty,16464.59,0,None,0.0,0,54.4,2.479,233.081,5.39
2024-04-19,3,B,90000,6,Health & Beauty,19394.82,0,None,0.0,0,58.8,2.447,233.588,5.52
2024-04-26,3,B,90000,6,Health & Beauty,19008.15,0,None,0.0,0,66.6,2.575,233.934,5.35
2024-05-03,3,B,90000,6,Health & Beauty,19165.99,0,None,0.0,0,67.0,2.605,234.039,5.48
2024-05-10,3,B,90000,6,Health & Beauty,18066.95,0,None,0.0,0,65.1,2.708,234.452,5.27
2024-05-17,3,B,90000,6,Health & Beauty,20022.26,0,None,1641.19,1,72.8,2.672,234.182,5.43
2024-05-24,3,B,90000,6,Health & Beauty,21200.68,1,Memorial Day,573.39,1,69.8,2.837,235.04,5.5
2024-05-31,3,B,90000,6,Health & Beauty,17800.43,0,None,0.0,0,80.0,2.977,234.318,5.1
2024-06-07,3,B,90000,6,Health & Beauty,18764.03,0,None,0.0,0,78.7,2.906,235.948,5.26
2024-06-14,3,B,90000,6,Health & Beauty,17814.01,0,None,0.0,0,76.1,3.008,235.038,5.38
2024-06-21,3,B,90000,6,Health & Beauty,18589.07,0,None,0.0,0,83.9,3.093,234.434,5.29
2024-06-28,3,B,90000,6,Health & Beauty,18395.9,0,None,0.0,0,84.4,3.068,234.465,5.34
2021-01-01,4,B,85000,1,Electronics,20245.11,0,None,1448.59,1,40.2,3.139,210.248,7.52
2021-01-08,4,B,85000,1,Electronics,18200.19,0,None,0.0,0,36.1,3.144,210.068,7.49
2021-01-15,4,B,85000,1,Electronics,17709.21,0,None,0.0,0,31.6,3.281,210.599,7.49
2021-01-22,4,B,85000,1,Electronics,17932.86,0,None,0.0,0,42.1,3.323,211.174,7.39
2021-01-29,4,B,85000,1,Electronics,17996.01,0,None,1173.63,1,39.2,3.34,210.432,7.45
2021-02-05,4,B,85000,1,Electronics,18839.1,0,None,0.0,0,41.8,3.337,210.57,7.49
2021-02-12,4,B,85000,1,Electronics,22468.85,1,Super Bowl,4279.5,1,39.5,3.341,211.614,7.57
2021-02-19,4,B,85000,1,Electronics,19257.04,0,None,4134.77,1,41.1,3.483,211.345,7.51
2021-02-26,4,B,85000,1,Electronics,19294.76,0,None,2034.04,1,43.7,3.641,210.864,7.62
2021-03-05,4,B,85000,1,Electronics,17919.92,0,None,0.0,0,46.9,3.641,211.508,7.31
2021-03-12,4,B,85000,1,Electronics,18540.49,0,None,0.0,0,47.0,3.574,211.142,7.47
2021-03-19,4,B,85000,1,Electronics,17653.55,0,None,0.0,0,44.6,3.734,211.278,7.39
2021-03-26,4,B,85000,1,Electronics,19218.22,0,None,0.0,0,54.5,3.794,211.769,7.57
2021-04-02,4,B,85000,1,Electronics,18654.87,0,None,0.0,0,56.3,3.733,210.829,7.26
2021-04-09,4,B,85000,1,Electronics,18840.76,0,None,0.0,0,57.1,3.853,211.061,7.25
2021-04-16,4,B,85000,1,Electronics,18172.17,0,None,660.08,1,67.7,3.879,211.779,7.26
2021-04-23,4,B,85000,1,Electronics,17510.79,0,None,0.0,0,60.6,3.813,211.691,7.09
2021-04-30,4,B,85000,1,Electronics,18783.29,0,None,0.0,0,59.7,3.959,212.492,7.24
2021-05-07,4,B,85000,1,Electronics,19380.96,0,None,0.0,0,75.8,3.997,212.019,7.21
2021-05-14,4,B,85000,1,Electronics,18816.85,0,None,0.0,0,72.0,4.057,211.904,7.29
2021-05-21,4,B,85000,1,Electronics,20119.79,0,None,0.0,0,73.0,4.068,213.48,7.29
2021-05-28,4,B,85000,1,Electronics,22191.61,1,Memorial Day,1208.28,1,70.7,3.883,212.772,7.43
2021-06-04,4,B,85000,1,Electronics,18339.03,0,None,0.0,0,76.6,3.924,213.056,7.33
2021-06-11,4,B,85000,1,Electronics,18015.79,0,None,0.0,0,81.0,4.041,212.447,7.16
2021-06-18,4,B,85000,1,Electronics,18000.73,0,None,0.0,0,79.9,4.038,213.025,7.12
2021-06-25,4,B,85000,1,Electronics,17723.04,0,None,0.0,0,83.8,4.03,213.49,7.25
2021-07-02,4,B,85000,1,Electronics,19619.78,0,None,0.0,0,78.9,4.286,212.996,7.05
2021-07-09,4,B,85000,1,Electronics,19286.35,0,None,0.0,0,75.2,4.007,213.897,7.36
2021-07-16,4,B,85000,1,Electronics,19483.93,0,None,0.0,0,82.5,4.032,213.546,7.28
2021-07-23,4,B,85000,1,Electronics,19865.55,0,None,2676.95,1,80.7,3.994,213.838,7.1
2021-07-30,4,B,85000,1,Electronics,19470.12,0,None,0.0,0,83.4,3.942,213.82,6.97
2021-08-06,4,B,85000,1,Electronics,23880.25,0,None,0.0,0,82.4,3.833,215.184,7.26
2021-08-13,4,B,85000,1,Electronics,23628.91,0,None,0.0,0,77.3,3.883,214.389,7.1
2021-08-20,4,B,85000,1,Electronics,24357.65,0,None,1871.74,1,81.1,3.722,214.004,7.22
2021-08-27,4,B,85000,1,Electronics,24320.75,0,None,0.0,0,74.9,3.723,215.082,6.93
2021-09-03,4,B,85000,1,Electronics,26633.93,0,None,1705.7,1,66.6,3.658,214.197,7.02
2021-09-10,4,B,85000,1,Electronics,29680.51,1,Labor Day,3350.31,1,69.8,3.655,215.049,7.07
2021-09-17,4,B,85000,1,Electronics,25083.24,0,None,0.0,0,76.5,3.784,214.103,7.06
2021-09-24,4,B,85000,1,Electronics,27114.16,0,None,2245.79,1,61.7,3.396,214.556,7.0
2021-10-01,4,B,85000,1,Electronics,19225.23,0,None,0.0,0,75.6,3.545,215.456,7.09
2021-10-08,4,B,85000,1,Electronics,19179.68,0,None,3119.33,1,62.9,3.305,215.864,6.91
2021-10-15,4,B,85000,1,Electronics,20885.77,0,None,1186.05,1,60.5,3.337,215.718,6.99
2021-10-22,4,B,85000,1,Electronics,20552.81,0,None,3173.04,1,59.6,3.403,215.711,7.0
2021-10-29,4,B,85000,1,Electronics,18072.14,0,None,0.0,0,50.0,3.26,215.756,7.03
2021-11-05,4,B,85000,1,Electronics,36295.99,0,None,3406.96,1,51.3,3.107,215.305,7.04
2021-11-12,4,B,85000,1,Electronics,32149.63,0,None,0.0,0,52.1,3.074,215.821,6.84
2021-11-19,4,B,85000,1,Electronics,31819.13,0,None,507.49,1,51.0,3.123,216.088,6.79
2021-11-26,4,B,85000,1,Electronics,64166.9,1,Thanksgiving / Black Friday,749.27,1,42.5,2.949,216.985,7.06
2021-12-03,4,B,85000,1,Electronics,70209.13,1,Thanksgiving / Black Friday,4159.51,1,42.9,2.963,216.765,6.95
2021-12-10,4,B,85000,1,Electronics,32034.4,0,None,0.0,0,37.4,2.888,215.849,6.83
2021-12-17,4,B,85000,1,Electronics,33333.66,0,None,0.0,0,40.9,2.773,217.03,7.05
2021-12-24,4,B,85000,1,Electronics,65719.31,1,Christmas / New Year,1254.4,1,37.2,2.938,216.813,6.9
2021-12-31,4,B,85000,1,Electronics,56395.42,1,Christmas / New Year,2628.48,1,41.0,2.76,216.804,6.99
2022-01-07,4,B,85000,1,Electronics,19560.5,0,None,0.0,0,33.5,2.492,217.586,6.87
2022-01-14,4,B,85000,1,Electronics,17386.84,0,None,0.0,0,34.6,2.617,217.933,7.05
2022-01-21,4,B,85000,1,Electronics,18879.89,0,None,0.0,0,35.5,2.498,218.021,7.01
2022-01-28,4,B,85000,1,Electronics,18551.56,0,None,0.0,0,38.3,2.571,217.273,6.8
2022-02-04,4,B,85000,1,Electronics,18581.6,0,None,0.0,0,41.8,2.395,217.675,6.91
2022-02-11,4,B,85000,1,Electronics,23412.41,1,Super Bowl,790.74,1,44.7,2.407,218.133,6.86
2022-02-18,4,B,85000,1,Electronics,18996.0,0,None,0.0,0,49.9,2.418,218.592,6.92
2022-02-25,4,B,85000,1,Electronics,21668.66,0,None,0.0,0,44.2,2.411,218.002,6.68
2022-03-04,4,B,85000,1,Electronics,19801.83,0,None,0.0,0,47.3,2.214,218.286,6.83
2022-03-11,4,B,85000,1,Electronics,18843.11,0,None,0.0,0,47.5,2.256,217.963,6.86
2022-03-18,4,B,85000,1,Electronics,18176.53,0,None,0.0,0,50.6,2.22,218.056,6.56
2022-03-25,4,B,85000,1,Electronics,20893.68,0,None,4206.0,1,54.2,2.186,219.197,6.61
2022-04-01,4,B,85000,1,Electronics,19949.89,0,None,0.0,0,52.7,2.364,219.607,6.51
2022-04-08,4,B,85000,1,Electronics,19380.3,0,None,0.0,0,59.2,2.243,219.03,6.68
2022-04-15,4,B,85000,1,Electronics,18974.53,0,None,0.0,0,59.8,2.102,219.705,6.76
2022-04-22,4,B,85000,1,Electronics,20602.63,0,None,0.0,0,66.3,2.274,219.521,6.83
2022-04-29,4,B,85000,1,Electronics,19756.44,0,None,1581.88,1,62.6,2.371,219.155,6.67
2022-05-06,4,B,85000,1,Electronics,20116.58,0,None,0.0,0,65.5,2.289,219.796,6.82
2022-05-13,4,B,85000,1,Electronics,18251.55,0,None,0.0,0,74.0,2.095,220.522,6.5
2022-05-20,4,B,85000,1,Electronics,20795.69,0,None,0.0,0,70.5,2.191,219.872,6.46
2022-05-27,4,B,85000,1,Electronics,21821.25,1,Memorial Day,2265.44,1,74.1,2.349,220.81,6.61
2022-06-03,4,B,85000,1,Electronics,19647.36,0,None,1562.99,1,72.5,2.213,218.855,6.64
2022-06-10,4,B,85000,1,Electronics,18997.75,0,None,1245.66,1,75.3,2.331,220.713,6.59
2022-06-17,4,B,85000,1,Electronics,19798.73,0,None,0.0,0,84.1,2.388,220.483,6.37
2022-06-24,4,B,85000,1,Electronics,18785.76,0,None,0.0,0,87.1,2.285,220.427,6.56
2022-07-01,4,B,85000,1,Electronics,19583.32,0,None,2905.23,1,77.5,2.392,220.76,6.43
2022-07-08,4,B,85000,1,Electronics,18610.04,0,None,0.0,0,86.5,2.177,219.858,6.61
2022-07-15,4,B,85000,1,Electronics,18048.45,0,None,0.0,0,89.0,2.398,220.879,6.57
2022-07-22,4,B,85000,1,Electronics,17813.45,0,None,0.0,0,84.3,2.507,221.305,6.43
2022-07-29,4,B,85000,1,Electronics,18380.15,0,None,0.0,0,78.4,2.476,222.003,6.46
2022-08-05,4,B,85000,1,Electronics,24708.03,0,None,0.0,0,80.9,2.758,221.142,6.39
2022-08-12,4,B,85000,1,Electronics,27580.33,0,None,2567.2,1,84.7,2.567,221.134,6.48
2022-08-19,4,B,85000,1,Electronics,27718.38,0,None,0.0,0,72.2,2.703,221.425,6.57
2022-08-26,4,B,85000,1,Electronics,23424.51,0,None,0.0,0,81.8,2.806,222.271,6.36
2022-09-02,4,B,85000,1,Electronics,26456.6,0,None,0.0,0,75.1,2.97,222.115,6.5
2022-09-09,4,B,85000,1,Electronics,32208.46,1,Labor Day,2500.37,1,68.0,2.8,221.823,6.38
2022-09-16,4,B,85000,1,Electronics,26089.09,0,None,0.0,0,69.9,3.069,222.482,6.34
2022-09-23,4,B,85000,1,Electronics,26932.19,0,None,0.0,0,71.7,3.039,222.411,6.4
2022-09-30,4,B,85000,1,Electronics,25409.06,0,None,0.0,0,57.8,3.021,222.984,6.3
2022-10-07,4,B,85000,1,Electronics,18498.07,0,None,0.0,0,63.2,3.199,222.286,6.33
2022-10-14,4,B,85000,1,Electronics,18942.32,0,None,0.0,0,55.2,3.24,222.611,6.26
2022-10-21,4,B,85000,1,Electronics,19255.43,0,None,0.0,0,53.6,3.237,222.716,6.56
2022-10-28,4,B,85000,1,Electronics,19089.57,0,None,0.0,0,59.0,3.351,222.318,6.36
2022-11-04,4,B,85000,1,Electronics,36419.7,0,None,0.0,0,55.5,3.374,223.335,6.27
2022-11-11,4,B,85000,1,Electronics,37279.77,0,None,1733.68,1,48.0,3.471,223.455,6.35
2022-11-18,4,B,85000,1,Electronics,32411.04,0,None,0.0,0,54.9,3.571,223.464,6.3
2022-11-25,4,B,85000,1,Electronics,72598.24,1,Thanksgiving / Black Friday,2222.87,1,46.1,3.699,223.482,6.28
2022-12-02,4,B,85000,1,Electronics,69635.25,1,Thanksgiving / Black Friday,1543.34,1,43.5,3.525,223.029,6.35
2022-12-09,4,B,85000,1,Electronics,36871.03,0,None,3398.53,1,45.5,3.844,223.663,6.35
2022-12-16,4,B,85000,1,Electronics,32271.04,0,None,0.0,0,43.4,3.564,223.84,6.21
2022-12-23,4,B,85000,1,Electronics,66928.65,1,Christmas / New Year,1989.35,1,34.4,3.751,223.747,6.2
2022-12-30,4,B,85000,1,Electronics,63763.05,1,Christmas / New Year,1157.05,1,32.6,3.851,224.205,6.22
2023-01-06,4,B,85000,1,Electronics,19222.99,0,None,0.0,0,39.7,3.863,224.625,6.0
2023-01-13,4,B,85000,1,Electronics,23335.13,0,None,2976.83,1,40.4,3.824,225.504,6.07
2023-01-20,4,B,85000,1,Electronics,19742.4,0,None,0.0,0,32.4,3.887,224.785,6.34
2023-01-27,4,B,85000,1,Electronics,19225.22,0,None,0.0,0,39.8,3.891,224.964,6.36
2023-02-03,4,B,85000,1,Electronics,20531.39,0,None,0.0,0,45.9,3.905,224.935,6.16
2023-02-10,4,B,85000,1,Electronics,21496.45,1,Super Bowl,1240.66,1,34.2,4.038,224.151,6.23
2023-02-17,4,B,85000,1,Electronics,20941.7,0,None,1821.43,1,43.6,4.012,225.234,6.19
2023-02-24,4,B,85000,1,Electronics,19229.36,0,None,1206.45,1,42.5,3.938,225.415,6.45
2023-03-03,4,B,85000,1,Electronics,19524.31,0,None,529.01,1,56.6,4.071,226.754,6.25
2023-03-10,4,B,85000,1,Electronics,20969.11,0,None,0.0,0,38.6,4.024,225.563,6.11
2023-03-17,4,B,85000,1,Electronics,20154.46,0,None,0.0,0,44.5,4.062,225.947,6.01
2023-03-24,4,B,85000,1,Electronics,20338.37,0,None,1359.97,1,50.7,4.04,225.917,5.94
2023-03-31,4,B,85000,1,Electronics,22160.72,0,None,4338.91,1,58.1,3.911,225.487,6.11
2023-04-07,4,B,85000,1,Electronics,20351.99,0,None,0.0,0,59.3,3.917,226.78,6.0
2023-04-14,4,B,85000,1,Electronics,20106.19,0,None,0.0,0,58.1,4.001,226.722,5.92
2023-04-21,4,B,85000,1,Electronics,19140.05,0,None,0.0,0,64.1,3.966,226.879,5.98
2023-04-28,4,B,85000,1,Electronics,20034.21,0,None,0.0,0,68.7,3.888,226.166,5.93
2023-05-05,4,B,85000,1,Electronics,19776.06,0,None,0.0,0,60.4,3.867,227.46,6.19
2023-05-12,4,B,85000,1,Electronics,19693.7,0,None,0.0,0,71.4,3.925,226.195,6.1
2023-05-19,4,B,85000,1,Electronics,20219.7,0,None,0.0,0,77.0,3.737,227.326,6.0
2023-05-26,4,B,85000,1,Electronics,25228.58,1,Memorial Day,3519.73,1,75.4,3.786,228.266,6.14
2023-06-02,4,B,85000,1,Electronics,21087.26,0,None,0.0,0,75.4,3.681,226.812,5.98
2023-06-09,4,B,85000,1,Electronics,22563.28,0,None,3638.04,1,79.2,3.631,227.162,5.88
2023-06-16,4,B,85000,1,Electronics,20485.4,0,None,2182.73,1,80.4,3.686,227.632,6.11
2023-06-23,4,B,85000,1,Electronics,20864.03,0,None,0.0,0,76.1,3.612,227.468,5.99
2023-06-30,4,B,85000,1,Electronics,19543.95,0,None,0.0,0,88.6,3.556,227.082,5.82
2023-07-07,4,B,85000,1,Electronics,20297.71,0,None,0.0,0,84.2,3.538,228.029,5.9
2023-07-14,4,B,85000,1,Electronics,19672.07,0,None,0.0,0,77.5,3.377,227.601,5.82
2023-07-21,4,B,85000,1,Electronics,19761.2,0,None,867.75,1,73.6,3.37,228.506,5.75
2023-07-28,4,B,85000,1,Electronics,19283.75,0,None,0.0,0,88.5,3.23,227.947,5.97
2023-08-04,4,B,85000,1,Electronics,26760.67,0,None,0.0,0,81.5,3.219,229.319,6.06
2023-08-11,4,B,85000,1,Electronics,26293.24,0,None,0.0,0,80.5,3.121,228.29,5.72
2023-08-18,4,B,85000,1,Electronics,26105.66,0,None,0.0,0,72.0,3.077,228.658,5.9
2023-08-25,4,B,85000,1,Electronics,25702.55,0,None,0.0,0,73.5,3.055,229.363,5.77
2023-09-01,4,B,85000,1,Electronics,26501.63,0,None,0.0,0,80.4,2.88,228.478,5.77
2023-09-08,4,B,85000,1,Electronics,35230.61,1,Labor Day,3335.82,1,69.4,3.052,229.344,5.75
2023-09-15,4,B,85000,1,Electronics,29146.68,0,None,723.92,1,65.5,2.744,230.022,5.71
2023-09-22,4,B,85000,1,Electronics,26689.01,0,None,0.0,0,68.8,2.669,228.702,5.79
2023-09-29,4,B,85000,1,Electronics,27989.34,0,None,0.0,0,75.6,2.802,229.735,5.69
2023-10-06,4,B,85000,1,Electronics,22254.94,0,None,2698.68,1,66.3,2.718,229.91,5.79
2023-10-13,4,B,85000,1,Electronics,19609.48,0,None,0.0,0,59.8,2.652,230.308,5.74
2023-10-20,4,B,85000,1,Electronics,21278.9,0,None,0.0,0,51.1,2.601,229.436,5.71
2023-10-27,4,B,85000,1,Electronics,20596.33,0,None,0.0,0,55.4,2.502,229.532,5.63
2023-11-03,4,B,85000,1,Electronics,36320.49,0,None,4161.01,1,45.2,2.386,230.591,5.65
2023-11-10,4,B,85000,1,Electronics,33171.03,0,None,0.0,0,43.8,2.422,230.616,5.77
2023-11-17,4,B,85000,1,Electronics,36870.33,0,None,0.0,0,46.5,2.323,230.73,5.74
2023-11-24,4,B,85000,1,Electronics,74896.24,1,Thanksgiving / Black Friday,1716.73,1,47.2,2.42,230.915,5.58
2023-12-01,4,B,85000,1,Electronics,68889.06,1,Thanksgiving / Black Friday,710.69,1,43.2,2.299,230.539,5.67
2023-12-08,4,B,85000,1,Electronics,38489.31,0,None,0.0,0,43.2,2.216,231.133,5.73
2023-12-15,4,B,85000,1,Electronics,35631.68,0,None,0.0,0,49.1,2.233,231.3,5.47
2023-12-22,4,B,85000,1,Electronics,65380.71,1,Christmas / New Year,2653.01,1,36.5,2.272,230.934,5.68
2023-12-29,4,B,85000,1,Electronics,64693.47,1,Christmas / New Year,3711.72,1,41.1,2.177,232.361,5.55
2024-01-05,4,B,85000,1,Electronics,20394.51,0,None,0.0,0,36.6,2.145,231.803,5.66
2024-01-12,4,B,85000,1,Electronics,22493.19,0,None,1925.67,1,34.4,2.223,231.108,5.51
2024-01-19,4,B,85000,1,Electronics,18958.38,0,None,0.0,0,46.6,2.22,232.169,5.4
2024-01-26,4,B,85000,1,Electronics,20450.17,0,None,0.0,0,37.1,2.161,231.491,5.4
2024-02-02,4,B,85000,1,Electronics,19738.96,0,None,0.0,0,42.4,2.169,232.509,5.56
2024-02-09,4,B,85000,1,Electronics,24211.49,1,Super Bowl,2427.63,1,44.7,2.235,232.832,5.57
2024-02-16,4,B,85000,1,Electronics,21581.84,0,None,1032.91,1,42.2,2.114,231.98,5.44
2024-02-23,4,B,85000,1,Electronics,19706.8,0,None,0.0,0,40.7,2.135,233.009,5.58
2024-03-01,4,B,85000,1,Electronics,18222.92,0,None,0.0,0,42.4,2.213,232.871,5.34
2024-03-08,4,B,85000,1,Electronics,20362.12,0,None,0.0,0,43.1,2.279,233.213,5.49
2024-03-15,4,B,85000,1,Electronics,21987.11,0,None,0.0,0,44.1,2.351,233.888,5.36
2024-03-22,4,B,85000,1,Electronics,22028.2,0,None,0.0,0,48.2,2.477,232.954,5.4
2024-03-29,4,B,85000,1,Electronics,19716.33,0,None,0.0,0,46.5,2.465,232.837,5.46
2024-04-05,4,B,85000,1,Electronics,20073.49,0,None,0.0,0,55.8,2.424,232.907,5.36
2024-04-12,4,B,85000,1,Electronics,18689.04,0,None,0.0,0,61.2,2.479,233.081,5.39
2024-04-19,4,B,85000,1,Electronics,19579.73,0,None,0.0,0,62.0,2.447,233.588,5.52
2024-04-26,4,B,85000,1,Electronics,20012.73,0,None,0.0,0,74.2,2.575,233.934,5.35
2024-05-03,4,B,85000,1,Electronics,21841.29,0,None,0.0,0,67.8,2.605,234.039,5.48
2024-05-10,4,B,85000,1,Electronics,20298.07,0,None,0.0,0,75.2,2.708,234.452,5.27
2024-05-17,4,B,85000,1,Electronics,20760.45,0,None,0.0,0,78.9,2.672,234.182,5.43
2024-05-24,4,B,85000,1,Electronics,26026.06,1,Memorial Day,2402.6,1,82.5,2.837,235.04,5.5
2024-05-31,4,B,85000,1,Electronics,22138.99,0,None,0.0,0,84.5,2.977,234.318,5.1
2024-06-07,4,B,85000,1,Electronics,22648.98,0,None,0.0,0,81.2,2.906,235.948,5.26
2024-06-14,4,B,85000,1,Electronics,22730.38,0,None,0.0,0,80.3,3.008,235.038,5.38
2024-06-21,4,B,85000,1,Electronics,19459.91,0,None,0.0,0,86.0,3.093,234.434,5.29
2024-06-28,4,B,85000,1,Electronics,20340.07,0,None,782.14,1,74.8,3.068,234.465,5.34
2021-01-01,4,B,85000,2,Apparel,12454.28,0,None,0.0,0,41.4,3.139,210.248,7.52
2021-01-08,4,B,85000,2,Apparel,11735.18,0,None,0.0,0,45.9,3.144,210.068,7.49
2021-01-15,4,B,85000,2,Apparel,12681.15,0,None,0.0,0,36.2,3.281,210.599,7.49
2021-01-22,4,B,85000,2,Apparel,12110.03,0,None,859.94,1,38.8,3.323,211.174,7.39
2021-01-29,4,B,85000,2,Apparel,12129.68,0,None,0.0,0,42.4,3.34,210.432,7.45
2021-02-05,4,B,85000,2,Apparel,13453.09,0,None,0.0,0,37.5,3.337,210.57,7.49
2021-02-12,4,B,85000,2,Apparel,15753.14,1,Super Bowl,2549.14,1,41.3,3.341,211.614,7.57
2021-02-19,4,B,85000,2,Apparel,13809.94,0,None,0.0,0,43.9,3.483,211.345,7.51
2021-02-26,4,B,85000,2,Apparel,15529.95,0,None,3552.08,1,49.4,3.641,210.864,7.62
2021-03-05,4,B,85000,2,Apparel,15192.9,0,None,4287.47,1,41.1,3.641,211.508,7.31
2021-03-12,4,B,85000,2,Apparel,16755.1,0,None,4284.01,1,44.5,3.574,211.142,7.47
2021-03-19,4,B,85000,2,Apparel,14331.62,0,None,0.0,0,53.3,3.734,211.278,7.39
2021-03-26,4,B,85000,2,Apparel,14958.41,0,None,0.0,0,51.9,3.794,211.769,7.57
2021-04-02,4,B,85000,2,Apparel,16649.18,0,None,3641.33,1,60.1,3.733,210.829,7.26
2021-04-09,4,B,85000,2,Apparel,16268.03,0,None,2727.56,1,56.4,3.853,211.061,7.25
2021-04-16,4,B,85000,2,Apparel,16288.95,0,None,2358.15,1,64.1,3.879,211.779,7.26
2021-04-23,4,B,85000,2,Apparel,17427.81,0,None,4288.91,1,65.5,3.813,211.691,7.09
2021-04-30,4,B,85000,2,Apparel,17256.62,0,None,1860.9,1,67.3,3.959,212.492,7.24
2021-05-07,4,B,85000,2,Apparel,16006.22,0,None,0.0,0,67.4,3.997,212.019,7.21
2021-05-14,4,B,85000,2,Apparel,16466.96,0,None,0.0,0,72.6,4.057,211.904,7.29
2021-05-21,4,B,85000,2,Apparel,16571.92,0,None,0.0,0,73.9,4.068,213.48,7.29
2021-05-28,4,B,85000,2,Apparel,20288.01,1,Memorial Day,3127.29,1,73.8,3.883,212.772,7.43
2021-06-04,4,B,85000,2,Apparel,16394.77,0,None,0.0,0,77.5,3.924,213.056,7.33
2021-06-11,4,B,85000,2,Apparel,17074.66,0,None,1607.61,1,80.9,4.041,212.447,7.16
2021-06-18,4,B,85000,2,Apparel,18839.45,0,None,2799.02,1,76.4,4.038,213.025,7.12
2021-06-25,4,B,85000,2,Apparel,17897.28,0,None,2358.51,1,78.4,4.03,213.49,7.25
2021-07-02,4,B,85000,2,Apparel,18607.57,0,None,4410.89,1,80.0,4.286,212.996,7.05
2021-07-09,4,B,85000,2,Apparel,17422.71,0,None,2869.78,1,87.7,4.007,213.897,7.36
2021-07-16,4,B,85000,2,Apparel,17059.52,0,None,0.0,0,84.4,4.032,213.546,7.28
2021-07-23,4,B,85000,2,Apparel,17465.74,0,None,0.0,0,84.5,3.994,213.838,7.1
2021-07-30,4,B,85000,2,Apparel,15714.07,0,None,0.0,0,73.6,3.942,213.82,6.97
2021-08-06,4,B,85000,2,Apparel,15838.48,0,None,0.0,0,77.0,3.833,215.184,7.26
2021-08-13,4,B,85000,2,Apparel,15247.67,0,None,0.0,0,80.5,3.883,214.389,7.1
2021-08-20,4,B,85000,2,Apparel,16522.88,0,None,0.0,0,81.4,3.722,214.004,7.22
2021-08-27,4,B,85000,2,Apparel,15968.13,0,None,0.0,0,79.1,3.723,215.082,6.93
2021-09-03,4,B,85000,2,Apparel,15178.09,0,None,0.0,0,75.3,3.658,214.197,7.02
2021-09-10,4,B,85000,2,Apparel,18936.63,1,Labor Day,3692.73,1,74.6,3.655,215.049,7.07
2021-09-17,4,B,85000,2,Apparel,14280.91,0,None,0.0,0,66.3,3.784,214.103,7.06
2021-09-24,4,B,85000,2,Apparel,14613.63,0,None,0.0,0,66.3,3.396,214.556,7.0
2021-10-01,4,B,85000,2,Apparel,14127.94,0,None,0.0,0,60.4,3.545,215.456,7.09
2021-10-08,4,B,85000,2,Apparel,13900.84,0,None,0.0,0,55.8,3.305,215.864,6.91
2021-10-15,4,B,85000,2,Apparel,13674.9,0,None,0.0,0,59.7,3.337,215.718,6.99
2021-10-22,4,B,85000,2,Apparel,13479.73,0,None,0.0,0,58.7,3.403,215.711,7.0
2021-10-29,4,B,85000,2,Apparel,12240.77,0,None,638.97,1,48.2,3.26,215.756,7.03
2021-11-05,4,B,85000,2,Apparel,14395.24,0,None,3250.41,1,49.3,3.107,215.305,7.04
2021-11-12,4,B,85000,2,Apparel,13923.56,0,None,0.0,0,50.2,3.074,215.821,6.84
2021-11-19,4,B,85000,2,Apparel,13285.08,0,None,2548.42,1,46.5,3.123,216.088,6.79
2021-11-26,4,B,85000,2,Apparel,24740.58,1,Thanksgiving / Black Friday,2205.12,1,43.4,2.949,216.985,7.06
2021-12-03,4,B,85000,2,Apparel,23206.63,1,Thanksgiving / Black Friday,2324.96,1,40.6,2.963,216.765,6.95
2021-12-10,4,B,85000,2,Apparel,14043.61,0,None,2833.66,1,42.3,2.888,215.849,6.83
2021-12-17,4,B,85000,2,Apparel,12646.13,0,None,4003.54,1,38.9,2.773,217.03,7.05
2021-12-24,4,B,85000,2,Apparel,21226.69,1,Christmas / New Year,1738.72,1,42.1,2.938,216.813,6.9
2021-12-31,4,B,85000,2,Apparel,24326.34,1,Christmas / New Year,4039.21,1,34.3,2.76,216.804,6.99
2022-01-07,4,B,85000,2,Apparel,13478.4,0,None,0.0,0,43.0,2.492,217.586,6.87
2022-01-14,4,B,85000,2,Apparel,12902.1,0,None,0.0,0,32.4,2.617,217.933,7.05
2022-01-21,4,B,85000,2,Apparel,13319.08,0,None,0.0,0,42.3,2.498,218.021,7.01
2022-01-28,4,B,85000,2,Apparel,15228.07,0,None,2564.2,1,42.4,2.571,217.273,6.8
2022-02-04,4,B,85000,2,Apparel,12228.76,0,None,0.0,0,34.7,2.395,217.675,6.91
2022-02-11,4,B,85000,2,Apparel,16783.5,1,Super Bowl,3118.34,1,35.5,2.407,218.133,6.86
2022-02-18,4,B,85000,2,Apparel,14752.01,0,None,0.0,0,40.1,2.418,218.592,6.92
2022-02-25,4,B,85000,2,Apparel,14368.34,0,None,0.0,0,39.4,2.411,218.002,6.68
2022-03-04,4,B,85000,2,Apparel,16036.09,0,None,0.0,0,48.7,2.214,218.286,6.83
2022-03-11,4,B,85000,2,Apparel,15012.22,0,None,0.0,0,49.5,2.256,217.963,6.86
2022-03-18,4,B,85000,2,Apparel,16190.92,0,None,0.0,0,47.6,2.22,218.056,6.56
2022-03-25,4,B,85000,2,Apparel,16234.09,0,None,0.0,0,53.7,2.186,219.197,6.61
2022-04-01,4,B,85000,2,Apparel,17940.78,0,None,3924.52,1,53.9,2.364,219.607,6.51
2022-04-08,4,B,85000,2,Apparel,17365.46,0,None,2820.88,1,55.6,2.243,219.03,6.68
2022-04-15,4,B,85000,2,Apparel,17001.01,0,None,0.0,0,64.0,2.102,219.705,6.76
2022-04-22,4,B,85000,2,Apparel,15964.38,0,None,0.0,0,65.9,2.274,219.521,6.83
2022-04-29,4,B,85000,2,Apparel,17743.96,0,None,1485.84,1,64.4,2.371,219.155,6.67
2022-05-06,4,B,85000,2,Apparel,16247.62,0,None,655.73,1,63.3,2.289,219.796,6.82
2022-05-13,4,B,85000,2,Apparel,16546.43,0,None,0.0,0,74.7,2.095,220.522,6.5
2022-05-20,4,B,85000,2,Apparel,17209.18,0,None,0.0,0,74.2,2.191,219.872,6.46
2022-05-27,4,B,85000,2,Apparel,21675.19,1,Memorial Day,3946.53,1,80.6,2.349,220.81,6.61
2022-06-03,4,B,85000,2,Apparel,18353.72,0,None,1343.51,1,73.5,2.213,218.855,6.64
2022-06-10,4,B,85000,2,Apparel,19291.36,0,None,2209.66,1,77.6,2.331,220.713,6.59
2022-06-17,4,B,85000,2,Apparel,17352.5,0,None,0.0,0,79.8,2.388,220.483,6.37
2022-06-24,4,B,85000,2,Apparel,16698.5,0,None,0.0,0,81.5,2.285,220.427,6.56
2022-07-01,4,B,85000,2,Apparel,18061.09,0,None,0.0,0,86.6,2.392,220.76,6.43
2022-07-08,4,B,85000,2,Apparel,17831.85,0,None,3576.92,1,82.3,2.177,219.858,6.61
2022-07-15,4,B,85000,2,Apparel,17587.39,0,None,0.0,0,82.4,2.398,220.879,6.57
2022-07-22,4,B,85000,2,Apparel,17459.02,0,None,0.0,0,82.8,2.507,221.305,6.43
2022-07-29,4,B,85000,2,Apparel,16392.06,0,None,0.0,0,76.3,2.476,222.003,6.46
2022-08-05,4,B,85000,2,Apparel,16355.05,0,None,0.0,0,76.6,2.758,221.142,6.39
2022-08-12,4,B,85000,2,Apparel,16015.55,0,None,809.95,1,78.0,2.567,221.134,6.48
2022-08-19,4,B,85000,2,Apparel,16162.47,0,None,0.0,0,79.6,2.703,221.425,6.57
2022-08-26,4,B,85000,2,Apparel,14429.92,0,None,0.0,0,80.8,2.806,222.271,6.36
2022-09-02,4,B,85000,2,Apparel,15670.29,0,None,0.0,0,74.4,2.97,222.115,6.5
2022-09-09,4,B,85000,2,Apparel,19718.14,1,Labor Day,3661.66,1,81.2,2.8,221.823,6.38
2022-09-16,4,B,85000,2,Apparel,15485.45,0,None,0.0,0,73.2,3.069,222.482,6.34
2022-09-23,4,B,85000,2,Apparel,14857.57,0,None,0.0,0,67.8,3.039,222.411,6.4
2022-09-30,4,B,85000,2,Apparel,14230.67,0,None,0.0,0,66.7,3.021,222.984,6.3
2022-10-07,4,B,85000,2,Apparel,14657.51,0,None,0.0,0,59.9,3.199,222.286,6.33
2022-10-14,4,B,85000,2,Apparel,13574.51,0,None,0.0,0,58.6,3.24,222.611,6.26
2022-10-21,4,B,85000,2,Apparel,14770.29,0,None,0.0,0,54.9,3.237,222.716,6.56
2022-10-28,4,B,85000,2,Apparel,13990.17,0,None,757.5,1,49.7,3.351,222.318,6.36
2022-11-04,4,B,85000,2,Apparel,13518.48,0,None,0.0,0,48.7,3.374,223.335,6.27
2022-11-11,4,B,85000,2,Apparel,13131.2,0,None,0.0,0,51.6,3.471,223.455,6.35
2022-11-18,4,B,85000,2,Apparel,12839.05,0,None,0.0,0,51.4,3.571,223.464,6.3
2022-11-25,4,B,85000,2,Apparel,24761.88,1,Thanksgiving / Black Friday,603.93,1,45.7,3.699,223.482,6.28
2022-12-02,4,B,85000,2,Apparel,23884.36,1,Thanksgiving / Black Friday,794.47,1,39.4,3.525,223.029,6.35
2022-12-09,4,B,85000,2,Apparel,13062.78,0,None,1266.8,1,37.7,3.844,223.663,6.35
2022-12-16,4,B,85000,2,Apparel,12592.08,0,None,0.0,0,46.8,3.564,223.84,6.21
2022-12-23,4,B,85000,2,Apparel,25396.6,1,Christmas / New Year,3888.84,1,41.2,3.751,223.747,6.2
2022-12-30,4,B,85000,2,Apparel,23387.51,1,Christmas / New Year,2124.05,1,38.5,3.851,224.205,6.22
2023-01-06,4,B,85000,2,Apparel,13890.09,0,None,0.0,0,40.3,3.863,224.625,6.0
2023-01-13,4,B,85000,2,Apparel,14355.35,0,None,0.0,0,39.3,3.824,225.504,6.07
2023-01-20,4,B,85000,2,Apparel,14539.77,0,None,2682.3,1,35.7,3.887,224.785,6.34
2023-01-27,4,B,85000,2,Apparel,14386.95,0,None,0.0,0,34.4,3.891,224.964,6.36
2023-02-03,4,B,85000,2,Apparel,14206.87,0,None,0.0,0,35.5,3.905,224.935,6.16
2023-02-10,4,B,85000,2,Apparel,17845.59,1,Super Bowl,2751.93,1,37.4,4.038,224.151,6.23
2023-02-17,4,B,85000,2,Apparel,14577.07,0,None,0.0,0,39.7,4.012,225.234,6.19
2023-02-24,4,B,85000,2,Apparel,14702.04,0,None,0.0,0,41.3,3.938,225.415,6.45
2023-03-03,4,B,85000,2,Apparel,16400.6,0,None,2664.88,1,49.3,4.071,226.754,6.25
2023-03-10,4,B,85000,2,Apparel,16117.91,0,None,0.0,0,49.5,4.024,225.563,6.11
2023-03-17,4,B,85000,2,Apparel,16530.33,0,None,0.0,0,56.6,4.062,225.947,6.01
2023-03-24,4,B,85000,2,Apparel,15806.8,0,None,0.0,0,53.5,4.04,225.917,5.94
2023-03-31,4,B,85000,2,Apparel,16217.82,0,None,0.0,0,58.8,3.911,225.487,6.11
2023-04-07,4,B,85000,2,Apparel,17450.6,0,None,0.0,0,61.3,3.917,226.78,6.0
2023-04-14,4,B,85000,2,Apparel,17830.76,0,None,3817.79,1,57.7,4.001,226.722,5.92
2023-04-21,4,B,85000,2,Apparel,16786.06,0,None,0.0,0,64.3,3.966,226.879,5.98
2023-04-28,4,B,85000,2,Apparel,17714.02,0,None,0.0,0,60.5,3.888,226.166,5.93
2023-05-05,4,B,85000,2,Apparel,16914.88,0,None,0.0,0,67.1,3.867,227.46,6.19
2023-05-12,4,B,85000,2,Apparel,18686.27,0,None,0.0,0,75.6,3.925,226.195,6.1
2023-05-19,4,B,85000,2,Apparel,18292.64,0,None,3127.57,1,76.9,3.737,227.326,6.0
2023-05-26,4,B,85000,2,Apparel,21230.96,1,Memorial Day,2368.7,1,66.8,3.786,228.266,6.14
2023-06-02,4,B,85000,2,Apparel,18440.9,0,None,0.0,0,80.9,3.681,226.812,5.98
2023-06-09,4,B,85000,2,Apparel,19320.66,0,None,0.0,0,76.5,3.631,227.162,5.88
2023-06-16,4,B,85000,2,Apparel,19180.65,0,None,0.0,0,75.6,3.686,227.632,6.11
2023-06-23,4,B,85000,2,Apparel,17374.06,0,None,0.0,0,68.2,3.612,227.468,5.99
2023-06-30,4,B,85000,2,Apparel,19379.56,0,None,1126.54,1,85.2,3.556,227.082,5.82
2023-07-07,4,B,85000,2,Apparel,18500.08,0,None,0.0,0,83.2,3.538,228.029,5.9
2023-07-14,4,B,85000,2,Apparel,18175.88,0,None,0.0,0,79.3,3.377,227.601,5.82
2023-07-21,4,B,85000,2,Apparel,18012.49,0,None,0.0,0,85.6,3.37,228.506,5.75
2023-07-28,4,B,85000,2,Apparel,17202.66,0,None,2485.46,1,79.3,3.23,227.947,5.97
2023-08-04,4,B,85000,2,Apparel,17086.83,0,None,0.0,0,79.5,3.219,229.319,6.06
2023-08-11,4,B,85000,2,Apparel,16922.15,0,None,0.0,0,75.3,3.121,228.29,5.72
2023-08-18,4,B,85000,2,Apparel,16812.77,0,None,0.0,0,81.2,3.077,228.658,5.9
2023-08-25,4,B,85000,2,Apparel,17099.31,0,None,1760.75,1,75.3,3.055,229.363,5.77
2023-09-01,4,B,85000,2,Apparel,15443.34,0,None,0.0,0,78.0,2.88,228.478,5.77
2023-09-08,4,B,85000,2,Apparel,21698.77,1,Labor Day,4378.29,1,63.2,3.052,229.344,5.75
2023-09-15,4,B,85000,2,Apparel,15809.09,0,None,0.0,0,64.4,2.744,230.022,5.71
2023-09-22,4,B,85000,2,Apparel,15823.73,0,None,0.0,0,64.9,2.669,228.702,5.79
2023-09-29,4,B,85000,2,Apparel,14529.71,0,None,0.0,0,62.9,2.802,229.735,5.69
2023-10-06,4,B,85000,2,Apparel,15425.41,0,None,0.0,0,72.6,2.718,229.91,5.79
2023-10-13,4,B,85000,2,Apparel,14412.14,0,None,0.0,0,62.3,2.652,230.308,5.74
2023-10-20,4,B,85000,2,Apparel,14933.06,0,None,0.0,0,65.8,2.601,229.436,5.71
2023-10-27,4,B,85000,2,Apparel,14089.26,0,None,0.0,0,53.2,2.502,229.532,5.63
2023-11-03,4,B,85000,2,Apparel,14679.53,0,None,0.0,0,49.6,2.386,230.591,5.65
2023-11-10,4,B,85000,2,Apparel,14770.59,0,None,0.0,0,38.7,2.422,230.616,5.77
2023-11-17,4,B,85000,2,Apparel,13570.32,0,None,506.9,1,58.9,2.323,230.73,5.74
2023-11-24,4,B,85000,2,Apparel,27220.36,1,Thanksgiving / Black Friday,4078.86,1,48.0,2.42,230.915,5.58
2023-12-01,4,B,85000,2,Apparel,26832.19,1,Thanksgiving / Black Friday,2539.11,1,44.3,2.299,230.539,5.67
2023-12-08,4,B,85000,2,Apparel,13689.59,0,None,0.0,0,39.9,2.216,231.133,5.73
2023-12-15,4,B,85000,2,Apparel,13586.0,0,None,0.0,0,45.1,2.233,231.3,5.47
2023-12-22,4,B,85000,2,Apparel,26645.81,1,Christmas / New Year,4482.2,1,45.6,2.272,230.934,5.68
2023-12-29,4,B,85000,2,Apparel,24878.79,1,Christmas / New Year,3768.51,1,38.3,2.177,232.361,5.55
2024-01-05,4,B,85000,2,Apparel,14825.92,0,None,0.0,0,40.2,2.145,231.803,5.66
2024-01-12,4,B,85000,2,Apparel,14595.54,0,None,0.0,0,37.0,2.223,231.108,5.51
2024-01-19,4,B,85000,2,Apparel,15933.57,0,None,4295.53,1,41.2,2.22,232.169,5.4
2024-01-26,4,B,85000,2,Apparel,14429.96,0,None,0.0,0,30.9,2.161,231.491,5.4
2024-02-02,4,B,85000,2,Apparel,15372.33,0,None,1315.55,1,35.2,2.169,232.509,5.56
2024-02-09,4,B,85000,2,Apparel,19190.34,1,Super Bowl,3691.73,1,35.1,2.235,232.832,5.57
2024-02-16,4,B,85000,2,Apparel,16165.48,0,None,0.0,0,42.6,2.114,231.98,5.44
2024-02-23,4,B,85000,2,Apparel,15494.14,0,None,0.0,0,48.5,2.135,233.009,5.58
2024-03-01,4,B,85000,2,Apparel,15621.44,0,None,0.0,0,46.2,2.213,232.871,5.34
2024-03-08,4,B,85000,2,Apparel,16858.04,0,None,0.0,0,50.6,2.279,233.213,5.49
2024-03-15,4,B,85000,2,Apparel,17103.44,0,None,2504.93,1,52.1,2.351,233.888,5.36
2024-03-22,4,B,85000,2,Apparel,18454.8,0,None,0.0,0,54.1,2.477,232.954,5.4
2024-03-29,4,B,85000,2,Apparel,17339.9,0,None,1240.89,1,53.4,2.465,232.837,5.46
2024-04-05,4,B,85000,2,Apparel,18736.66,0,None,0.0,0,54.4,2.424,232.907,5.36
2024-04-12,4,B,85000,2,Apparel,18373.56,0,None,0.0,0,55.5,2.479,233.081,5.39
2024-04-19,4,B,85000,2,Apparel,19254.65,0,None,695.37,1,66.4,2.447,233.588,5.52
2024-04-26,4,B,85000,2,Apparel,18160.41,0,None,0.0,0,72.6,2.575,233.934,5.35
2024-05-03,4,B,85000,2,Apparel,17919.69,0,None,0.0,0,71.5,2.605,234.039,5.48
2024-05-10,4,B,85000,2,Apparel,18900.64,0,None,1029.13,1,68.3,2.708,234.452,5.27
2024-05-17,4,B,85000,2,Apparel,18882.05,0,None,0.0,0,70.7,2.672,234.182,5.43
2024-05-24,4,B,85000,2,Apparel,23321.89,1,Memorial Day,4450.38,1,76.6,2.837,235.04,5.5
2024-05-31,4,B,85000,2,Apparel,18741.6,0,None,0.0,0,67.8,2.977,234.318,5.1
2024-06-07,4,B,85000,2,Apparel,18828.86,0,None,0.0,0,77.0,2.906,235.948,5.26
2024-06-14,4,B,85000,2,Apparel,19779.0,0,None,1955.52,1,75.0,3.008,235.038,5.38
2024-06-21,4,B,85000,2,Apparel,18424.74,0,None,0.0,0,76.3,3.093,234.434,5.29
2024-06-28,4,B,85000,2,Apparel,19579.18,0,None,0.0,0,80.3,3.068,234.465,5.34
2021-01-01,4,B,85000,3,Grocery,31401.81,0,None,2351.32,1,39.8,3.139,210.248,7.52
2021-01-08,4,B,85000,3,Grocery,30192.06,0,None,0.0,0,40.9,3.144,210.068,7.49
2021-01-15,4,B,85000,3,Grocery,30211.94,0,None,0.0,0,38.2,3.281,210.599,7.49
2021-01-22,4,B,85000,3,Grocery,28564.66,0,None,0.0,0,41.8,3.323,211.174,7.39
2021-01-29,4,B,85000,3,Grocery,33782.45,0,None,3818.09,1,41.5,3.34,210.432,7.45
2021-02-05,4,B,85000,3,Grocery,29724.28,0,None,0.0,0,41.1,3.337,210.57,7.49
2021-02-12,4,B,85000,3,Grocery,36025.51,1,Super Bowl,534.22,1,36.6,3.341,211.614,7.57
2021-02-19,4,B,85000,3,Grocery,32203.02,0,None,0.0,0,51.2,3.483,211.345,7.51
2021-02-26,4,B,85000,3,Grocery,35157.06,0,None,3656.58,1,41.5,3.641,210.864,7.62
2021-03-05,4,B,85000,3,Grocery,35527.74,0,None,2950.67,1,45.5,3.641,211.508,7.31
2021-03-12,4,B,85000,3,Grocery,34682.0,0,None,0.0,0,52.9,3.574,211.142,7.47
2021-03-19,4,B,85000,3,Grocery,36552.22,0,None,0.0,0,54.8,3.734,211.278,7.39
2021-03-26,4,B,85000,3,Grocery,35845.95,0,None,0.0,0,57.7,3.794,211.769,7.57
2021-04-02,4,B,85000,3,Grocery,42232.23,0,None,4304.36,1,55.1,3.733,210.829,7.26
2021-04-09,4,B,85000,3,Grocery,39331.06,0,None,2022.3,1,59.1,3.853,211.061,7.25
2021-04-16,4,B,85000,3,Grocery,41247.07,0,None,2686.38,1,63.9,3.879,211.779,7.26
2021-04-23,4,B,85000,3,Grocery,36189.58,0,None,0.0,0,59.1,3.813,211.691,7.09
2021-04-30,4,B,85000,3,Grocery,36859.06,0,None,0.0,0,70.3,3.959,212.492,7.24
2021-05-07,4,B,85000,3,Grocery,37257.66,0,None,0.0,0,66.9,3.997,212.019,7.21
2021-05-14,4,B,85000,3,Grocery,42852.19,0,None,0.0,0,63.5,4.057,211.904,7.29
2021-05-21,4,B,85000,3,Grocery,39868.3,0,None,0.0,0,71.6,4.068,213.48,7.29
2021-05-28,4,B,85000,3,Grocery,45711.62,1,Memorial Day,1989.47,1,74.5,3.883,212.772,7.43
2021-06-04,4,B,85000,3,Grocery,41818.63,0,None,3461.22,1,74.5,3.924,213.056,7.33
2021-06-11,4,B,85000,3,Grocery,42008.77,0,None,4441.75,1,81.2,4.041,212.447,7.16
2021-06-18,4,B,85000,3,Grocery,37931.22,0,None,0.0,0,75.1,4.038,213.025,7.12
2021-06-25,4,B,85000,3,Grocery,39214.62,0,None,0.0,0,82.2,4.03,213.49,7.25
2021-07-02,4,B,85000,3,Grocery,38391.96,0,None,0.0,0,85.4,4.286,212.996,7.05
2021-07-09,4,B,85000,3,Grocery,41680.44,0,None,2747.19,1,79.1,4.007,213.897,7.36
2021-07-16,4,B,85000,3,Grocery,40013.31,0,None,2120.9,1,81.2,4.032,213.546,7.28
2021-07-23,4,B,85000,3,Grocery,37562.46,0,None,0.0,0,77.5,3.994,213.838,7.1
2021-07-30,4,B,85000,3,Grocery,42953.24,0,None,3362.7,1,84.2,3.942,213.82,6.97
2021-08-06,4,B,85000,3,Grocery,36908.24,0,None,0.0,0,78.3,3.833,215.184,7.26
2021-08-13,4,B,85000,3,Grocery,36559.07,0,None,0.0,0,71.4,3.883,214.389,7.1
2021-08-20,4,B,85000,3,Grocery,36271.32,0,None,0.0,0,78.2,3.722,214.004,7.22
2021-08-27,4,B,85000,3,Grocery,36742.58,0,None,0.0,0,79.8,3.723,215.082,6.93
2021-09-03,4,B,85000,3,Grocery,35194.72,0,None,0.0,0,75.3,3.658,214.197,7.02
2021-09-10,4,B,85000,3,Grocery,43093.39,1,Labor Day,2076.68,1,71.1,3.655,215.049,7.07
2021-09-17,4,B,85000,3,Grocery,34159.89,0,None,0.0,0,65.1,3.784,214.103,7.06
2021-09-24,4,B,85000,3,Grocery,33631.75,0,None,0.0,0,70.1,3.396,214.556,7.0
2021-10-01,4,B,85000,3,Grocery,31296.82,0,None,0.0,0,59.4,3.545,215.456,7.09
2021-10-08,4,B,85000,3,Grocery,33902.71,0,None,0.0,0,57.8,3.305,215.864,6.91
2021-10-15,4,B,85000,3,Grocery,31983.6,0,None,0.0,0,49.3,3.337,215.718,6.99
2021-10-22,4,B,85000,3,Grocery,31871.13,0,None,0.0,0,54.5,3.403,215.711,7.0
2021-10-29,4,B,85000,3,Grocery,30716.31,0,None,0.0,0,50.5,3.26,215.756,7.03
2021-11-05,4,B,85000,3,Grocery,29529.33,0,None,0.0,0,55.5,3.107,215.305,7.04
2021-11-12,4,B,85000,3,Grocery,28663.44,0,None,0.0,0,51.3,3.074,215.821,6.84
2021-11-19,4,B,85000,3,Grocery,31474.09,0,None,0.0,0,43.4,3.123,216.088,6.79
2021-11-26,4,B,85000,3,Grocery,53451.33,1,Thanksgiving / Black Friday,3116.67,1,53.4,2.949,216.985,7.06
2021-12-03,4,B,85000,3,Grocery,54289.52,1,Thanksgiving / Black Friday,3543.23,1,42.0,2.963,216.765,6.95
2021-12-10,4,B,85000,3,Grocery,33061.57,0,None,0.0,0,44.5,2.888,215.849,6.83
2021-12-17,4,B,85000,3,Grocery,29925.14,0,None,0.0,0,40.0,2.773,217.03,7.05
2021-12-24,4,B,85000,3,Grocery,48933.15,1,Christmas / New Year,3810.68,1,36.6,2.938,216.813,6.9
2021-12-31,4,B,85000,3,Grocery,52307.2,1,Christmas / New Year,4440.14,1,38.0,2.76,216.804,6.99
2022-01-07,4,B,85000,3,Grocery,31756.62,0,None,0.0,0,39.7,2.492,217.586,6.87
2022-01-14,4,B,85000,3,Grocery,29829.29,0,None,0.0,0,38.4,2.617,217.933,7.05
2022-01-21,4,B,85000,3,Grocery,33107.95,0,None,2427.78,1,38.4,2.498,218.021,7.01
2022-01-28,4,B,85000,3,Grocery,31217.93,0,None,0.0,0,36.3,2.571,217.273,6.8
2022-02-04,4,B,85000,3,Grocery,32749.06,0,None,0.0,0,44.3,2.395,217.675,6.91
2022-02-11,4,B,85000,3,Grocery,37926.17,1,Super Bowl,858.8,1,35.6,2.407,218.133,6.86
2022-02-18,4,B,85000,3,Grocery,33188.71,0,None,0.0,0,47.1,2.418,218.592,6.92
2022-02-25,4,B,85000,3,Grocery,34812.67,0,None,0.0,0,42.7,2.411,218.002,6.68
2022-03-04,4,B,85000,3,Grocery,35137.43,0,None,0.0,0,47.1,2.214,218.286,6.83
2022-03-11,4,B,85000,3,Grocery,36782.62,0,None,0.0,0,56.7,2.256,217.963,6.86
2022-03-18,4,B,85000,3,Grocery,36596.79,0,None,0.0,0,48.4,2.22,218.056,6.56
2022-03-25,4,B,85000,3,Grocery,36073.67,0,None,0.0,0,59.7,2.186,219.197,6.61
2022-04-01,4,B,85000,3,Grocery,38705.59,0,None,0.0,0,49.2,2.364,219.607,6.51
2022-04-08,4,B,85000,3,Grocery,39150.54,0,None,0.0,0,57.3,2.243,219.03,6.68
2022-04-15,4,B,85000,3,Grocery,36127.04,0,None,0.0,0,58.9,2.102,219.705,6.76
2022-04-22,4,B,85000,3,Grocery,38209.67,0,None,0.0,0,63.5,2.274,219.521,6.83
2022-04-29,4,B,85000,3,Grocery,38919.17,0,None,0.0,0,66.6,2.371,219.155,6.67
2022-05-06,4,B,85000,3,Grocery,38588.11,0,None,0.0,0,70.1,2.289,219.796,6.82
2022-05-13,4,B,85000,3,Grocery,42660.66,0,None,0.0,0,71.8,2.095,220.522,6.5
2022-05-20,4,B,85000,3,Grocery,42847.18,0,None,0.0,0,69.5,2.191,219.872,6.46
2022-05-27,4,B,85000,3,Grocery,53169.74,1,Memorial Day,3531.75,1,75.3,2.349,220.81,6.61
2022-06-03,4,B,85000,3,Grocery,41546.11,0,None,0.0,0,78.6,2.213,218.855,6.64
2022-06-10,4,B,85000,3,Grocery,39301.22,0,None,0.0,0,81.8,2.331,220.713,6.59
2022-06-17,4,B,85000,3,Grocery,43159.34,0,None,0.0,0,80.5,2.388,220.483,6.37
2022-06-24,4,B,85000,3,Grocery,41800.64,0,None,0.0,0,76.8,2.285,220.427,6.56
2022-07-01,4,B,85000,3,Grocery,41556.2,0,None,0.0,0,85.1,2.392,220.76,6.43
2022-07-08,4,B,85000,3,Grocery,39295.78,0,None,0.0,0,83.9,2.177,219.858,6.61
2022-07-15,4,B,85000,3,Grocery,40668.01,0,None,0.0,0,82.4,2.398,220.879,6.57
2022-07-22,4,B,85000,3,Grocery,40031.44,0,None,0.0,0,77.3,2.507,221.305,6.43
2022-07-29,4,B,85000,3,Grocery,39874.89,0,None,0.0,0,71.5,2.476,222.003,6.46
2022-08-05,4,B,85000,3,Grocery,40470.49,0,None,646.83,1,79.6,2.758,221.142,6.39
2022-08-12,4,B,85000,3,Grocery,38711.77,0,None,0.0,0,76.8,2.567,221.134,6.48
2022-08-19,4,B,85000,3,Grocery,41313.11,0,None,3366.85,1,82.4,2.703,221.425,6.57
2022-08-26,4,B,85000,3,Grocery,40473.39,0,None,1881.79,1,75.4,2.806,222.271,6.36
2022-09-02,4,B,85000,3,Grocery,38656.24,0,None,3728.72,1,72.9,2.97,222.115,6.5
2022-09-09,4,B,85000,3,Grocery,43996.28,1,Labor Day,1710.02,1,74.7,2.8,221.823,6.38
2022-09-16,4,B,85000,3,Grocery,40982.57,0,None,3075.99,1,66.4,3.069,222.482,6.34
2022-09-23,4,B,85000,3,Grocery,38415.18,0,None,0.0,0,73.0,3.039,222.411,6.4
2022-09-30,4,B,85000,3,Grocery,33709.88,0,None,0.0,0,67.0,3.021,222.984,6.3
2022-10-07,4,B,85000,3,Grocery,34143.47,0,None,0.0,0,62.2,3.199,222.286,6.33
2022-10-14,4,B,85000,3,Grocery,37863.58,0,None,4230.52,1,52.4,3.24,222.611,6.26
2022-10-21,4,B,85000,3,Grocery,34550.75,0,None,1918.27,1,51.0,3.237,222.716,6.56
2022-10-28,4,B,85000,3,Grocery,32992.99,0,None,0.0,0,54.0,3.351,222.318,6.36
2022-11-04,4,B,85000,3,Grocery,32393.01,0,None,0.0,0,62.6,3.374,223.335,6.27
2022-11-11,4,B,85000,3,Grocery,32984.04,0,None,747.9,1,57.6,3.471,223.455,6.35
2022-11-18,4,B,85000,3,Grocery,31040.91,0,None,0.0,0,46.3,3.571,223.464,6.3
2022-11-25,4,B,85000,3,Grocery,51636.22,1,Thanksgiving / Black Friday,953.59,1,50.7,3.699,223.482,6.28
2022-12-02,4,B,85000,3,Grocery,54850.7,1,Thanksgiving / Black Friday,2703.78,1,34.4,3.525,223.029,6.35
2022-12-09,4,B,85000,3,Grocery,28702.58,0,None,0.0,0,39.4,3.844,223.663,6.35
2022-12-16,4,B,85000,3,Grocery,33546.45,0,None,0.0,0,46.4,3.564,223.84,6.21
2022-12-23,4,B,85000,3,Grocery,52409.23,1,Christmas / New Year,3394.99,1,40.9,3.751,223.747,6.2
2022-12-30,4,B,85000,3,Grocery,53324.1,1,Christmas / New Year,4036.78,1,37.0,3.851,224.205,6.22
2023-01-06,4,B,85000,3,Grocery,31186.19,0,None,0.0,0,37.2,3.863,224.625,6.0
2023-01-13,4,B,85000,3,Grocery,33705.38,0,None,0.0,0,29.6,3.824,225.504,6.07
2023-01-20,4,B,85000,3,Grocery,31658.51,0,None,0.0,0,26.3,3.887,224.785,6.34
2023-01-27,4,B,85000,3,Grocery,33317.65,0,None,2418.8,1,42.3,3.891,224.964,6.36
2023-02-03,4,B,85000,3,Grocery,33913.73,0,None,0.0,0,47.8,3.905,224.935,6.16
2023-02-10,4,B,85000,3,Grocery,38984.59,1,Super Bowl,849.31,1,47.2,4.038,224.151,6.23
2023-02-17,4,B,85000,3,Grocery,36487.66,0,None,0.0,0,45.0,4.012,225.234,6.19
2023-02-24,4,B,85000,3,Grocery,37610.96,0,None,3847.76,1,47.9,3.938,225.415,6.45
2023-03-03,4,B,85000,3,Grocery,34158.66,0,None,0.0,0,43.0,4.071,226.754,6.25
2023-03-10,4,B,85000,3,Grocery,36773.88,0,None,0.0,0,49.4,4.024,225.563,6.11
2023-03-17,4,B,85000,3,Grocery,38188.07,0,None,0.0,0,43.0,4.062,225.947,6.01
2023-03-24,4,B,85000,3,Grocery,35742.91,0,None,0.0,0,46.4,4.04,225.917,5.94
2023-03-31,4,B,85000,3,Grocery,39826.38,0,None,2588.38,1,51.5,3.911,225.487,6.11
2023-04-07,4,B,85000,3,Grocery,39601.42,0,None,0.0,0,53.5,3.917,226.78,6.0
2023-04-14,4,B,85000,3,Grocery,41694.65,0,None,0.0,0,55.6,4.001,226.722,5.92
2023-04-21,4,B,85000,3,Grocery,42523.39,0,None,0.0,0,64.7,3.966,226.879,5.98
2023-04-28,4,B,85000,3,Grocery,40479.59,0,None,0.0,0,65.6,3.888,226.166,5.93
2023-05-05,4,B,85000,3,Grocery,40786.95,0,None,0.0,0,74.9,3.867,227.46,6.19
2023-05-12,4,B,85000,3,Grocery,41207.34,0,None,0.0,0,72.4,3.925,226.195,6.1
2023-05-19,4,B,85000,3,Grocery,44180.43,0,None,0.0,0,67.6,3.737,227.326,6.0
2023-05-26,4,B,85000,3,Grocery,50321.13,1,Memorial Day,3646.45,1,76.0,3.786,228.266,6.14
2023-06-02,4,B,85000,3,Grocery,43994.96,0,None,0.0,0,82.7,3.681,226.812,5.98
2023-06-09,4,B,85000,3,Grocery,45201.64,0,None,2373.3,1,81.5,3.631,227.162,5.88
2023-06-16,4,B,85000,3,Grocery,44364.21,0,None,0.0,0,84.0,3.686,227.632,6.11
2023-06-23,4,B,85000,3,Grocery,41334.67,0,None,0.0,0,81.7,3.612,227.468,5.99
2023-06-30,4,B,85000,3,Grocery,41386.67,0,None,0.0,0,82.2,3.556,227.082,5.82
2023-07-07,4,B,85000,3,Grocery,43931.15,0,None,2179.63,1,88.8,3.538,228.029,5.9
2023-07-14,4,B,85000,3,Grocery,43115.88,0,None,0.0,0,76.8,3.377,227.601,5.82
2023-07-21,4,B,85000,3,Grocery,40916.68,0,None,0.0,0,84.8,3.37,228.506,5.75
2023-07-28,4,B,85000,3,Grocery,37916.4,0,None,0.0,0,83.5,3.23,227.947,5.97
2023-08-04,4,B,85000,3,Grocery,39622.2,0,None,0.0,0,76.5,3.219,229.319,6.06
2023-08-11,4,B,85000,3,Grocery,40375.06,0,None,0.0,0,79.0,3.121,228.29,5.72
2023-08-18,4,B,85000,3,Grocery,37934.78,0,None,0.0,0,80.2,3.077,228.658,5.9
2023-08-25,4,B,85000,3,Grocery,40707.99,0,None,2192.45,1,77.0,3.055,229.363,5.77
2023-09-01,4,B,85000,3,Grocery,40498.27,0,None,1320.38,1,74.1,2.88,228.478,5.77
2023-09-08,4,B,85000,3,Grocery,45942.59,1,Labor Day,2310.13,1,74.9,3.052,229.344,5.75
2023-09-15,4,B,85000,3,Grocery,40273.07,0,None,1530.27,1,70.3,2.744,230.022,5.71
2023-09-22,4,B,85000,3,Grocery,35194.11,0,None,0.0,0,69.0,2.669,228.702,5.79
2023-09-29,4,B,85000,3,Grocery,37182.4,0,None,0.0,0,64.2,2.802,229.735,5.69
2023-10-06,4,B,85000,3,Grocery,35509.71,0,None,0.0,0,59.5,2.718,229.91,5.79
2023-10-13,4,B,85000,3,Grocery,35595.28,0,None,0.0,0,61.0,2.652,230.308,5.74
2023-10-20,4,B,85000,3,Grocery,33895.43,0,None,0.0,0,69.6,2.601,229.436,5.71
2023-10-27,4,B,85000,3,Grocery,35264.21,0,None,2230.82,1,57.6,2.502,229.532,5.63
2023-11-03,4,B,85000,3,Grocery,32526.03,0,None,0.0,0,47.9,2.386,230.591,5.65
2023-11-10,4,B,85000,3,Grocery,33388.79,0,None,0.0,0,48.9,2.422,230.616,5.77
2023-11-17,4,B,85000,3,Grocery,32428.86,0,None,0.0,0,49.4,2.323,230.73,5.74
2023-11-24,4,B,85000,3,Grocery,56023.34,1,Thanksgiving / Black Friday,1304.33,1,51.8,2.42,230.915,5.58
2023-12-01,4,B,85000,3,Grocery,53035.81,1,Thanksgiving / Black Friday,1050.21,1,40.2,2.299,230.539,5.67
2023-12-08,4,B,85000,3,Grocery,31048.89,0,None,0.0,0,33.4,2.216,231.133,5.73
2023-12-15,4,B,85000,3,Grocery,33254.84,0,None,0.0,0,41.4,2.233,231.3,5.47
2023-12-22,4,B,85000,3,Grocery,51520.34,1,Christmas / New Year,3362.56,1,32.5,2.272,230.934,5.68
2023-12-29,4,B,85000,3,Grocery,54356.9,1,Christmas / New Year,2512.82,1,44.7,2.177,232.361,5.55
2024-01-05,4,B,85000,3,Grocery,34132.1,0,None,2039.43,1,39.4,2.145,231.803,5.66
2024-01-12,4,B,85000,3,Grocery,35186.44,0,None,0.0,0,43.8,2.223,231.108,5.51
2024-01-19,4,B,85000,3,Grocery,32201.9,0,None,0.0,0,32.2,2.22,232.169,5.4
2024-01-26,4,B,85000,3,Grocery,36698.83,0,None,669.4,1,38.5,2.161,231.491,5.4
2024-02-02,4,B,85000,3,Grocery,36485.9,0,None,3281.32,1,48.2,2.169,232.509,5.56
2024-02-09,4,B,85000,3,Grocery,41103.18,1,Super Bowl,1876.4,1,44.0,2.235,232.832,5.57
2024-02-16,4,B,85000,3,Grocery,36963.26,0,None,0.0,0,48.2,2.114,231.98,5.44
2024-02-23,4,B,85000,3,Grocery,36964.58,0,None,0.0,0,48.1,2.135,233.009,5.58
2024-03-01,4,B,85000,3,Grocery,39244.24,0,None,0.0,0,48.1,2.213,232.871,5.34
2024-03-08,4,B,85000,3,Grocery,36877.12,0,None,0.0,0,45.3,2.279,233.213,5.49
2024-03-15,4,B,85000,3,Grocery,39468.06,0,None,0.0,0,53.1,2.351,233.888,5.36
2024-03-22,4,B,85000,3,Grocery,39889.06,0,None,1242.32,1,58.6,2.477,232.954,5.4
2024-03-29,4,B,85000,3,Grocery,38497.45,0,None,0.0,0,51.4,2.465,232.837,5.46
2024-04-05,4,B,85000,3,Grocery,42128.26,0,None,1185.73,1,57.4,2.424,232.907,5.36
2024-04-12,4,B,85000,3,Grocery,41698.92,0,None,0.0,0,61.4,2.479,233.081,5.39
2024-04-19,4,B,85000,3,Grocery,43030.22,0,None,0.0,0,67.4,2.447,233.588,5.52
2024-04-26,4,B,85000,3,Grocery,42340.84,0,None,0.0,0,61.4,2.575,233.934,5.35
2024-05-03,4,B,85000,3,Grocery,44629.53,0,None,0.0,0,68.6,2.605,234.039,5.48
2024-05-10,4,B,85000,3,Grocery,45570.61,0,None,0.0,0,65.0,2.708,234.452,5.27
2024-05-17,4,B,85000,3,Grocery,45638.49,0,None,0.0,0,67.3,2.672,234.182,5.43
2024-05-24,4,B,85000,3,Grocery,55040.18,1,Memorial Day,2035.5,1,76.3,2.837,235.04,5.5
2024-05-31,4,B,85000,3,Grocery,43744.62,0,None,0.0,0,76.1,2.977,234.318,5.1
2024-06-07,4,B,85000,3,Grocery,48496.02,0,None,3066.75,1,78.2,2.906,235.948,5.26
2024-06-14,4,B,85000,3,Grocery,46622.41,0,None,2281.62,1,86.0,3.008,235.038,5.38
2024-06-21,4,B,85000,3,Grocery,44167.55,0,None,0.0,0,71.7,3.093,234.434,5.29
2024-06-28,4,B,85000,3,Grocery,46449.58,0,None,0.0,0,81.5,3.068,234.465,5.34
2021-01-01,4,B,85000,4,Home & Garden,10246.4,0,None,3182.88,1,37.4,3.139,210.248,7.52
2021-01-08,4,B,85000,4,Home & Garden,9862.55,0,None,1106.44,1,32.1,3.144,210.068,7.49
2021-01-15,4,B,85000,4,Home & Garden,10483.16,0,None,3267.64,1,36.8,3.281,210.599,7.49
2021-01-22,4,B,85000,4,Home & Garden,10526.64,0,None,4280.65,1,36.8,3.323,211.174,7.39
2021-01-29,4,B,85000,4,Home & Garden,9464.75,0,None,0.0,0,39.0,3.34,210.432,7.45
2021-02-05,4,B,85000,4,Home & Garden,9649.88,0,None,0.0,0,39.5,3.337,210.57,7.49
2021-02-12,4,B,85000,4,Home & Garden,10520.29,1,Super Bowl,3179.71,1,37.7,3.341,211.614,7.57
2021-02-19,4,B,85000,4,Home & Garden,10197.76,0,None,1479.76,1,39.5,3.483,211.345,7.51
2021-02-26,4,B,85000,4,Home & Garden,10021.0,0,None,0.0,0,39.4,3.641,210.864,7.62
2021-03-05,4,B,85000,4,Home & Garden,10423.57,0,None,0.0,0,40.4,3.641,211.508,7.31
2021-03-12,4,B,85000,4,Home & Garden,9997.94,0,None,0.0,0,40.8,3.574,211.142,7.47
2021-03-19,4,B,85000,4,Home & Garden,9757.85,0,None,0.0,0,42.5,3.734,211.278,7.39
2021-03-26,4,B,85000,4,Home & Garden,10540.65,0,None,1245.62,1,50.4,3.794,211.769,7.57
2021-04-02,4,B,85000,4,Home & Garden,17025.35,0,None,0.0,0,55.4,3.733,210.829,7.26
2021-04-09,4,B,85000,4,Home & Garden,17459.62,0,None,0.0,0,54.5,3.853,211.061,7.25
2021-04-16,4,B,85000,4,Home & Garden,17586.68,0,None,0.0,0,57.7,3.879,211.779,7.26
2021-04-23,4,B,85000,4,Home & Garden,18215.94,0,None,0.0,0,60.7,3.813,211.691,7.09
2021-04-30,4,B,85000,4,Home & Garden,17221.25,0,None,2554.09,1,73.1,3.959,212.492,7.24
2021-05-07,4,B,85000,4,Home & Garden,16820.29,0,None,0.0,0,69.5,3.997,212.019,7.21
2021-05-14,4,B,85000,4,Home & Garden,16254.64,0,None,0.0,0,78.9,4.057,211.904,7.29
2021-05-21,4,B,85000,4,Home & Garden,16933.58,0,None,0.0,0,69.1,4.068,213.48,7.29
2021-05-28,4,B,85000,4,Home & Garden,19264.04,1,Memorial Day,609.94,1,75.6,3.883,212.772,7.43
2021-06-04,4,B,85000,4,Home & Garden,16758.03,0,None,0.0,0,72.8,3.924,213.056,7.33
2021-06-11,4,B,85000,4,Home & Garden,17517.93,0,None,0.0,0,84.7,4.041,212.447,7.16
2021-06-18,4,B,85000,4,Home & Garden,18803.88,0,None,0.0,0,76.9,4.038,213.025,7.12
2021-06-25,4,B,85000,4,Home & Garden,16155.46,0,None,0.0,0,80.7,4.03,213.49,7.25
2021-07-02,4,B,85000,4,Home & Garden,10437.87,0,None,0.0,0,83.8,4.286,212.996,7.05
2021-07-09,4,B,85000,4,Home & Garden,9061.99,0,None,0.0,0,71.6,4.007,213.897,7.36
2021-07-16,4,B,85000,4,Home & Garden,10214.58,0,None,689.4,1,81.7,4.032,213.546,7.28
2021-07-23,4,B,85000,4,Home & Garden,9543.02,0,None,0.0,0,76.6,3.994,213.838,7.1
2021-07-30,4,B,85000,4,Home & Garden,9490.32,0,None,0.0,0,85.6,3.942,213.82,6.97
2021-08-06,4,B,85000,4,Home & Garden,9560.89,0,None,0.0,0,85.4,3.833,215.184,7.26
2021-08-13,4,B,85000,4,Home & Garden,10242.3,0,None,1203.43,1,79.7,3.883,214.389,7.1
2021-08-20,4,B,85000,4,Home & Garden,10857.37,0,None,3194.07,1,84.3,3.722,214.004,7.22
2021-08-27,4,B,85000,4,Home & Garden,10122.2,0,None,2707.13,1,65.6,3.723,215.082,6.93
2021-09-03,4,B,85000,4,Home & Garden,10458.14,0,None,0.0,0,71.3,3.658,214.197,7.02
2021-09-10,4,B,85000,4,Home & Garden,13004.5,1,Labor Day,4151.43,1,70.7,3.655,215.049,7.07
2021-09-17,4,B,85000,4,Home & Garden,8796.05,0,None,0.0,0,64.6,3.784,214.103,7.06
2021-09-24,4,B,85000,4,Home & Garden,11149.15,0,None,2452.88,1,71.3,3.396,214.556,7.0
2021-10-01,4,B,85000,4,Home & Garden,10014.67,0,None,0.0,0,63.5,3.545,215.456,7.09
2021-10-08,4,B,85000,4,Home & Garden,10006.53,0,None,0.0,0,66.2,3.305,215.864,6.91
2021-10-15,4,B,85000,4,Home & Garden,9765.8,0,None,0.0,0,57.2,3.337,215.718,6.99
2021-10-22,4,B,85000,4,Home & Garden,10456.14,0,None,0.0,0,51.5,3.403,215.711,7.0
2021-10-29,4,B,85000,4,Home & Garden,10209.32,0,None,0.0,0,52.8,3.26,215.756,7.03
2021-11-05,4,B,85000,4,Home & Garden,9598.89,0,None,0.0,0,47.5,3.107,215.305,7.04
2021-11-12,4,B,85000,4,Home & Garden,10543.66,0,None,0.0,0,49.4,3.074,215.821,6.84
2021-11-19,4,B,85000,4,Home & Garden,9341.56,0,None,0.0,0,40.0,3.123,216.088,6.79
2021-11-26,4,B,85000,4,Home & Garden,19027.85,1,Thanksgiving / Black Friday,4318.47,1,55.8,2.949,216.985,7.06
2021-12-03,4,B,85000,4,Home & Garden,19793.02,1,Thanksgiving / Black Friday,3732.06,1,41.9,2.963,216.765,6.95
2021-12-10,4,B,85000,4,Home & Garden,10063.64,0,None,0.0,0,39.3,2.888,215.849,6.83
2021-12-17,4,B,85000,4,Home & Garden,11197.69,0,None,3531.39,1,38.4,2.773,217.03,7.05
2021-12-24,4,B,85000,4,Home & Garden,17860.44,1,Christmas / New Year,3631.95,1,40.3,2.938,216.813,6.9
2021-12-31,4,B,85000,4,Home & Garden,18012.54,1,Christmas / New Year,3066.95,1,36.5,2.76,216.804,6.99
2022-01-07,4,B,85000,4,Home & Garden,11054.55,0,None,0.0,0,40.1,2.492,217.586,6.87
2022-01-14,4,B,85000,4,Home & Garden,10284.03,0,None,0.0,0,35.8,2.617,217.933,7.05
2022-01-21,4,B,85000,4,Home & Garden,9384.52,0,None,0.0,0,33.5,2.498,218.021,7.01
2022-01-28,4,B,85000,4,Home & Garden,9990.92,0,None,0.0,0,43.7,2.571,217.273,6.8
2022-02-04,4,B,85000,4,Home & Garden,9539.41,0,None,0.0,0,30.1,2.395,217.675,6.91
2022-02-11,4,B,85000,4,Home & Garden,12435.2,1,Super Bowl,4355.07,1,45.9,2.407,218.133,6.86
2022-02-18,4,B,85000,4,Home & Garden,10515.7,0,None,0.0,0,45.1,2.418,218.592,6.92
2022-02-25,4,B,85000,4,Home & Garden,10591.09,0,None,0.0,0,47.8,2.411,218.002,6.68
2022-03-04,4,B,85000,4,Home & Garden,9657.04,0,None,0.0,0,43.6,2.214,218.286,6.83
2022-03-11,4,B,85000,4,Home & Garden,10076.94,0,None,0.0,0,52.3,2.256,217.963,6.86
2022-03-18,4,B,85000,4,Home & Garden,9465.17,0,None,0.0,0,50.7,2.22,218.056,6.56
2022-03-25,4,B,85000,4,Home & Garden,9896.83,0,None,0.0,0,51.7,2.186,219.197,6.61
2022-04-01,4,B,85000,4,Home & Garden,17138.69,0,None,0.0,0,55.6,2.364,219.607,6.51
2022-04-08,4,B,85000,4,Home & Garden,18922.97,0,None,1185.13,1,59.4,2.243,219.03,6.68
2022-04-15,4,B,85000,4,Home & Garden,18384.43,0,None,0.0,0,56.8,2.102,219.705,6.76
2022-04-22,4,B,85000,4,Home & Garden,19791.93,0,None,4070.05,1,65.9,2.274,219.521,6.83
2022-04-29,4,B,85000,4,Home & Garden,17308.56,0,None,0.0,0,59.3,2.371,219.155,6.67
2022-05-06,4,B,85000,4,Home & Garden,19188.78,0,None,0.0,0,67.7,2.289,219.796,6.82
2022-05-13,4,B,85000,4,Home & Garden,17705.27,0,None,0.0,0,73.1,2.095,220.522,6.5
2022-05-20,4,B,85000,4,Home & Garden,18008.39,0,None,3323.63,1,65.6,2.191,219.872,6.46
2022-05-27,4,B,85000,4,Home & Garden,21567.83,1,Memorial Day,513.52,1,71.8,2.349,220.81,6.61
2022-06-03,4,B,85000,4,Home & Garden,16753.08,0,None,0.0,0,78.5,2.213,218.855,6.64
2022-06-10,4,B,85000,4,Home & Garden,17930.09,0,None,0.0,0,79.5,2.331,220.713,6.59
2022-06-17,4,B,85000,4,Home & Garden,17787.56,0,None,0.0,0,78.2,2.388,220.483,6.37
2022-06-24,4,B,85000,4,Home & Garden,18522.34,0,None,0.0,0,83.4,2.285,220.427,6.56
2022-07-01,4,B,85000,4,Home & Garden,10595.94,0,None,0.0,0,82.0,2.392,220.76,6.43
2022-07-08,4,B,85000,4,Home & Garden,10476.81,0,None,1045.54,1,80.5,2.177,219.858,6.61
2022-07-15,4,B,85000,4,Home & Garden,10496.19,0,None,0.0,0,82.0,2.398,220.879,6.57
2022-07-22,4,B,85000,4,Home & Garden,10031.09,0,None,0.0,0,77.2,2.507,221.305,6.43
2022-07-29,4,B,85000,4,Home & Garden,10524.1,0,None,0.0,0,81.3,2.476,222.003,6.46
2022-08-05,4,B,85000,4,Home & Garden,10406.38,0,None,0.0,0,83.6,2.758,221.142,6.39
2022-08-12,4,B,85000,4,Home & Garden,10393.15,0,None,0.0,0,78.8,2.567,221.134,6.48
2022-08-19,4,B,85000,4,Home & Garden,10222.85,0,None,0.0,0,80.0,2.703,221.425,6.57
2022-08-26,4,B,85000,4,Home & Garden,10460.6,0,None,0.0,0,69.9,2.806,222.271,6.36
2022-09-02,4,B,85000,4,Home & Garden,9466.83,0,None,0.0,0,73.4,2.97,222.115,6.5
2022-09-09,4,B,85000,4,Home & Garden,14408.48,1,Labor Day,3708.89,1,68.4,2.8,221.823,6.38
2022-09-16,4,B,85000,4,Home & Garden,10448.05,0,None,0.0,0,71.5,3.069,222.482,6.34
2022-09-23,4,B,85000,4,Home & Garden,11805.63,0,None,4229.13,1,67.0,3.039,222.411,6.4
2022-09-30,4,B,85000,4,Home & Garden,9840.87,0,None,0.0,0,61.7,3.021,222.984,6.3
2022-10-07,4,B,85000,4,Home & Garden,10832.56,0,None,0.0,0,58.2,3.199,222.286,6.33
2022-10-14,4,B,85000,4,Home & Garden,10873.58,0,None,0.0,0,60.6,3.24,222.611,6.26
2022-10-21,4,B,85000,4,Home & Garden,9841.6,0,None,2102.36,1,60.6,3.237,222.716,6.56
2022-10-28,4,B,85000,4,Home & Garden,9922.69,0,None,0.0,0,53.7,3.351,222.318,6.36
2022-11-04,4,B,85000,4,Home & Garden,10454.13,0,None,0.0,0,54.9,3.374,223.335,6.27
2022-11-11,4,B,85000,4,Home & Garden,10780.4,0,None,0.0,0,52.6,3.471,223.455,6.35
2022-11-18,4,B,85000,4,Home & Garden,11134.98,0,None,0.0,0,41.5,3.571,223.464,6.3
2022-11-25,4,B,85000,4,Home & Garden,19263.57,1,Thanksgiving / Black Friday,2281.28,1,48.1,3.699,223.482,6.28
2022-12-02,4,B,85000,4,Home & Garden,17746.63,1,Thanksgiving / Black Friday,2888.6,1,38.6,3.525,223.029,6.35
2022-12-09,4,B,85000,4,Home & Garden,10167.45,0,None,0.0,0,39.7,3.844,223.663,6.35
2022-12-16,4,B,85000,4,Home & Garden,9751.04,0,None,0.0,0,33.2,3.564,223.84,6.21
2022-12-23,4,B,85000,4,Home & Garden,17331.94,1,Christmas / New Year,4454.63,1,41.0,3.751,223.747,6.2
2022-12-30,4,B,85000,4,Home & Garden,18084.83,1,Christmas / New Year,2408.27,1,38.7,3.851,224.205,6.22
2023-01-06,4,B,85000,4,Home & Garden,10677.94,0,None,3769.91,1,45.8,3.863,224.625,6.0
2023-01-13,4,B,85000,4,Home & Garden,10839.68,0,None,0.0,0,34.4,3.824,225.504,6.07
2023-01-20,4,B,85000,4,Home & Garden,10814.12,0,None,0.0,0,39.2,3.887,224.785,6.34
2023-01-27,4,B,85000,4,Home & Garden,11047.98,0,None,3604.2,1,40.7,3.891,224.964,6.36
2023-02-03,4,B,85000,4,Home & Garden,10595.28,0,None,0.0,0,40.1,3.905,224.935,6.16
2023-02-10,4,B,85000,4,Home & Garden,11787.99,1,Super Bowl,2686.01,1,39.1,4.038,224.151,6.23
2023-02-17,4,B,85000,4,Home & Garden,10962.45,0,None,0.0,0,43.8,4.012,225.234,6.19
2023-02-24,4,B,85000,4,Home & Garden,11126.08,0,None,0.0,0,47.4,3.938,225.415,6.45
2023-03-03,4,B,85000,4,Home & Garden,10638.56,0,None,0.0,0,41.1,4.071,226.754,6.25
2023-03-10,4,B,85000,4,Home & Garden,11105.84,0,None,0.0,0,42.1,4.024,225.563,6.11
2023-03-17,4,B,85000,4,Home & Garden,10072.22,0,None,0.0,0,48.0,4.062,225.947,6.01
2023-03-24,4,B,85000,4,Home & Garden,10992.67,0,None,0.0,0,57.9,4.04,225.917,5.94
2023-03-31,4,B,85000,4,Home & Garden,10370.93,0,None,0.0,0,56.5,3.911,225.487,6.11
2023-04-07,4,B,85000,4,Home & Garden,19479.23,0,None,1668.06,1,48.0,3.917,226.78,6.0
2023-04-14,4,B,85000,4,Home & Garden,17808.93,0,None,0.0,0,60.9,4.001,226.722,5.92
2023-04-21,4,B,85000,4,Home & Garden,21349.34,0,None,1997.3,1,62.4,3.966,226.879,5.98
2023-04-28,4,B,85000,4,Home & Garden,21369.21,0,None,4458.89,1,62.2,3.888,226.166,5.93
2023-05-05,4,B,85000,4,Home & Garden,18783.26,0,None,0.0,0,66.2,3.867,227.46,6.19
2023-05-12,4,B,85000,4,Home & Garden,19837.88,0,None,0.0,0,68.8,3.925,226.195,6.1
2023-05-19,4,B,85000,4,Home & Garden,20325.82,0,None,3123.4,1,84.3,3.737,227.326,6.0
2023-05-26,4,B,85000,4,Home & Garden,22655.55,1,Memorial Day,1637.38,1,73.5,3.786,228.266,6.14
2023-06-02,4,B,85000,4,Home & Garden,17222.8,0,None,0.0,0,84.8,3.681,226.812,5.98
2023-06-09,4,B,85000,4,Home & Garden,20846.95,0,None,3477.12,1,75.3,3.631,227.162,5.88
2023-06-16,4,B,85000,4,Home & Garden,18594.52,0,None,0.0,0,84.2,3.686,227.632,6.11
2023-06-23,4,B,85000,4,Home & Garden,19552.27,0,None,0.0,0,86.1,3.612,227.468,5.99
2023-06-30,4,B,85000,4,Home & Garden,18702.38,0,None,0.0,0,79.2,3.556,227.082,5.82
2023-07-07,4,B,85000,4,Home & Garden,11230.83,0,None,3692.19,1,85.4,3.538,228.029,5.9
2023-07-14,4,B,85000,4,Home & Garden,9724.74,0,None,0.0,0,78.6,3.377,227.601,5.82
2023-07-21,4,B,85000,4,Home & Garden,11353.75,0,None,2312.69,1,82.5,3.37,228.506,5.75
2023-07-28,4,B,85000,4,Home & Garden,10465.75,0,None,0.0,0,85.5,3.23,227.947,5.97
2023-08-04,4,B,85000,4,Home & Garden,11664.17,0,None,0.0,0,78.8,3.219,229.319,6.06
2023-08-11,4,B,85000,4,Home & Garden,10089.91,0,None,0.0,0,77.6,3.121,228.29,5.72
2023-08-18,4,B,85000,4,Home & Garden,10554.58,0,None,0.0,0,76.3,3.077,228.658,5.9
2023-08-25,4,B,85000,4,Home & Garden,11797.52,0,None,2086.25,1,74.0,3.055,229.363,5.77
2023-09-01,4,B,85000,4,Home & Garden,10356.53,0,None,0.0,0,81.0,2.88,228.478,5.77
2023-09-08,4,B,85000,4,Home & Garden,12706.69,1,Labor Day,1664.32,1,73.8,3.052,229.344,5.75
2023-09-15,4,B,85000,4,Home & Garden,10782.44,0,None,0.0,0,72.8,2.744,230.022,5.71
2023-09-22,4,B,85000,4,Home & Garden,10351.82,0,None,0.0,0,69.5,2.669,228.702,5.79
2023-09-29,4,B,85000,4,Home & Garden,11290.76,0,None,0.0,0,62.5,2.802,229.735,5.69
2023-10-06,4,B,85000,4,Home & Garden,11537.67,0,None,0.0,0,67.3,2.718,229.91,5.79
2023-10-13,4,B,85000,4,Home & Garden,11187.68,0,None,0.0,0,61.8,2.652,230.308,5.74
2023-10-20,4,B,85000,4,Home & Garden,11644.54,0,None,0.0,0,56.0,2.601,229.436,5.71
2023-10-27,4,B,85000,4,Home & Garden,9881.47,0,None,0.0,0,56.4,2.502,229.532,5.63
2023-11-03,4,B,85000,4,Home & Garden,11088.92,0,None,0.0,0,45.3,2.386,230.591,5.65
2023-11-10,4,B,85000,4,Home & Garden,11269.71,0,None,0.0,0,53.1,2.422,230.616,5.77
2023-11-17,4,B,85000,4,Home & Garden,10239.07,0,None,0.0,0,41.1,2.323,230.73,5.74
2023-11-24,4,B,85000,4,Home & Garden,20063.97,1,Thanksgiving / Black Friday,4410.46,1,35.7,2.42,230.915,5.58
2023-12-01,4,B,85000,4,Home & Garden,18460.24,1,Thanksgiving / Black Friday,604.23,1,50.3,2.299,230.539,5.67
2023-12-08,4,B,85000,4,Home & Garden,10709.81,0,None,0.0,0,42.5,2.216,231.133,5.73
2023-12-15,4,B,85000,4,Home & Garden,10692.63,0,None,0.0,0,47.0,2.233,231.3,5.47
2023-12-22,4,B,85000,4,Home & Garden,17577.33,1,Christmas / New Year,1496.08,1,41.7,2.272,230.934,5.68
2023-12-29,4,B,85000,4,Home & Garden,17228.9,1,Christmas / New Year,1073.18,1,40.7,2.177,232.361,5.55
2024-01-05,4,B,85000,4,Home & Garden,10567.92,0,None,0.0,0,41.2,2.145,231.803,5.66
2024-01-12,4,B,85000,4,Home & Garden,10553.68,0,None,0.0,0,32.2,2.223,231.108,5.51
2024-01-19,4,B,85000,4,Home & Garden,10862.85,0,None,0.0,0,32.7,2.22,232.169,5.4
2024-01-26,4,B,85000,4,Home & Garden,11325.23,0,None,0.0,0,34.7,2.161,231.491,5.4
2024-02-02,4,B,85000,4,Home & Garden,10934.4,0,None,0.0,0,41.7,2.169,232.509,5.56
2024-02-09,4,B,85000,4,Home & Garden,13251.73,1,Super Bowl,721.56,1,39.1,2.235,232.832,5.57
2024-02-16,4,B,85000,4,Home & Garden,12257.68,0,None,3777.38,1,45.8,2.114,231.98,5.44
2024-02-23,4,B,85000,4,Home & Garden,11378.6,0,None,0.0,0,36.8,2.135,233.009,5.58
2024-03-01,4,B,85000,4,Home & Garden,11432.11,0,None,514.59,1,43.2,2.213,232.871,5.34
2024-03-08,4,B,85000,4,Home & Garden,11069.09,0,None,0.0,0,50.6,2.279,233.213,5.49
2024-03-15,4,B,85000,4,Home & Garden,11321.62,0,None,3228.92,1,49.0,2.351,233.888,5.36
2024-03-22,4,B,85000,4,Home & Garden,11509.59,0,None,0.0,0,52.4,2.477,232.954,5.4
2024-03-29,4,B,85000,4,Home & Garden,10912.46,0,None,0.0,0,55.0,2.465,232.837,5.46
2024-04-05,4,B,85000,4,Home & Garden,18981.13,0,None,0.0,0,66.8,2.424,232.907,5.36
2024-04-12,4,B,85000,4,Home & Garden,18119.24,0,None,1344.22,1,56.2,2.479,233.081,5.39
2024-04-19,4,B,85000,4,Home & Garden,19758.2,0,None,2856.24,1,56.3,2.447,233.588,5.52
2024-04-26,4,B,85000,4,Home & Garden,20343.19,0,None,0.0,0,65.6,2.575,233.934,5.35
2024-05-03,4,B,85000,4,Home & Garden,19201.8,0,None,0.0,0,64.7,2.605,234.039,5.48
2024-05-10,4,B,85000,4,Home & Garden,18116.41,0,None,0.0,0,67.6,2.708,234.452,5.27
2024-05-17,4,B,85000,4,Home & Garden,19354.16,0,None,0.0,0,70.5,2.672,234.182,5.43
2024-05-24,4,B,85000,4,Home & Garden,24042.98,1,Memorial Day,1952.51,1,65.2,2.837,235.04,5.5
2024-05-31,4,B,85000,4,Home & Garden,17655.58,0,None,0.0,0,73.1,2.977,234.318,5.1
2024-06-07,4,B,85000,4,Home & Garden,19497.03,0,None,0.0,0,72.4,2.906,235.948,5.26
2024-06-14,4,B,85000,4,Home & Garden,19829.91,0,None,0.0,0,81.9,3.008,235.038,5.38
2024-06-21,4,B,85000,4,Home & Garden,19672.31,0,None,882.65,1,85.5,3.093,234.434,5.29
2024-06-28,4,B,85000,4,Home & Garden,18519.35,0,None,0.0,0,79.2,3.068,234.465,5.34
2021-01-01,4,B,85000,5,Toys,8469.55,0,None,0.0,0,32.0,3.139,210.248,7.52
2021-01-08,4,B,85000,5,Toys,8084.26,0,None,0.0,0,42.0,3.144,210.068,7.49
2021-01-15,4,B,85000,5,Toys,8479.62,0,None,0.0,0,35.6,3.281,210.599,7.49
2021-01-22,4,B,85000,5,Toys,7458.01,0,None,0.0,0,33.7,3.323,211.174,7.39
2021-01-29,4,B,85000,5,Toys,8172.66,0,None,0.0,0,39.9,3.34,210.432,7.45
2021-02-05,4,B,85000,5,Toys,8382.51,0,None,0.0,0,38.4,3.337,210.57,7.49
2021-02-12,4,B,85000,5,Toys,8771.11,1,Super Bowl,632.79,1,43.2,3.341,211.614,7.57
2021-02-19,4,B,85000,5,Toys,7856.58,0,None,0.0,0,45.2,3.483,211.345,7.51
2021-02-26,4,B,85000,5,Toys,7679.83,0,None,0.0,0,51.4,3.641,210.864,7.62
2021-03-05,4,B,85000,5,Toys,8196.19,0,None,0.0,0,40.3,3.641,211.508,7.31
2021-03-12,4,B,85000,5,Toys,8795.09,0,None,3744.06,1,53.1,3.574,211.142,7.47
2021-03-19,4,B,85000,5,Toys,8297.78,0,None,0.0,0,47.8,3.734,211.278,7.39
2021-03-26,4,B,85000,5,Toys,7545.93,0,None,0.0,0,48.0,3.794,211.769,7.57
2021-04-02,4,B,85000,5,Toys,8110.07,0,None,0.0,0,63.5,3.733,210.829,7.26
2021-04-09,4,B,85000,5,Toys,8443.21,0,None,2933.19,1,56.2,3.853,211.061,7.25
2021-04-16,4,B,85000,5,Toys,8490.18,0,None,0.0,0,65.7,3.879,211.779,7.26
2021-04-23,4,B,85000,5,Toys,8765.63,0,None,1269.17,1,63.3,3.813,211.691,7.09
2021-04-30,4,B,85000,5,Toys,8931.69,0,None,1593.25,1,70.8,3.959,212.492,7.24
2021-05-07,4,B,85000,5,Toys,8432.55,0,None,0.0,0,60.7,3.997,212.019,7.21
2021-05-14,4,B,85000,5,Toys,7824.26,0,None,0.0,0,69.0,4.057,211.904,7.29
2021-05-21,4,B,85000,5,Toys,8812.82,0,None,0.0,0,72.0,4.068,213.48,7.29
2021-05-28,4,B,85000,5,Toys,10610.4,1,Memorial Day,2481.89,1,75.2,3.883,212.772,7.43
2021-06-04,4,B,85000,5,Toys,8152.99,0,None,0.0,0,77.0,3.924,213.056,7.33
2021-06-11,4,B,85000,5,Toys,8844.55,0,None,0.0,0,77.6,4.041,212.447,7.16
2021-06-18,4,B,85000,5,Toys,9104.89,0,None,2276.64,1,82.5,4.038,213.025,7.12
2021-06-25,4,B,85000,5,Toys,8782.54,0,None,4116.65,1,76.5,4.03,213.49,7.25
2021-07-02,4,B,85000,5,Toys,8187.26,0,None,0.0,0,77.4,4.286,212.996,7.05
2021-07-09,4,B,85000,5,Toys,7637.96,0,None,0.0,0,81.7,4.007,213.897,7.36
2021-07-16,4,B,85000,5,Toys,7765.13,0,None,0.0,0,84.2,4.032,213.546,7.28
2021-07-23,4,B,85000,5,Toys,7801.69,0,None,3105.6,1,77.2,3.994,213.838,7.1
2021-07-30,4,B,85000,5,Toys,8428.19,0,None,0.0,0,89.1,3.942,213.82,6.97
2021-08-06,4,B,85000,5,Toys,8717.96,0,None,0.0,0,78.5,3.833,215.184,7.26
2021-08-13,4,B,85000,5,Toys,9172.51,0,None,3250.42,1,76.6,3.883,214.389,7.1
2021-08-20,4,B,85000,5,Toys,8445.74,0,None,0.0,0,69.4,3.722,214.004,7.22
2021-08-27,4,B,85000,5,Toys,7643.21,0,None,0.0,0,74.2,3.723,215.082,6.93
2021-09-03,4,B,85000,5,Toys,8815.13,0,None,0.0,0,77.1,3.658,214.197,7.02
2021-09-10,4,B,85000,5,Toys,10015.09,1,Labor Day,664.27,1,73.8,3.655,215.049,7.07
2021-09-17,4,B,85000,5,Toys,8034.28,0,None,0.0,0,68.2,3.784,214.103,7.06
2021-09-24,4,B,85000,5,Toys,8340.6,0,None,1022.5,1,64.9,3.396,214.556,7.0
2021-10-01,4,B,85000,5,Toys,8871.04,0,None,0.0,0,62.2,3.545,215.456,7.09
2021-10-08,4,B,85000,5,Toys,8400.42,0,None,3845.24,1,65.3,3.305,215.864,6.91
2021-10-15,4,B,85000,5,Toys,8763.25,0,None,0.0,0,57.6,3.337,215.718,6.99
2021-10-22,4,B,85000,5,Toys,8369.11,0,None,0.0,0,59.8,3.403,215.711,7.0
2021-10-29,4,B,85000,5,Toys,8513.06,0,None,0.0,0,54.6,3.26,215.756,7.03
2021-11-05,4,B,85000,5,Toys,17605.22,0,None,0.0,0,52.2,3.107,215.305,7.04
2021-11-12,4,B,85000,5,Toys,17593.97,0,None,0.0,0,49.3,3.074,215.821,6.84
2021-11-19,4,B,85000,5,Toys,17478.55,0,None,0.0,0,47.2,3.123,216.088,6.79
2021-11-26,4,B,85000,5,Toys,35562.17,1,Thanksgiving / Black Friday,4010.39,1,42.6,2.949,216.985,7.06
2021-12-03,4,B,85000,5,Toys,37590.18,1,Thanksgiving / Black Friday,2857.35,1,41.6,2.963,216.765,6.95
2021-12-10,4,B,85000,5,Toys,18923.69,0,None,0.0,0,39.3,2.888,215.849,6.83
2021-12-17,4,B,85000,5,Toys,17749.84,0,None,0.0,0,36.1,2.773,217.03,7.05
2021-12-24,4,B,85000,5,Toys,35654.37,1,Christmas / New Year,1778.2,1,36.3,2.938,216.813,6.9
2021-12-31,4,B,85000,5,Toys,42708.38,1,Christmas / New Year,3539.51,1,37.1,2.76,216.804,6.99
2022-01-07,4,B,85000,5,Toys,9308.48,0,None,2722.03,1,33.3,2.492,217.586,6.87
2022-01-14,4,B,85000,5,Toys,7980.01,0,None,0.0,0,43.5,2.617,217.933,7.05
2022-01-21,4,B,85000,5,Toys,7359.08,0,None,0.0,0,43.8,2.498,218.021,7.01
2022-01-28,4,B,85000,5,Toys,8601.62,0,None,0.0,0,37.6,2.571,217.273,6.8
2022-02-04,4,B,85000,5,Toys,8542.51,0,None,0.0,0,42.4,2.395,217.675,6.91
2022-02-11,4,B,85000,5,Toys,10268.83,1,Super Bowl,3839.9,1,45.1,2.407,218.133,6.86
2022-02-18,4,B,85000,5,Toys,8810.48,0,None,0.0,0,40.5,2.418,218.592,6.92
2022-02-25,4,B,85000,5,Toys,8729.65,0,None,0.0,0,52.3,2.411,218.002,6.68
2022-03-04,4,B,85000,5,Toys,8842.48,0,None,0.0,0,52.1,2.214,218.286,6.83
2022-03-11,4,B,85000,5,Toys,9497.04,0,None,0.0,0,47.1,2.256,217.963,6.86
2022-03-18,4,B,85000,5,Toys,8558.25,0,None,0.0,0,52.0,2.22,218.056,6.56
2022-03-25,4,B,85000,5,Toys,8903.5,0,None,2588.19,1,46.1,2.186,219.197,6.61
2022-04-01,4,B,85000,5,Toys,8762.36,0,None,0.0,0,54.2,2.364,219.607,6.51
2022-04-08,4,B,85000,5,Toys,8648.74,0,None,0.0,0,51.6,2.243,219.03,6.68
2022-04-15,4,B,85000,5,Toys,8585.21,0,None,0.0,0,62.0,2.102,219.705,6.76
2022-04-22,4,B,85000,5,Toys,9655.09,0,None,0.0,0,58.8,2.274,219.521,6.83
2022-04-29,4,B,85000,5,Toys,8958.03,0,None,0.0,0,65.5,2.371,219.155,6.67
2022-05-06,4,B,85000,5,Toys,8895.27,0,None,0.0,0,66.4,2.289,219.796,6.82
2022-05-13,4,B,85000,5,Toys,8847.59,0,None,0.0,0,68.9,2.095,220.522,6.5
2022-05-20,4,B,85000,5,Toys,8875.19,0,None,0.0,0,78.9,2.191,219.872,6.46
2022-05-27,4,B,85000,5,Toys,11340.45,1,Memorial Day,2062.25,1,79.7,2.349,220.81,6.61
2022-06-03,4,B,85000,5,Toys,8820.91,0,None,0.0,0,71.0,2.213,218.855,6.64
2022-06-10,4,B,85000,5,Toys,8795.67,0,None,0.0,0,73.5,2.331,220.713,6.59
2022-06-17,4,B,85000,5,Toys,9048.85,0,None,0.0,0,85.9,2.388,220.483,6.37
2022-06-24,4,B,85000,5,Toys,8514.94,0,None,0.0,0,82.5,2.285,220.427,6.56
2022-07-01,4,B,85000,5,Toys,8660.07,0,None,0.0,0,81.1,2.392,220.76,6.43
2022-07-08,4,B,85000,5,Toys,9000.31,0,None,0.0,0,81.6,2.177,219.858,6.61
2022-07-15,4,B,85000,5,Toys,8452.66,0,None,0.0,0,75.5,2.398,220.879,6.57
2022-07-22,4,B,85000,5,Toys,9543.52,0,None,3613.87,1,78.8,2.507,221.305,6.43
2022-07-29,4,B,85000,5,Toys,9096.26,0,None,0.0,0,78.4,2.476,222.003,6.46
2022-08-05,4,B,85000,5,Toys,8945.2,0,None,0.0,0,82.5,2.758,221.142,6.39
2022-08-12,4,B,85000,5,Toys,9130.44,0,None,0.0,0,83.0,2.567,221.134,6.48
2022-08-19,4,B,85000,5,Toys,9268.39,0,None,0.0,0,71.8,2.703,221.425,6.57
2022-08-26,4,B,85000,5,Toys,7485.02,0,None,0.0,0,75.4,2.806,222.271,6.36
2022-09-02,4,B,85000,5,Toys,8996.75,0,None,0.0,0,74.0,2.97,222.115,6.5
2022-09-09,4,B,85000,5,Toys,10318.06,1,Labor Day,679.09,1,76.3,2.8,221.823,6.38
2022-09-16,4,B,85000,5,Toys,8625.77,0,None,0.0,0,70.3,3.069,222.482,6.34
2022-09-23,4,B,85000,5,Toys,8074.09,0,None,0.0,0,59.7,3.039,222.411,6.4
2022-09-30,4,B,85000,5,Toys,8135.7,0,None,0.0,0,63.2,3.021,222.984,6.3
2022-10-07,4,B,85000,5,Toys,9089.62,0,None,0.0,0,58.6,3.199,222.286,6.33
2022-10-14,4,B,85000,5,Toys,8894.02,0,None,0.0,0,63.8,3.24,222.611,6.26
2022-10-21,4,B,85000,5,Toys,8690.57,0,None,0.0,0,47.9,3.237,222.716,6.56
2022-10-28,4,B,85000,5,Toys,9689.37,0,None,0.0,0,58.2,3.351,222.318,6.36
2022-11-04,4,B,85000,5,Toys,18602.38,0,None,0.0,0,50.7,3.374,223.335,6.27
2022-11-11,4,B,85000,5,Toys,19308.15,0,None,0.0,0,44.0,3.471,223.455,6.35
2022-11-18,4,B,85000,5,Toys,19788.58,0,None,2307.43,1,48.1,3.571,223.464,6.3
2022-11-25,4,B,85000,5,Toys,38972.32,1,Thanksgiving / Black Friday,4358.32,1,45.4,3.699,223.482,6.28
2022-12-02,4,B,85000,5,Toys,38307.32,1,Thanksgiving / Black Friday,3641.18,1,43.3,3.525,223.029,6.35
2022-12-09,4,B,85000,5,Toys,18853.04,0,None,0.0,0,47.3,3.844,223.663,6.35
2022-12-16,4,B,85000,5,Toys,19599.53,0,None,0.0,0,42.2,3.564,223.84,6.21
2022-12-23,4,B,85000,5,Toys,35769.77,1,Christmas / New Year,2258.57,1,32.7,3.751,223.747,6.2
2022-12-30,4,B,85000,5,Toys,36497.05,1,Christmas / New Year,1510.83,1,37.9,3.851,224.205,6.22
2023-01-06,4,B,85000,5,Toys,8074.32,0,None,0.0,0,32.6,3.863,224.625,6.0
2023-01-13,4,B,85000,5,Toys,8860.12,0,None,0.0,0,44.0,3.824,225.504,6.07
2023-01-20,4,B,85000,5,Toys,9969.49,0,None,0.0,0,43.2,3.887,224.785,6.34
2023-01-27,4,B,85000,5,Toys,8746.06,0,None,3113.36,1,35.5,3.891,224.964,6.36
2023-02-03,4,B,85000,5,Toys,9010.88,0,None,0.0,0,48.2,3.905,224.935,6.16
2023-02-10,4,B,85000,5,Toys,9825.68,1,Super Bowl,4138.28,1,39.9,4.038,224.151,6.23
2023-02-17,4,B,85000,5,Toys,9953.1,0,None,3235.06,1,40.3,4.012,225.234,6.19
2023-02-24,4,B,85000,5,Toys,9381.95,0,None,0.0,0,42.5,3.938,225.415,6.45
2023-03-03,4,B,85000,5,Toys,10907.81,0,None,4227.69,1,53.4,4.071,226.754,6.25
2023-03-10,4,B,85000,5,Toys,10019.78,0,None,3026.94,1,48.8,4.024,225.563,6.11
2023-03-17,4,B,85000,5,Toys,8882.38,0,None,0.0,0,52.6,4.062,225.947,6.01
2023-03-24,4,B,85000,5,Toys,9073.68,0,None,0.0,0,53.5,4.04,225.917,5.94
2023-03-31,4,B,85000,5,Toys,8458.51,0,None,2490.99,1,54.5,3.911,225.487,6.11
2023-04-07,4,B,85000,5,Toys,9199.62,0,None,0.0,0,54.3,3.917,226.78,6.0
2023-04-14,4,B,85000,5,Toys,9189.78,0,None,0.0,0,57.3,4.001,226.722,5.92
2023-04-21,4,B,85000,5,Toys,9103.7,0,None,0.0,0,63.9,3.966,226.879,5.98
2023-04-28,4,B,85000,5,Toys,9322.4,0,None,4281.43,1,57.1,3.888,226.166,5.93
2023-05-05,4,B,85000,5,Toys,8489.83,0,None,0.0,0,71.7,3.867,227.46,6.19
2023-05-12,4,B,85000,5,Toys,9926.02,0,None,0.0,0,70.8,3.925,226.195,6.1
2023-05-19,4,B,85000,5,Toys,8162.57,0,None,0.0,0,71.1,3.737,227.326,6.0
2023-05-26,4,B,85000,5,Toys,9249.48,1,Memorial Day,1301.44,1,77.9,3.786,228.266,6.14
2023-06-02,4,B,85000,5,Toys,9690.24,0,None,0.0,0,82.9,3.681,226.812,5.98
2023-06-09,4,B,85000,5,Toys,8947.96,0,None,1854.98,1,82.5,3.631,227.162,5.88
2023-06-16,4,B,85000,5,Toys,8836.63,0,None,0.0,0,78.7,3.686,227.632,6.11
2023-06-23,4,B,85000,5,Toys,10605.01,0,None,3377.15,1,81.5,3.612,227.468,5.99
2023-06-30,4,B,85000,5,Toys,8387.95,0,None,0.0,0,80.1,3.556,227.082,5.82
2023-07-07,4,B,85000,5,Toys,9118.91,0,None,0.0,0,83.4,3.538,228.029,5.9
2023-07-14,4,B,85000,5,Toys,8460.8,0,None,0.0,0,84.2,3.377,227.601,5.82
2023-07-21,4,B,85000,5,Toys,9184.66,0,None,0.0,0,75.7,3.37,228.506,5.75
2023-07-28,4,B,85000,5,Toys,8821.19,0,None,0.0,0,83.9,3.23,227.947,5.97
2023-08-04,4,B,85000,5,Toys,9342.31,0,None,0.0,0,78.4,3.219,229.319,6.06
2023-08-11,4,B,85000,5,Toys,9419.78,0,None,0.0,0,75.1,3.121,228.29,5.72
2023-08-18,4,B,85000,5,Toys,9375.66,0,None,0.0,0,80.3,3.077,228.658,5.9
2023-08-25,4,B,85000,5,Toys,8898.02,0,None,0.0,0,72.1,3.055,229.363,5.77
2023-09-01,4,B,85000,5,Toys,9797.28,0,None,1781.45,1,75.0,2.88,228.478,5.77
2023-09-08,4,B,85000,5,Toys,11146.31,1,Labor Day,3879.22,1,70.4,3.052,229.344,5.75
2023-09-15,4,B,85000,5,Toys,9133.04,0,None,0.0,0,65.6,2.744,230.022,5.71
2023-09-22,4,B,85000,5,Toys,10130.7,0,None,0.0,0,71.4,2.669,228.702,5.79
2023-09-29,4,B,85000,5,Toys,9800.55,0,None,0.0,0,60.6,2.802,229.735,5.69
2023-10-06,4,B,85000,5,Toys,8719.49,0,None,0.0,0,56.9,2.718,229.91,5.79
2023-10-13,4,B,85000,5,Toys,10150.37,0,None,0.0,0,58.2,2.652,230.308,5.74
2023-10-20,4,B,85000,5,Toys,9167.29,0,None,0.0,0,52.6,2.601,229.436,5.71
2023-10-27,4,B,85000,5,Toys,8666.44,0,None,0.0,0,49.1,2.502,229.532,5.63
2023-11-03,4,B,85000,5,Toys,19205.62,0,None,0.0,0,55.4,2.386,230.591,5.65
2023-11-10,4,B,85000,5,Toys,20065.91,0,None,525.95,1,50.9,2.422,230.616,5.77
2023-11-17,4,B,85000,5,Toys,21084.81,0,None,3047.77,1,48.1,2.323,230.73,5.74
2023-11-24,4,B,85000,5,Toys,41587.88,1,Thanksgiving / Black Friday,3087.44,1,45.9,2.42,230.915,5.58
2023-12-01,4,B,85000,5,Toys,35283.94,1,Thanksgiving / Black Friday,1899.71,1,44.3,2.299,230.539,5.67
2023-12-08,4,B,85000,5,Toys,22099.21,0,None,3427.09,1,45.2,2.216,231.133,5.73
2023-12-15,4,B,85000,5,Toys,16912.86,0,None,0.0,0,43.9,2.233,231.3,5.47
2023-12-22,4,B,85000,5,Toys,34336.33,1,Christmas / New Year,564.15,1,40.8,2.272,230.934,5.68
2023-12-29,4,B,85000,5,Toys,36874.24,1,Christmas / New Year,820.17,1,39.3,2.177,232.361,5.55
2024-01-05,4,B,85000,5,Toys,9298.11,0,None,0.0,0,40.5,2.145,231.803,5.66
2024-01-12,4,B,85000,5,Toys,9010.16,0,None,0.0,0,35.4,2.223,231.108,5.51
2024-01-19,4,B,85000,5,Toys,9050.62,0,None,0.0,0,42.2,2.22,232.169,5.4
2024-01-26,4,B,85000,5,Toys,8968.75,0,None,2061.16,1,42.6,2.161,231.491,5.4
2024-02-02,4,B,85000,5,Toys,9325.38,0,None,0.0,0,42.6,2.169,232.509,5.56
2024-02-09,4,B,85000,5,Toys,10130.88,1,Super Bowl,3525.18,1,38.0,2.235,232.832,5.57
2024-02-16,4,B,85000,5,Toys,9515.22,0,None,1307.76,1,34.8,2.114,231.98,5.44
2024-02-23,4,B,85000,5,Toys,9634.01,0,None,0.0,0,38.7,2.135,233.009,5.58
2024-03-01,4,B,85000,5,Toys,9126.75,0,None,0.0,0,55.1,2.213,232.871,5.34
2024-03-08,4,B,85000,5,Toys,9481.18,0,None,3189.09,1,48.9,2.279,233.213,5.49
2024-03-15,4,B,85000,5,Toys,9115.96,0,None,0.0,0,45.4,2.351,233.888,5.36
2024-03-22,4,B,85000,5,Toys,9549.16,0,None,0.0,0,47.4,2.477,232.954,5.4
2024-03-29,4,B,85000,5,Toys,11069.46,0,None,4303.87,1,54.6,2.465,232.837,5.46
2024-04-05,4,B,85000,5,Toys,9888.85,0,None,0.0,0,58.8,2.424,232.907,5.36
2024-04-12,4,B,85000,5,Toys,8917.59,0,None,0.0,0,59.5,2.479,233.081,5.39
2024-04-19,4,B,85000,5,Toys,9160.96,0,None,0.0,0,60.2,2.447,233.588,5.52
2024-04-26,4,B,85000,5,Toys,9873.09,0,None,0.0,0,67.9,2.575,233.934,5.35
2024-05-03,4,B,85000,5,Toys,9576.48,0,None,0.0,0,70.7,2.605,234.039,5.48
2024-05-10,4,B,85000,5,Toys,8860.3,0,None,0.0,0,69.9,2.708,234.452,5.27
2024-05-17,4,B,85000,5,Toys,8868.9,0,None,0.0,0,77.6,2.672,234.182,5.43
2024-05-24,4,B,85000,5,Toys,12986.08,1,Memorial Day,3358.89,1,71.3,2.837,235.04,5.5
2024-05-31,4,B,85000,5,Toys,8688.6,0,None,0.0,0,77.4,2.977,234.318,5.1
2024-06-07,4,B,85000,5,Toys,9946.83,0,None,0.0,0,86.6,2.906,235.948,5.26
2024-06-14,4,B,85000,5,Toys,8883.38,0,None,0.0,0,75.5,3.008,235.038,5.38
2024-06-21,4,B,85000,5,Toys,9997.21,0,None,0.0,0,76.3,3.093,234.434,5.29
2024-06-28,4,B,85000,5,Toys,8524.22,0,None,0.0,0,85.5,3.068,234.465,5.34
2021-01-01,4,B,85000,6,Health & Beauty,11397.19,0,None,0.0,0,31.9,3.139,210.248,7.52
2021-01-08,4,B,85000,6,Health & Beauty,12441.88,0,None,4251.17,1,34.7,3.144,210.068,7.49
2021-01-15,4,B,85000,6,Health & Beauty,11797.87,0,None,0.0,0,39.0,3.281,210.599,7.49
2021-01-22,4,B,85000,6,Health & Beauty,11311.16,0,None,586.57,1,37.0,3.323,211.174,7.39
2021-01-29,4,B,85000,6,Health & Beauty,11891.16,0,None,0.0,0,41.9,3.34,210.432,7.45
2021-02-05,4,B,85000,6,Health & Beauty,11850.55,0,None,0.0,0,35.9,3.337,210.57,7.49
2021-02-12,4,B,85000,6,Health & Beauty,13442.92,1,Super Bowl,1177.14,1,37.5,3.341,211.614,7.57
2021-02-19,4,B,85000,6,Health & Beauty,11544.38,0,None,0.0,0,45.1,3.483,211.345,7.51
2021-02-26,4,B,85000,6,Health & Beauty,12324.13,0,None,0.0,0,45.7,3.641,210.864,7.62
2021-03-05,4,B,85000,6,Health & Beauty,13937.96,0,None,1813.43,1,47.2,3.641,211.508,7.31
2021-03-12,4,B,85000,6,Health & Beauty,12094.17,0,None,0.0,0,38.3,3.574,211.142,7.47
2021-03-19,4,B,85000,6,Health & Beauty,13270.5,0,None,0.0,0,45.2,3.734,211.278,7.39
2021-03-26,4,B,85000,6,Health & Beauty,13333.78,0,None,0.0,0,54.3,3.794,211.769,7.57
2021-04-02,4,B,85000,6,Health & Beauty,13669.98,0,None,0.0,0,50.2,3.733,210.829,7.26
2021-04-09,4,B,85000,6,Health & Beauty,13782.28,0,None,0.0,0,53.8,3.853,211.061,7.25
2021-04-16,4,B,85000,6,Health & Beauty,14733.31,0,None,0.0,0,57.2,3.879,211.779,7.26
2021-04-23,4,B,85000,6,Health & Beauty,13599.36,0,None,0.0,0,58.7,3.813,211.691,7.09
2021-04-30,4,B,85000,6,Health & Beauty,13645.51,0,None,0.0,0,63.6,3.959,212.492,7.24
2021-05-07,4,B,85000,6,Health & Beauty,14961.32,0,None,965.85,1,72.1,3.997,212.019,7.21
2021-05-14,4,B,85000,6,Health & Beauty,15429.33,0,None,0.0,0,74.3,4.057,211.904,7.29
2021-05-21,4,B,85000,6,Health & Beauty,15392.34,0,None,0.0,0,72.4,4.068,213.48,7.29
2021-05-28,4,B,85000,6,Health & Beauty,19019.63,1,Memorial Day,3378.76,1,74.4,3.883,212.772,7.43
2021-06-04,4,B,85000,6,Health & Beauty,16219.93,0,None,0.0,0,78.3,3.924,213.056,7.33
2021-06-11,4,B,85000,6,Health & Beauty,14739.75,0,None,0.0,0,81.5,4.041,212.447,7.16
2021-06-18,4,B,85000,6,Health & Beauty,15499.91,0,None,0.0,0,80.8,4.038,213.025,7.12
2021-06-25,4,B,85000,6,Health & Beauty,14919.4,0,None,0.0,0,85.9,4.03,213.49,7.25
2021-07-02,4,B,85000,6,Health & Beauty,14301.2,0,None,0.0,0,76.8,4.286,212.996,7.05
2021-07-09,4,B,85000,6,Health & Beauty,15786.31,0,None,0.0,0,88.0,4.007,213.897,7.36
2021-07-16,4,B,85000,6,Health & Beauty,14954.92,0,None,0.0,0,80.8,4.032,213.546,7.28
2021-07-23,4,B,85000,6,Health & Beauty,14683.96,0,None,0.0,0,90.5,3.994,213.838,7.1
2021-07-30,4,B,85000,6,Health & Beauty,14345.58,0,None,1139.14,1,78.6,3.942,213.82,6.97
2021-08-06,4,B,85000,6,Health & Beauty,14276.14,0,None,0.0,0,79.1,3.833,215.184,7.26
2021-08-13,4,B,85000,6,Health & Beauty,14844.29,0,None,0.0,0,81.1,3.883,214.389,7.1
2021-08-20,4,B,85000,6,Health & Beauty,13985.84,0,None,0.0,0,78.7,3.722,214.004,7.22
2021-08-27,4,B,85000,6,Health & Beauty,13759.71,0,None,0.0,0,83.2,3.723,215.082,6.93
2021-09-03,4,B,85000,6,Health & Beauty,13025.03,0,None,0.0,0,78.2,3.658,214.197,7.02
2021-09-10,4,B,85000,6,Health & Beauty,16873.55,1,Labor Day,4083.47,1,70.3,3.655,215.049,7.07
2021-09-17,4,B,85000,6,Health & Beauty,13375.53,0,None,0.0,0,71.4,3.784,214.103,7.06
2021-09-24,4,B,85000,6,Health & Beauty,13770.12,0,None,2519.84,1,69.6,3.396,214.556,7.0
2021-10-01,4,B,85000,6,Health & Beauty,12394.07,0,None,0.0,0,72.7,3.545,215.456,7.09
2021-10-08,4,B,85000,6,Health & Beauty,12162.5,0,None,0.0,0,67.2,3.305,215.864,6.91
2021-10-15,4,B,85000,6,Health & Beauty,13303.31,0,None,1957.71,1,57.0,3.337,215.718,6.99
2021-10-22,4,B,85000,6,Health & Beauty,12852.05,0,None,0.0,0,55.4,3.403,215.711,7.0
2021-10-29,4,B,85000,6,Health & Beauty,12828.51,0,None,1221.09,1,51.5,3.26,215.756,7.03
2021-11-05,4,B,85000,6,Health & Beauty,12365.23,0,None,0.0,0,57.5,3.107,215.305,7.04
2021-11-12,4,B,85000,6,Health & Beauty,12496.27,0,None,0.0,0,47.1,3.074,215.821,6.84
2021-11-19,4,B,85000,6,Health & Beauty,11546.88,0,None,0.0,0,51.9,3.123,216.088,6.79
2021-11-26,4,B,85000,6,Health & Beauty,19491.71,1,Thanksgiving / Black Friday,1884.74,1,39.7,2.949,216.985,7.06
2021-12-03,4,B,85000,6,Health & Beauty,18707.45,1,Thanksgiving / Black Friday,690.45,1,44.1,2.963,216.765,6.95
2021-12-10,4,B,85000,6,Health & Beauty,12416.65,0,None,1795.74,1,45.2,2.888,215.849,6.83
2021-12-17,4,B,85000,6,Health & Beauty,11403.34,0,None,0.0,0,41.8,2.773,217.03,7.05
2021-12-24,4,B,85000,6,Health & Beauty,20519.63,1,Christmas / New Year,2795.78,1,43.1,2.938,216.813,6.9
2021-12-31,4,B,85000,6,Health & Beauty,18945.43,1,Christmas / New Year,2766.62,1,38.4,2.76,216.804,6.99
2022-01-07,4,B,85000,6,Health & Beauty,11273.63,0,None,0.0,0,36.4,2.492,217.586,6.87
2022-01-14,4,B,85000,6,Health & Beauty,12347.9,0,None,0.0,0,37.9,2.617,217.933,7.05
2022-01-21,4,B,85000,6,Health & Beauty,12702.61,0,None,1893.98,1,38.4,2.498,218.021,7.01
2022-01-28,4,B,85000,6,Health & Beauty,12125.74,0,None,0.0,0,42.9,2.571,217.273,6.8
2022-02-04,4,B,85000,6,Health & Beauty,11917.39,0,None,0.0,0,44.3,2.395,217.675,6.91
2022-02-11,4,B,85000,6,Health & Beauty,14975.53,1,Super Bowl,1802.67,1,39.0,2.407,218.133,6.86
2022-02-18,4,B,85000,6,Health & Beauty,14077.39,0,None,0.0,0,41.3,2.418,218.592,6.92
2022-02-25,4,B,85000,6,Health & Beauty,12846.18,0,None,1362.0,1,45.5,2.411,218.002,6.68
2022-03-04,4,B,85000,6,Health & Beauty,14362.45,0,None,3010.5,1,48.0,2.214,218.286,6.83
2022-03-11,4,B,85000,6,Health & Beauty,12708.53,0,None,0.0,0,49.6,2.256,217.963,6.86
2022-03-18,4,B,85000,6,Health & Beauty,14112.8,0,None,0.0,0,52.9,2.22,218.056,6.56
2022-03-25,4,B,85000,6,Health & Beauty,13261.84,0,None,0.0,0,57.8,2.186,219.197,6.61
2022-04-01,4,B,85000,6,Health & Beauty,15081.12,0,None,2080.35,1,59.3,2.364,219.607,6.51
2022-04-08,4,B,85000,6,Health & Beauty,15373.86,0,None,4039.97,1,59.9,2.243,219.03,6.68
2022-04-15,4,B,85000,6,Health & Beauty,15441.72,0,None,0.0,0,56.7,2.102,219.705,6.76
2022-04-22,4,B,85000,6,Health & Beauty,14427.25,0,None,0.0,0,71.7,2.274,219.521,6.83
2022-04-29,4,B,85000,6,Health & Beauty,15410.22,0,None,0.0,0,69.9,2.371,219.155,6.67
2022-05-06,4,B,85000,6,Health & Beauty,15186.24,0,None,0.0,0,65.5,2.289,219.796,6.82
2022-05-13,4,B,85000,6,Health & Beauty,16312.79,0,None,0.0,0,78.2,2.095,220.522,6.5
2022-05-20,4,B,85000,6,Health & Beauty,17111.86,0,None,4183.06,1,74.5,2.191,219.872,6.46
2022-05-27,4,B,85000,6,Health & Beauty,18421.55,1,Memorial Day,2424.97,1,75.9,2.349,220.81,6.61
2022-06-03,4,B,85000,6,Health & Beauty,15605.78,0,None,0.0,0,81.2,2.213,218.855,6.64
2022-06-10,4,B,85000,6,Health & Beauty,15422.15,0,None,0.0,0,79.2,2.331,220.713,6.59
2022-06-17,4,B,85000,6,Health & Beauty,16515.51,0,None,0.0,0,72.3,2.388,220.483,6.37
2022-06-24,4,B,85000,6,Health & Beauty,16122.02,0,None,0.0,0,74.6,2.285,220.427,6.56
2022-07-01,4,B,85000,6,Health & Beauty,15963.12,0,None,690.94,1,83.7,2.392,220.76,6.43
2022-07-08,4,B,85000,6,Health & Beauty,16058.96,0,None,0.0,0,87.7,2.177,219.858,6.61
2022-07-15,4,B,85000,6,Health & Beauty,17125.83,0,None,0.0,0,83.5,2.398,220.879,6.57
2022-07-22,4,B,85000,6,Health & Beauty,15976.0,0,None,0.0,0,82.0,2.507,221.305,6.43
2022-07-29,4,B,85000,6,Health & Beauty,15171.89,0,None,0.0,0,92.9,2.476,222.003,6.46
2022-08-05,4,B,85000,6,Health & Beauty,15017.68,0,None,0.0,0,74.6,2.758,221.142,6.39
2022-08-12,4,B,85000,6,Health & Beauty,15289.04,0,None,3732.48,1,78.5,2.567,221.134,6.48
2022-08-19,4,B,85000,6,Health & Beauty,15048.42,0,None,0.0,0,79.9,2.703,221.425,6.57
2022-08-26,4,B,85000,6,Health & Beauty,14292.59,0,None,0.0,0,82.2,2.806,222.271,6.36
2022-09-02,4,B,85000,6,Health & Beauty,14092.06,0,None,0.0,0,78.4,2.97,222.115,6.5
2022-09-09,4,B,85000,6,Health & Beauty,17779.52,1,Labor Day,3714.27,1,67.3,2.8,221.823,6.38
2022-09-16,4,B,85000,6,Health & Beauty,13740.53,0,None,0.0,0,64.3,3.069,222.482,6.34
2022-09-23,4,B,85000,6,Health & Beauty,13458.19,0,None,0.0,0,73.9,3.039,222.411,6.4
2022-09-30,4,B,85000,6,Health & Beauty,12070.0,0,None,0.0,0,68.4,3.021,222.984,6.3
2022-10-07,4,B,85000,6,Health & Beauty,12790.87,0,None,0.0,0,66.3,3.199,222.286,6.33
2022-10-14,4,B,85000,6,Health & Beauty,12132.63,0,None,0.0,0,63.3,3.24,222.611,6.26
2022-10-21,4,B,85000,6,Health & Beauty,14449.87,0,None,2493.77,1,49.3,3.237,222.716,6.56
2022-10-28,4,B,85000,6,Health & Beauty,12720.25,0,None,0.0,0,54.1,3.351,222.318,6.36
2022-11-04,4,B,85000,6,Health & Beauty,11929.29,0,None,0.0,0,53.3,3.374,223.335,6.27
2022-11-11,4,B,85000,6,Health & Beauty,11607.26,0,None,0.0,0,50.2,3.471,223.455,6.35
2022-11-18,4,B,85000,6,Health & Beauty,12285.57,0,None,1073.67,1,52.5,3.571,223.464,6.3
2022-11-25,4,B,85000,6,Health & Beauty,22514.92,1,Thanksgiving / Black Friday,3299.84,1,49.1,3.699,223.482,6.28
2022-12-02,4,B,85000,6,Health & Beauty,22362.45,1,Thanksgiving / Black Friday,4030.42,1,45.7,3.525,223.029,6.35
2022-12-09,4,B,85000,6,Health & Beauty,11698.56,0,None,0.0,0,43.8,3.844,223.663,6.35
2022-12-16,4,B,85000,6,Health & Beauty,12119.2,0,None,0.0,0,41.2,3.564,223.84,6.21
2022-12-23,4,B,85000,6,Health & Beauty,19559.13,1,Christmas / New Year,1991.73,1,40.6,3.751,223.747,6.2
2022-12-30,4,B,85000,6,Health & Beauty,19788.97,1,Christmas / New Year,1828.3,1,38.8,3.851,224.205,6.22
2023-01-06,4,B,85000,6,Health & Beauty,12167.9,0,None,0.0,0,35.3,3.863,224.625,6.0
2023-01-13,4,B,85000,6,Health & Beauty,12155.36,0,None,982.75,1,32.2,3.824,225.504,6.07
2023-01-20,4,B,85000,6,Health & Beauty,13395.42,0,None,0.0,0,38.2,3.887,224.785,6.34
2023-01-27,4,B,85000,6,Health & Beauty,13666.41,0,None,2793.51,1,43.4,3.891,224.964,6.36
2023-02-03,4,B,85000,6,Health & Beauty,13564.77,0,None,2869.9,1,42.5,3.905,224.935,6.16
2023-02-10,4,B,85000,6,Health & Beauty,16250.84,1,Super Bowl,3921.39,1,40.8,4.038,224.151,6.23
2023-02-17,4,B,85000,6,Health & Beauty,13761.25,0,None,0.0,0,44.8,4.012,225.234,6.19
2023-02-24,4,B,85000,6,Health & Beauty,13002.53,0,None,0.0,0,45.9,3.938,225.415,6.45
2023-03-03,4,B,85000,6,Health & Beauty,13803.9,0,None,0.0,0,39.4,4.071,226.754,6.25
2023-03-10,4,B,85000,6,Health & Beauty,13777.82,0,None,0.0,0,47.8,4.024,225.563,6.11
2023-03-17,4,B,85000,6,Health & Beauty,13741.7,0,None,0.0,0,53.1,4.062,225.947,6.01
2023-03-24,4,B,85000,6,Health & Beauty,15362.49,0,None,0.0,0,48.6,4.04,225.917,5.94
2023-03-31,4,B,85000,6,Health & Beauty,14313.42,0,None,0.0,0,49.3,3.911,225.487,6.11
2023-04-07,4,B,85000,6,Health & Beauty,15445.51,0,None,0.0,0,54.6,3.917,226.78,6.0
2023-04-14,4,B,85000,6,Health & Beauty,18104.14,0,None,3912.16,1,61.2,4.001,226.722,5.92
2023-04-21,4,B,85000,6,Health & Beauty,15886.55,0,None,2230.46,1,64.3,3.966,226.879,5.98
2023-04-28,4,B,85000,6,Health & Beauty,16043.59,0,None,0.0,0,62.0,3.888,226.166,5.93
2023-05-05,4,B,85000,6,Health & Beauty,14529.07,0,None,0.0,0,70.8,3.867,227.46,6.19
2023-05-12,4,B,85000,6,Health & Beauty,15096.81,0,None,0.0,0,75.3,3.925,226.195,6.1
2023-05-19,4,B,85000,6,Health & Beauty,16421.26,0,None,0.0,0,74.1,3.737,227.326,6.0
2023-05-26,4,B,85000,6,Health & Beauty,19249.85,1,Memorial Day,530.79,1,84.1,3.786,228.266,6.14
2023-06-02,4,B,85000,6,Health & Beauty,16170.04,0,None,0.0,0,79.9,3.681,226.812,5.98
2023-06-09,4,B,85000,6,Health & Beauty,16062.05,0,None,0.0,0,75.7,3.631,227.162,5.88
2023-06-16,4,B,85000,6,Health & Beauty,18028.24,0,None,2296.35,1,82.3,3.686,227.632,6.11
2023-06-23,4,B,85000,6,Health & Beauty,15942.25,0,None,0.0,0,76.2,3.612,227.468,5.99
2023-06-30,4,B,85000,6,Health & Beauty,16470.83,0,None,0.0,0,80.7,3.556,227.082,5.82
2023-07-07,4,B,85000,6,Health & Beauty,14627.24,0,None,662.8,1,82.5,3.538,228.029,5.9
2023-07-14,4,B,85000,6,Health & Beauty,15429.03,0,None,0.0,0,79.2,3.377,227.601,5.82
2023-07-21,4,B,85000,6,Health & Beauty,15533.75,0,None,0.0,0,83.7,3.37,228.506,5.75
2023-07-28,4,B,85000,6,Health & Beauty,15374.92,0,None,0.0,0,87.9,3.23,227.947,5.97
2023-08-04,4,B,85000,6,Health & Beauty,15894.44,0,None,3681.8,1,77.6,3.219,229.319,6.06
2023-08-11,4,B,85000,6,Health & Beauty,15404.3,0,None,660.59,1,83.4,3.121,228.29,5.72
2023-08-18,4,B,85000,6,Health & Beauty,15348.56,0,None,0.0,0,73.1,3.077,228.658,5.9
2023-08-25,4,B,85000,6,Health & Beauty,14619.07,0,None,0.0,0,75.0,3.055,229.363,5.77
2023-09-01,4,B,85000,6,Health & Beauty,14772.63,0,None,980.77,1,65.6,2.88,228.478,5.77
2023-09-08,4,B,85000,6,Health & Beauty,18749.58,1,Labor Day,4333.14,1,70.0,3.052,229.344,5.75
2023-09-15,4,B,85000,6,Health & Beauty,14049.82,0,None,0.0,0,67.5,2.744,230.022,5.71
2023-09-22,4,B,85000,6,Health & Beauty,14946.04,0,None,1308.34,1,69.5,2.669,228.702,5.79
2023-09-29,4,B,85000,6,Health & Beauty,14069.81,0,None,0.0,0,67.5,2.802,229.735,5.69
2023-10-06,4,B,85000,6,Health & Beauty,12591.67,0,None,0.0,0,64.6,2.718,229.91,5.79
2023-10-13,4,B,85000,6,Health & Beauty,12256.25,0,None,0.0,0,60.8,2.652,230.308,5.74
2023-10-20,4,B,85000,6,Health & Beauty,13115.24,0,None,0.0,0,56.4,2.601,229.436,5.71
2023-10-27,4,B,85000,6,Health & Beauty,13866.19,0,None,3096.76,1,55.4,2.502,229.532,5.63
2023-11-03,4,B,85000,6,Health & Beauty,13249.01,0,None,3124.65,1,51.3,2.386,230.591,5.65
2023-11-10,4,B,85000,6,Health & Beauty,12281.33,0,None,0.0,0,54.5,2.422,230.616,5.77
2023-11-17,4,B,85000,6,Health & Beauty,13147.64,0,None,1686.63,1,50.6,2.323,230.73,5.74
2023-11-24,4,B,85000,6,Health & Beauty,23443.38,1,Thanksgiving / Black Friday,4368.48,1,44.1,2.42,230.915,5.58
2023-12-01,4,B,85000,6,Health & Beauty,22394.14,1,Thanksgiving / Black Friday,2693.33,1,40.4,2.299,230.539,5.67
2023-12-08,4,B,85000,6,Health & Beauty,13182.16,0,None,0.0,0,38.8,2.216,231.133,5.73
2023-12-15,4,B,85000,6,Health & Beauty,12417.12,0,None,0.0,0,42.4,2.233,231.3,5.47
2023-12-22,4,B,85000,6,Health & Beauty,20887.87,1,Christmas / New Year,3214.17,1,38.2,2.272,230.934,5.68
2023-12-29,4,B,85000,6,Health & Beauty,21385.25,1,Christmas / New Year,4075.56,1,42.5,2.177,232.361,5.55
2024-01-05,4,B,85000,6,Health & Beauty,12631.16,0,None,0.0,0,42.5,2.145,231.803,5.66
2024-01-12,4,B,85000,6,Health & Beauty,12915.12,0,None,0.0,0,39.3,2.223,231.108,5.51
2024-01-19,4,B,85000,6,Health & Beauty,13504.35,0,None,1665.92,1,43.2,2.22,232.169,5.4
2024-01-26,4,B,85000,6,Health & Beauty,12597.83,0,None,0.0,0,36.5,2.161,231.491,5.4
2024-02-02,4,B,85000,6,Health & Beauty,13688.06,0,None,0.0,0,35.2,2.169,232.509,5.56
2024-02-09,4,B,85000,6,Health & Beauty,15699.92,1,Super Bowl,3710.52,1,38.8,2.235,232.832,5.57
2024-02-16,4,B,85000,6,Health & Beauty,12793.39,0,None,0.0,0,46.6,2.114,231.98,5.44
2024-02-23,4,B,85000,6,Health & Beauty,14670.42,0,None,0.0,0,40.8,2.135,233.009,5.58
2024-03-01,4,B,85000,6,Health & Beauty,14684.5,0,None,1064.1,1,45.2,2.213,232.871,5.34
2024-03-08,4,B,85000,6,Health & Beauty,13787.51,0,None,0.0,0,48.9,2.279,233.213,5.49
2024-03-15,4,B,85000,6,Health & Beauty,14920.06,0,None,0.0,0,50.3,2.351,233.888,5.36
2024-03-22,4,B,85000,6,Health & Beauty,15143.02,0,None,0.0,0,48.9,2.477,232.954,5.4
2024-03-29,4,B,85000,6,Health & Beauty,16385.96,0,None,2791.01,1,58.2,2.465,232.837,5.46
2024-04-05,4,B,85000,6,Health & Beauty,16587.06,0,None,2377.58,1,55.3,2.424,232.907,5.36
2024-04-12,4,B,85000,6,Health & Beauty,16797.63,0,None,1396.84,1,61.2,2.479,233.081,5.39
2024-04-19,4,B,85000,6,Health & Beauty,18521.23,0,None,3749.8,1,63.9,2.447,233.588,5.52
2024-04-26,4,B,85000,6,Health & Beauty,16658.02,0,None,0.0,0,74.0,2.575,233.934,5.35
2024-05-03,4,B,85000,6,Health & Beauty,17710.57,0,None,0.0,0,69.6,2.605,234.039,5.48
2024-05-10,4,B,85000,6,Health & Beauty,15706.35,0,None,0.0,0,74.2,2.708,234.452,5.27
2024-05-17,4,B,85000,6,Health & Beauty,17725.87,0,None,1995.88,1,74.1,2.672,234.182,5.43
2024-05-24,4,B,85000,6,Health & Beauty,19821.92,1,Memorial Day,2330.86,1,75.4,2.837,235.04,5.5
2024-05-31,4,B,85000,6,Health & Beauty,17751.27,0,None,0.0,0,77.6,2.977,234.318,5.1
2024-06-07,4,B,85000,6,Health & Beauty,17026.02,0,None,0.0,0,79.5,2.906,235.948,5.26
2024-06-14,4,B,85000,6,Health & Beauty,17061.18,0,None,0.0,0,72.8,3.008,235.038,5.38
2024-06-21,4,B,85000,6,Health & Beauty,17327.87,0,None,0.0,0,78.2,3.093,234.434,5.29
2024-06-28,4,B,85000,6,Health & Beauty,16295.28,0,None,0.0,0,79.7,3.068,234.465,5.34
2021-01-01,5,C,50000,1,Electronics,7446.77,0,None,0.0,0,41.2,3.139,210.248,7.52
2021-01-08,5,C,50000,1,Electronics,7360.69,0,None,0.0,0,42.2,3.144,210.068,7.49
2021-01-15,5,C,50000,1,Electronics,7405.11,0,None,0.0,0,37.2,3.281,210.599,7.49
2021-01-22,5,C,50000,1,Electronics,7581.92,0,None,0.0,0,39.8,3.323,211.174,7.39
2021-01-29,5,C,50000,1,Electronics,7431.47,0,None,0.0,0,44.0,3.34,210.432,7.45
2021-02-05,5,C,50000,1,Electronics,7256.86,0,None,0.0,0,42.3,3.337,210.57,7.49
2021-02-12,5,C,50000,1,Electronics,8363.23,1,Super Bowl,2674.91,1,38.6,3.341,211.614,7.57
2021-02-19,5,C,50000,1,Electronics,7511.83,0,None,0.0,0,39.0,3.483,211.345,7.51
2021-02-26,5,C,50000,1,Electronics,6961.72,0,None,0.0,0,41.5,3.641,210.864,7.62
2021-03-05,5,C,50000,1,Electronics,7814.76,0,None,0.0,0,46.4,3.641,211.508,7.31
2021-03-12,5,C,50000,1,Electronics,7564.03,0,None,0.0,0,46.0,3.574,211.142,7.47
2021-03-19,5,C,50000,1,Electronics,8004.94,0,None,0.0,0,44.5,3.734,211.278,7.39
2021-03-26,5,C,50000,1,Electronics,7721.89,0,None,0.0,0,54.5,3.794,211.769,7.57
2021-04-02,5,C,50000,1,Electronics,7991.73,0,None,0.0,0,59.0,3.733,210.829,7.26
2021-04-09,5,C,50000,1,Electronics,7816.63,0,None,0.0,0,62.2,3.853,211.061,7.25
2021-04-16,5,C,50000,1,Electronics,7039.85,0,None,0.0,0,63.5,3.879,211.779,7.26
2021-04-23,5,C,50000,1,Electronics,7432.04,0,None,0.0,0,61.2,3.813,211.691,7.09
2021-04-30,5,C,50000,1,Electronics,7179.17,0,None,0.0,0,65.2,3.959,212.492,7.24
2021-05-07,5,C,50000,1,Electronics,7958.1,0,None,0.0,0,72.2,3.997,212.019,7.21
2021-05-14,5,C,50000,1,Electronics,8169.33,0,None,0.0,0,73.8,4.057,211.904,7.29
2021-05-21,5,C,50000,1,Electronics,7429.02,0,None,0.0,0,75.6,4.068,213.48,7.29
2021-05-28,5,C,50000,1,Electronics,9182.83,1,Memorial Day,4387.66,1,74.7,3.883,212.772,7.43
2021-06-04,5,C,50000,1,Electronics,7235.62,0,None,0.0,0,79.5,3.924,213.056,7.33
2021-06-11,5,C,50000,1,Electronics,7671.22,0,None,0.0,0,84.7,4.041,212.447,7.16
2021-06-18,5,C,50000,1,Electronics,7240.74,0,None,0.0,0,81.5,4.038,213.025,7.12
2021-06-25,5,C,50000,1,Electronics,7209.37,0,None,0.0,0,89.1,4.03,213.49,7.25
2021-07-02,5,C,50000,1,Electronics,7266.31,0,None,0.0,0,78.7,4.286,212.996,7.05
2021-07-09,5,C,50000,1,Electronics,7247.72,0,None,0.0,0,79.8,4.007,213.897,7.36
2021-07-16,5,C,50000,1,Electronics,7869.32,0,None,2119.99,1,73.7,4.032,213.546,7.28
2021-07-23,5,C,50000,1,Electronics,8765.64,0,None,3662.03,1,78.0,3.994,213.838,7.1
2021-07-30,5,C,50000,1,Electronics,7191.46,0,None,0.0,0,83.3,3.942,213.82,6.97
2021-08-06,5,C,50000,1,Electronics,8560.18,0,None,0.0,0,79.6,3.833,215.184,7.26
2021-08-13,5,C,50000,1,Electronics,10236.89,0,None,0.0,0,84.9,3.883,214.389,7.1
2021-08-20,5,C,50000,1,Electronics,10815.0,0,None,2988.24,1,80.8,3.722,214.004,7.22
2021-08-27,5,C,50000,1,Electronics,9250.91,0,None,0.0,0,74.4,3.723,215.082,6.93
2021-09-03,5,C,50000,1,Electronics,10716.65,0,None,2649.24,1,79.5,3.658,214.197,7.02
2021-09-10,5,C,50000,1,Electronics,13160.63,1,Labor Day,4386.6,1,75.4,3.655,215.049,7.07
2021-09-17,5,C,50000,1,Electronics,9598.79,0,None,0.0,0,65.9,3.784,214.103,7.06
2021-09-24,5,C,50000,1,Electronics,10746.21,0,None,0.0,0,68.0,3.396,214.556,7.0
2021-10-01,5,C,50000,1,Electronics,7784.75,0,None,0.0,0,68.2,3.545,215.456,7.09
2021-10-08,5,C,50000,1,Electronics,7936.02,0,None,2116.94,1,67.3,3.305,215.864,6.91
2021-10-15,5,C,50000,1,Electronics,7554.98,0,None,0.0,0,56.7,3.337,215.718,6.99
2021-10-22,5,C,50000,1,Electronics,7679.88,0,None,0.0,0,51.2,3.403,215.711,7.0
2021-10-29,5,C,50000,1,Electronics,7826.74,0,None,0.0,0,49.8,3.26,215.756,7.03
2021-11-05,5,C,50000,1,Electronics,13826.17,0,None,0.0,0,44.6,3.107,215.305,7.04
2021-11-12,5,C,50000,1,Electronics,14363.53,0,None,0.0,0,52.7,3.074,215.821,6.84
2021-11-19,5,C,50000,1,Electronics,13745.76,0,None,0.0,0,45.0,3.123,216.088,6.79
2021-11-26,5,C,50000,1,Electronics,26304.74,1,Thanksgiving / Black Friday,1776.84,1,38.3,2.949,216.985,7.06
2021-12-03,5,C,50000,1,Electronics,24967.49,1,Thanksgiving / Black Friday,3925.41,1,32.6,2.963,216.765,6.95
2021-12-10,5,C,50000,1,Electronics,13775.51,0,None,0.0,0,43.4,2.888,215.849,6.83
2021-12-17,5,C,50000,1,Electronics,13309.86,0,None,0.0,0,30.3,2.773,217.03,7.05
2021-12-24,5,C,50000,1,Electronics,23270.62,1,Christmas / New Year,2018.62,1,37.8,2.938,216.813,6.9
2021-12-31,5,C,50000,1,Electronics,25715.55,1,Christmas / New Year,3674.09,1,32.2,2.76,216.804,6.99
2022-01-07,5,C,50000,1,Electronics,7891.27,0,None,0.0,0,30.0,2.492,217.586,6.87
2022-01-14,5,C,50000,1,Electronics,8107.21,0,None,0.0,0,34.2,2.617,217.933,7.05
2022-01-21,5,C,50000,1,Electronics,7679.85,0,None,0.0,0,37.2,2.498,218.021,7.01
2022-01-28,5,C,50000,1,Electronics,7689.63,0,None,0.0,0,42.6,2.571,217.273,6.8
2022-02-04,5,C,50000,1,Electronics,7483.02,0,None,0.0,0,40.2,2.395,217.675,6.91
2022-02-11,5,C,50000,1,Electronics,9293.59,1,Super Bowl,2689.51,1,46.7,2.407,218.133,6.86
2022-02-18,5,C,50000,1,Electronics,8604.02,0,None,1629.62,1,39.8,2.418,218.592,6.92
2022-02-25,5,C,50000,1,Electronics,8862.12,0,None,0.0,0,49.7,2.411,218.002,6.68
2022-03-04,5,C,50000,1,Electronics,8563.99,0,None,0.0,0,53.7,2.214,218.286,6.83
2022-03-11,5,C,50000,1,Electronics,7051.04,0,None,0.0,0,47.4,2.256,217.963,6.86
2022-03-18,5,C,50000,1,Electronics,8196.99,0,None,2953.71,1,44.1,2.22,218.056,6.56
2022-03-25,5,C,50000,1,Electronics,7048.26,0,None,0.0,0,50.2,2.186,219.197,6.61
2022-04-01,5,C,50000,1,Electronics,8019.02,0,None,0.0,0,56.2,2.364,219.607,6.51
2022-04-08,5,C,50000,1,Electronics,8018.47,0,None,0.0,0,53.7,2.243,219.03,6.68
2022-04-15,5,C,50000,1,Electronics,7552.15,0,None,0.0,0,64.4,2.102,219.705,6.76
2022-04-22,5,C,50000,1,Electronics,8359.75,0,None,0.0,0,56.2,2.274,219.521,6.83
2022-04-29,5,C,50000,1,Electronics,7795.26,0,None,0.0,0,63.1,2.371,219.155,6.67
2022-05-06,5,C,50000,1,Electronics,7350.49,0,None,0.0,0,66.4,2.289,219.796,6.82
2022-05-13,5,C,50000,1,Electronics,7148.75,0,None,0.0,0,72.0,2.095,220.522,6.5
2022-05-20,5,C,50000,1,Electronics,7910.72,0,None,0.0,0,69.5,2.191,219.872,6.46
2022-05-27,5,C,50000,1,Electronics,9465.22,1,Memorial Day,2761.89,1,79.2,2.349,220.81,6.61
2022-06-03,5,C,50000,1,Electronics,8131.59,0,None,3679.8,1,76.4,2.213,218.855,6.64
2022-06-10,5,C,50000,1,Electronics,8031.25,0,None,0.0,0,75.6,2.331,220.713,6.59
2022-06-17,5,C,50000,1,Electronics,7936.64,0,None,0.0,0,77.1,2.388,220.483,6.37
2022-06-24,5,C,50000,1,Electronics,8097.54,0,None,0.0,0,80.5,2.285,220.427,6.56
2022-07-01,5,C,50000,1,Electronics,6934.33,0,None,0.0,0,84.6,2.392,220.76,6.43
2022-07-08,5,C,50000,1,Electronics,7588.08,0,None,0.0,0,81.9,2.177,219.858,6.61
2022-07-15,5,C,50000,1,Electronics,8049.5,0,None,0.0,0,91.2,2.398,220.879,6.57
2022-07-22,5,C,50000,1,Electronics,7873.27,0,None,0.0,0,78.6,2.507,221.305,6.43
2022-07-29,5,C,50000,1,Electronics,7758.86,0,None,0.0,0,82.9,2.476,222.003,6.46
2022-08-05,5,C,50000,1,Electronics,10881.06,0,None,0.0,0,81.2,2.758,221.142,6.39
2022-08-12,5,C,50000,1,Electronics,11617.52,0,None,3553.67,1,82.8,2.567,221.134,6.48
2022-08-19,5,C,50000,1,Electronics,9889.85,0,None,0.0,0,82.6,2.703,221.425,6.57
2022-08-26,5,C,50000,1,Electronics,10029.83,0,None,0.0,0,76.4,2.806,222.271,6.36
2022-09-02,5,C,50000,1,Electronics,9520.71,0,None,1420.22,1,69.6,2.97,222.115,6.5
2022-09-09,5,C,50000,1,Electronics,13465.11,1,Labor Day,2640.12,1,75.3,2.8,221.823,6.38
2022-09-16,5,C,50000,1,Electronics,10793.96,0,None,1682.21,1,71.0,3.069,222.482,6.34
2022-09-23,5,C,50000,1,Electronics,10884.19,0,None,1090.57,1,68.7,3.039,222.411,6.4
2022-09-30,5,C,50000,1,Electronics,10221.69,0,None,0.0,0,64.5,3.021,222.984,6.3
2022-10-07,5,C,50000,1,Electronics,8941.6,0,None,2426.36,1,63.0,3.199,222.286,6.33
2022-10-14,5,C,50000,1,Electronics,7857.93,0,None,0.0,0,54.1,3.24,222.611,6.26
2022-10-21,5,C,50000,1,Electronics,7705.79,0,None,0.0,0,60.3,3.237,222.716,6.56
2022-10-28,5,C,50000,1,Electronics,8007.8,0,None,2550.34,1,53.7,3.351,222.318,6.36
2022-11-04,5,C,50000,1,Electronics,14056.1,0,None,0.0,0,45.1,3.374,223.335,6.27
2022-11-11,5,C,50000,1,Electronics,15012.64,0,None,1773.99,1,45.0,3.471,223.455,6.35
2022-11-18,5,C,50000,1,Electronics,13870.68,0,None,0.0,0,47.7,3.571,223.464,6.3
2022-11-25,5,C,50000,1,Electronics,28014.91,1,Thanksgiving / Black Friday,1082.96,1,42.9,3.699,223.482,6.28
2022-12-02,5,C,50000,1,Electronics,30077.1,1,Thanksgiving / Black Friday,769.7,1,38.2,3.525,223.029,6.35
2022-12-09,5,C,50000,1,Electronics,14853.14,0,None,0.0,0,38.9,3.844,223.663,6.35
2022-12-16,5,C,50000,1,Electronics,12424.49,0,None,0.0,0,38.1,3.564,223.84,6.21
2022-12-23,5,C,50000,1,Electronics,25582.59,1,Christmas / New Year,1870.16,1,37.3,3.751,223.747,6.2
2022-12-30,5,C,50000,1,Electronics,25836.7,1,Christmas / New Year,4057.96,1,38.2,3.851,224.205,6.22
2023-01-06,5,C,50000,1,Electronics,8026.04,0,None,0.0,0,39.9,3.863,224.625,6.0
2023-01-13,5,C,50000,1,Electronics,8464.38,0,None,3971.33,1,40.5,3.824,225.504,6.07
2023-01-20,5,C,50000,1,Electronics,7956.57,0,None,0.0,0,30.8,3.887,224.785,6.34
2023-01-27,5,C,50000,1,Electronics,7737.99,0,None,0.0,0,31.7,3.891,224.964,6.36
2023-02-03,5,C,50000,1,Electronics,7620.11,0,None,0.0,0,49.2,3.905,224.935,6.16
2023-02-10,5,C,50000,1,Electronics,9835.92,1,Super Bowl,4182.95,1,36.8,4.038,224.151,6.23
2023-02-17,5,C,50000,1,Electronics,8677.32,0,None,0.0,0,39.1,4.012,225.234,6.19
2023-02-24,5,C,50000,1,Electronics,8547.78,0,None,3910.53,1,43.8,3.938,225.415,6.45
2023-03-03,5,C,50000,1,Electronics,8624.44,0,None,2680.84,1,41.2,4.071,226.754,6.25
2023-03-10,5,C,50000,1,Electronics,8238.43,0,None,0.0,0,48.2,4.024,225.563,6.11
2023-03-17,5,C,50000,1,Electronics,8743.15,0,None,0.0,0,50.1,4.062,225.947,6.01
2023-03-24,5,C,50000,1,Electronics,7819.11,0,None,0.0,0,57.4,4.04,225.917,5.94
2023-03-31,5,C,50000,1,Electronics,8161.5,0,None,0.0,0,56.4,3.911,225.487,6.11
2023-04-07,5,C,50000,1,Electronics,8830.34,0,None,0.0,0,58.4,3.917,226.78,6.0
2023-04-14,5,C,50000,1,Electronics,8327.37,0,None,0.0,0,60.5,4.001,226.722,5.92
2023-04-21,5,C,50000,1,Electronics,8102.73,0,None,0.0,0,62.4,3.966,226.879,5.98
2023-04-28,5,C,50000,1,Electronics,8048.39,0,None,0.0,0,56.3,3.888,226.166,5.93
2023-05-05,5,C,50000,1,Electronics,8350.31,0,None,0.0,0,67.9,3.867,227.46,6.19
2023-05-12,5,C,50000,1,Electronics,8060.86,0,None,0.0,0,72.9,3.925,226.195,6.1
2023-05-19,5,C,50000,1,Electronics,7918.19,0,None,0.0,0,77.0,3.737,227.326,6.0
2023-05-26,5,C,50000,1,Electronics,9884.64,1,Memorial Day,3435.75,1,71.1,3.786,228.266,6.14
2023-06-02,5,C,50000,1,Electronics,8201.6,0,None,0.0,0,77.5,3.681,226.812,5.98
2023-06-09,5,C,50000,1,Electronics,8520.18,0,None,0.0,0,74.7,3.631,227.162,5.88
2023-06-16,5,C,50000,1,Electronics,8123.96,0,None,0.0,0,85.6,3.686,227.632,6.11
2023-06-23,5,C,50000,1,Electronics,8315.34,0,None,0.0,0,78.9,3.612,227.468,5.99
2023-06-30,5,C,50000,1,Electronics,8054.14,0,None,0.0,0,82.5,3.556,227.082,5.82
2023-07-07,5,C,50000,1,Electronics,8491.83,0,None,2336.52,1,82.5,3.538,228.029,5.9
2023-07-14,5,C,50000,1,Electronics,8171.68,0,None,0.0,0,89.0,3.377,227.601,5.82
2023-07-21,5,C,50000,1,Electronics,8381.65,0,None,0.0,0,79.8,3.37,228.506,5.75
2023-07-28,5,C,50000,1,Electronics,8601.5,0,None,0.0,0,76.2,3.23,227.947,5.97
2023-08-04,5,C,50000,1,Electronics,10432.87,0,None,0.0,0,75.2,3.219,229.319,6.06
2023-08-11,5,C,50000,1,Electronics,11189.27,0,None,3629.76,1,82.3,3.121,228.29,5.72
2023-08-18,5,C,50000,1,Electronics,11356.08,0,None,3853.6,1,80.4,3.077,228.658,5.9
2023-08-25,5,C,50000,1,Electronics,10795.37,0,None,0.0,0,80.9,3.055,229.363,5.77
2023-09-01,5,C,50000,1,Electronics,11287.49,0,None,2066.41,1,70.3,2.88,228.478,5.77
2023-09-08,5,C,50000,1,Electronics,13016.46,1,Labor Day,2186.73,1,69.3,3.052,229.344,5.75
2023-09-15,5,C,50000,1,Electronics,10456.85,0,None,0.0,0,69.9,2.744,230.022,5.71
2023-09-22,5,C,50000,1,Electronics,10239.75,0,None,0.0,0,73.1,2.669,228.702,5.79
2023-09-29,5,C,50000,1,Electronics,10870.49,0,None,0.0,0,57.7,2.802,229.735,5.69
2023-10-06,5,C,50000,1,Electronics,8118.91,0,None,0.0,0,61.1,2.718,229.91,5.79
2023-10-13,5,C,50000,1,Electronics,8430.47,0,None,0.0,0,61.1,2.652,230.308,5.74
2023-10-20,5,C,50000,1,Electronics,8276.33,0,None,0.0,0,65.4,2.601,229.436,5.71
2023-10-27,5,C,50000,1,Electronics,8978.67,0,None,0.0,0,57.0,2.502,229.532,5.63
2023-11-03,5,C,50000,1,Electronics,14242.71,0,None,0.0,0,49.9,2.386,230.591,5.65
2023-11-10,5,C,50000,1,Electronics,14907.76,0,None,2454.05,1,49.7,2.422,230.616,5.77
2023-11-17,5,C,50000,1,Electronics,13975.78,0,None,0.0,0,50.8,2.323,230.73,5.74
2023-11-24,5,C,50000,1,Electronics,29042.89,1,Thanksgiving / Black Friday,4333.19,1,44.2,2.42,230.915,5.58
2023-12-01,5,C,50000,1,Electronics,28954.25,1,Thanksgiving / Black Friday,4479.4,1,48.7,2.299,230.539,5.67
2023-12-08,5,C,50000,1,Electronics,14239.76,0,None,0.0,0,38.8,2.216,231.133,5.73
2023-12-15,5,C,50000,1,Electronics,12478.47,0,None,0.0,0,42.3,2.233,231.3,5.47
2023-12-22,5,C,50000,1,Electronics,28096.77,1,Christmas / New Year,4393.23,1,37.3,2.272,230.934,5.68
2023-12-29,5,C,50000,1,Electronics,30586.18,1,Christmas / New Year,2616.65,1,34.3,2.177,232.361,5.55
2024-01-05,5,C,50000,1,Electronics,8568.15,0,None,3344.91,1,40.4,2.145,231.803,5.66
2024-01-12,5,C,50000,1,Electronics,8916.99,0,None,0.0,0,39.4,2.223,231.108,5.51
2024-01-19,5,C,50000,1,Electronics,8806.94,0,None,3006.01,1,40.9,2.22,232.169,5.4
2024-01-26,5,C,50000,1,Electronics,7949.42,0,None,0.0,0,31.4,2.161,231.491,5.4
2024-02-02,5,C,50000,1,Electronics,8396.39,0,None,0.0,0,40.9,2.169,232.509,5.56
2024-02-09,5,C,50000,1,Electronics,9512.33,1,Super Bowl,3596.01,1,43.7,2.235,232.832,5.57
2024-02-16,5,C,50000,1,Electronics,8009.1,0,None,0.0,0,37.9,2.114,231.98,5.44
2024-02-23,5,C,50000,1,Electronics,8338.37,0,None,0.0,0,42.8,2.135,233.009,5.58
2024-03-01,5,C,50000,1,Electronics,8358.28,0,None,0.0,0,44.1,2.213,232.871,5.34
2024-03-08,5,C,50000,1,Electronics,8457.53,0,None,2024.28,1,49.1,2.279,233.213,5.49
2024-03-15,5,C,50000,1,Electronics,8421.0,0,None,0.0,0,55.5,2.351,233.888,5.36
2024-03-22,5,C,50000,1,Electronics,7537.96,0,None,0.0,0,49.6,2.477,232.954,5.4
2024-03-29,5,C,50000,1,Electronics,7750.89,0,None,0.0,0,56.0,2.465,232.837,5.46
2024-04-05,5,C,50000,1,Electronics,8599.52,0,None,0.0,0,52.7,2.424,232.907,5.36
2024-04-12,5,C,50000,1,Electronics,8439.86,0,None,0.0,0,60.9,2.479,233.081,5.39
2024-04-19,5,C,50000,1,Electronics,8333.11,0,None,0.0,0,61.1,2.447,233.588,5.52
2024-04-26,5,C,50000,1,Electronics,9272.2,0,None,0.0,0,60.7,2.575,233.934,5.35
2024-05-03,5,C,50000,1,Electronics,8418.76,0,None,2418.46,1,65.8,2.605,234.039,5.48
2024-05-10,5,C,50000,1,Electronics,7510.37,0,None,0.0,0,77.8,2.708,234.452,5.27
2024-05-17,5,C,50000,1,Electronics,8166.51,0,None,0.0,0,70.2,2.672,234.182,5.43
2024-05-24,5,C,50000,1,Electronics,10056.34,1,Memorial Day,3174.1,1,74.3,2.837,235.04,5.5
2024-05-31,5,C,50000,1,Electronics,8914.74,0,None,4447.1,1,80.4,2.977,234.318,5.1
2024-06-07,5,C,50000,1,Electronics,7964.78,0,None,0.0,0,76.6,2.906,235.948,5.26
2024-06-14,5,C,50000,1,Electronics,7938.93,0,None,0.0,0,83.6,3.008,235.038,5.38
2024-06-21,5,C,50000,1,Electronics,8626.43,0,None,0.0,0,79.7,3.093,234.434,5.29
2024-06-28,5,C,50000,1,Electronics,9019.82,0,None,1153.29,1,87.3,3.068,234.465,5.34
2021-01-01,5,C,50000,2,Apparel,4833.56,0,None,0.0,0,40.2,3.139,210.248,7.52
2021-01-08,5,C,50000,2,Apparel,5325.61,0,None,0.0,0,39.5,3.144,210.068,7.49
2021-01-15,5,C,50000,2,Apparel,5025.29,0,None,0.0,0,36.5,3.281,210.599,7.49
2021-01-22,5,C,50000,2,Apparel,5921.33,0,None,4387.62,1,41.5,3.323,211.174,7.39
2021-01-29,5,C,50000,2,Apparel,5458.38,0,None,1917.85,1,40.7,3.34,210.432,7.45
2021-02-05,5,C,50000,2,Apparel,5304.64,0,None,0.0,0,40.1,3.337,210.57,7.49
2021-02-12,5,C,50000,2,Apparel,6176.8,1,Super Bowl,1443.9,1,40.3,3.341,211.614,7.57
2021-02-19,5,C,50000,2,Apparel,5388.09,0,None,0.0,0,40.6,3.483,211.345,7.51
2021-02-26,5,C,50000,2,Apparel,5144.76,0,None,0.0,0,39.8,3.641,210.864,7.62
2021-03-05,5,C,50000,2,Apparel,6281.49,0,None,0.0,0,42.6,3.641,211.508,7.31
2021-03-12,5,C,50000,2,Apparel,5555.42,0,None,0.0,0,43.5,3.574,211.142,7.47
2021-03-19,5,C,50000,2,Apparel,5768.4,0,None,0.0,0,49.0,3.734,211.278,7.39
2021-03-26,5,C,50000,2,Apparel,6285.03,0,None,0.0,0,48.5,3.794,211.769,7.57
2021-04-02,5,C,50000,2,Apparel,6838.63,0,None,2386.38,1,48.8,3.733,210.829,7.26
2021-04-09,5,C,50000,2,Apparel,6183.8,0,None,0.0,0,58.8,3.853,211.061,7.25
2021-04-16,5,C,50000,2,Apparel,6171.66,0,None,0.0,0,62.7,3.879,211.779,7.26
2021-04-23,5,C,50000,2,Apparel,6357.73,0,None,0.0,0,62.0,3.813,211.691,7.09
2021-04-30,5,C,50000,2,Apparel,6272.81,0,None,0.0,0,63.2,3.959,212.492,7.24
2021-05-07,5,C,50000,2,Apparel,6060.49,0,None,539.81,1,70.6,3.997,212.019,7.21
2021-05-14,5,C,50000,2,Apparel,6697.07,0,None,0.0,0,66.2,4.057,211.904,7.29
2021-05-21,5,C,50000,2,Apparel,6967.2,0,None,0.0,0,70.0,4.068,213.48,7.29
2021-05-28,5,C,50000,2,Apparel,7905.32,1,Memorial Day,538.33,1,76.3,3.883,212.772,7.43
2021-06-04,5,C,50000,2,Apparel,6782.66,0,None,0.0,0,77.4,3.924,213.056,7.33
2021-06-11,5,C,50000,2,Apparel,7121.71,0,None,0.0,0,71.5,4.041,212.447,7.16
2021-06-18,5,C,50000,2,Apparel,6604.56,0,None,0.0,0,77.8,4.038,213.025,7.12
2021-06-25,5,C,50000,2,Apparel,7327.92,0,None,0.0,0,80.3,4.03,213.49,7.25
2021-07-02,5,C,50000,2,Apparel,6988.37,0,None,0.0,0,83.2,4.286,212.996,7.05
2021-07-09,5,C,50000,2,Apparel,7140.0,0,None,1669.49,1,82.1,4.007,213.897,7.36
2021-07-16,5,C,50000,2,Apparel,6879.81,0,None,826.53,1,80.1,4.032,213.546,7.28
2021-07-23,5,C,50000,2,Apparel,6796.63,0,None,0.0,0,74.2,3.994,213.838,7.1
2021-07-30,5,C,50000,2,Apparel,6563.46,0,None,0.0,0,87.8,3.942,213.82,6.97
2021-08-06,5,C,50000,2,Apparel,6734.15,0,None,0.0,0,73.7,3.833,215.184,7.26
2021-08-13,5,C,50000,2,Apparel,6134.55,0,None,0.0,0,77.0,3.883,214.389,7.1
2021-08-20,5,C,50000,2,Apparel,6390.15,0,None,0.0,0,80.3,3.722,214.004,7.22
2021-08-27,5,C,50000,2,Apparel,6052.29,0,None,0.0,0,68.5,3.723,215.082,6.93
2021-09-03,5,C,50000,2,Apparel,6155.4,0,None,0.0,0,79.5,3.658,214.197,7.02
2021-09-10,5,C,50000,2,Apparel,7075.93,1,Labor Day,1093.64,1,74.8,3.655,215.049,7.07
2021-09-17,5,C,50000,2,Apparel,5342.47,0,None,0.0,0,71.5,3.784,214.103,7.06
2021-09-24,5,C,50000,2,Apparel,6264.65,0,None,2023.13,1,69.2,3.396,214.556,7.0
2021-10-01,5,C,50000,2,Apparel,6123.95,0,None,0.0,0,65.1,3.545,215.456,7.09
2021-10-08,5,C,50000,2,Apparel,5771.84,0,None,0.0,0,55.9,3.305,215.864,6.91
2021-10-15,5,C,50000,2,Apparel,5959.21,0,None,1343.81,1,60.8,3.337,215.718,6.99
2021-10-22,5,C,50000,2,Apparel,5458.56,0,None,0.0,0,55.4,3.403,215.711,7.0
2021-10-29,5,C,50000,2,Apparel,5632.25,0,None,0.0,0,57.4,3.26,215.756,7.03
2021-11-05,5,C,50000,2,Apparel,5615.47,0,None,695.65,1,49.9,3.107,215.305,7.04
2021-11-12,5,C,50000,2,Apparel,5812.95,0,None,0.0,0,48.5,3.074,215.821,6.84
2021-11-19,5,C,50000,2,Apparel,5818.6,0,None,3862.73,1,50.1,3.123,216.088,6.79
2021-11-26,5,C,50000,2,Apparel,9326.52,1,Thanksgiving / Black Friday,2364.76,1,50.0,2.949,216.985,7.06
2021-12-03,5,C,50000,2,Apparel,9186.01,1,Thanksgiving / Black Friday,2972.09,1,49.4,2.963,216.765,6.95
2021-12-10,5,C,50000,2,Apparel,5467.86,0,None,0.0,0,47.3,2.888,215.849,6.83
2021-12-17,5,C,50000,2,Apparel,5351.9,0,None,0.0,0,33.0,2.773,217.03,7.05
2021-12-24,5,C,50000,2,Apparel,9027.92,1,Christmas / New Year,2625.87,1,36.2,2.938,216.813,6.9
2021-12-31,5,C,50000,2,Apparel,9147.24,1,Christmas / New Year,4039.65,1,36.2,2.76,216.804,6.99
2022-01-07,5,C,50000,2,Apparel,4866.93,0,None,0.0,0,42.7,2.492,217.586,6.87
2022-01-14,5,C,50000,2,Apparel,5442.12,0,None,0.0,0,34.3,2.617,217.933,7.05
2022-01-21,5,C,50000,2,Apparel,5168.21,0,None,0.0,0,39.8,2.498,218.021,7.01
2022-01-28,5,C,50000,2,Apparel,5911.74,0,None,3064.86,1,37.7,2.571,217.273,6.8
2022-02-04,5,C,50000,2,Apparel,5627.15,0,None,0.0,0,38.7,2.395,217.675,6.91
2022-02-11,5,C,50000,2,Apparel,6910.28,1,Super Bowl,1231.99,1,34.9,2.407,218.133,6.86
2022-02-18,5,C,50000,2,Apparel,5896.58,0,None,0.0,0,40.8,2.418,218.592,6.92
2022-02-25,5,C,50000,2,Apparel,5671.09,0,None,3454.2,1,40.6,2.411,218.002,6.68
2022-03-04,5,C,50000,2,Apparel,6185.91,0,None,0.0,0,40.5,2.214,218.286,6.83
2022-03-11,5,C,50000,2,Apparel,6712.07,0,None,2681.01,1,45.9,2.256,217.963,6.86
2022-03-18,5,C,50000,2,Apparel,6478.54,0,None,0.0,0,55.5,2.22,218.056,6.56
2022-03-25,5,C,50000,2,Apparel,6068.58,0,None,0.0,0,56.6,2.186,219.197,6.61
2022-04-01,5,C,50000,2,Apparel,6637.62,0,None,0.0,0,61.5,2.364,219.607,6.51
2022-04-08,5,C,50000,2,Apparel,6720.37,0,None,0.0,0,58.8,2.243,219.03,6.68
2022-04-15,5,C,50000,2,Apparel,6814.5,0,None,0.0,0,59.2,2.102,219.705,6.76
2022-04-22,5,C,50000,2,Apparel,6917.62,0,None,0.0,0,58.6,2.274,219.521,6.83
2022-04-29,5,C,50000,2,Apparel,7790.35,0,None,4004.56,1,68.2,2.371,219.155,6.67
2022-05-06,5,C,50000,2,Apparel,6915.07,0,None,0.0,0,68.1,2.289,219.796,6.82
2022-05-13,5,C,50000,2,Apparel,7181.38,0,None,0.0,0,67.3,2.095,220.522,6.5
2022-05-20,5,C,50000,2,Apparel,7201.17,0,None,0.0,0,73.9,2.191,219.872,6.46
2022-05-27,5,C,50000,2,Apparel,9597.5,1,Memorial Day,3343.5,1,76.4,2.349,220.81,6.61
2022-06-03,5,C,50000,2,Apparel,7318.25,0,None,0.0,0,77.0,2.213,218.855,6.64
2022-06-10,5,C,50000,2,Apparel,7646.66,0,None,0.0,0,75.7,2.331,220.713,6.59
2022-06-17,5,C,50000,2,Apparel,7279.35,0,None,0.0,0,78.2,2.388,220.483,6.37
2022-06-24,5,C,50000,2,Apparel,6900.63,0,None,0.0,0,88.6,2.285,220.427,6.56
2022-07-01,5,C,50000,2,Apparel,7322.83,0,None,0.0,0,81.0,2.392,220.76,6.43
2022-07-08,5,C,50000,2,Apparel,7268.97,0,None,623.01,1,83.6,2.177,219.858,6.61
2022-07-15,5,C,50000,2,Apparel,7082.55,0,None,0.0,0,83.8,2.398,220.879,6.57
2022-07-22,5,C,50000,2,Apparel,6402.93,0,None,0.0,0,78.5,2.507,221.305,6.43
2022-07-29,5,C,50000,2,Apparel,7250.06,0,None,0.0,0,75.0,2.476,222.003,6.46
2022-08-05,5,C,50000,2,Apparel,7467.36,0,None,3170.12,1,82.6,2.758,221.142,6.39
2022-08-12,5,C,50000,2,Apparel,6751.9,0,None,0.0,0,80.6,2.567,221.134,6.48
2022-08-19,5,C,50000,2,Apparel,6605.68,0,None,0.0,0,82.4,2.703,221.425,6.57
2022-08-26,5,C,50000,2,Apparel,6968.96,0,None,0.0,0,74.9,2.806,222.271,6.36
2022-09-02,5,C,50000,2,Apparel,6305.02,0,None,0.0,0,73.2,2.97,222.115,6.5
2022-09-09,5,C,50000,2,Apparel,7522.17,1,Labor Day,2051.13,1,77.6,2.8,221.823,6.38
2022-09-16,5,C,50000,2,Apparel,6486.56,0,None,4384.42,1,64.9,3.069,222.482,6.34
2022-09-23,5,C,50000,2,Apparel,6437.16,0,None,0.0,0,68.6,3.039,222.411,6.4
2022-09-30,5,C,50000,2,Apparel,6559.03,0,None,4303.36,1,74.9,3.021,222.984,6.3
2022-10-07,5,C,50000,2,Apparel,6267.3,0,None,666.9,1,59.6,3.199,222.286,6.33
2022-10-14,5,C,50000,2,Apparel,5692.11,0,None,1753.31,1,54.2,3.24,222.611,6.26
2022-10-21,5,C,50000,2,Apparel,5277.06,0,None,0.0,0,56.2,3.237,222.716,6.56
2022-10-28,5,C,50000,2,Apparel,5911.83,0,None,2195.65,1,55.3,3.351,222.318,6.36
2022-11-04,5,C,50000,2,Apparel,5632.39,0,None,0.0,0,53.9,3.374,223.335,6.27
2022-11-11,5,C,50000,2,Apparel,5573.1,0,None,0.0,0,55.3,3.471,223.455,6.35
2022-11-18,5,C,50000,2,Apparel,5790.16,0,None,0.0,0,43.7,3.571,223.464,6.3
2022-11-25,5,C,50000,2,Apparel,9444.91,1,Thanksgiving / Black Friday,2480.37,1,44.4,3.699,223.482,6.28
2022-12-02,5,C,50000,2,Apparel,10763.8,1,Thanksgiving / Black Friday,2518.5,1,37.6,3.525,223.029,6.35
2022-12-09,5,C,50000,2,Apparel,5296.85,0,None,0.0,0,39.0,3.844,223.663,6.35
2022-12-16,5,C,50000,2,Apparel,5092.84,0,None,0.0,0,42.1,3.564,223.84,6.21
2022-12-23,5,C,50000,2,Apparel,9497.08,1,Christmas / New Year,3407.02,1,35.1,3.751,223.747,6.2
2022-12-30,5,C,50000,2,Apparel,9029.05,1,Christmas / New Year,1994.47,1,38.1,3.851,224.205,6.22
2023-01-06,5,C,50000,2,Apparel,5755.48,0,None,0.0,0,42.9,3.863,224.625,6.0
2023-01-13,5,C,50000,2,Apparel,5276.21,0,None,0.0,0,41.4,3.824,225.504,6.07
2023-01-20,5,C,50000,2,Apparel,6004.28,0,None,0.0,0,37.2,3.887,224.785,6.34
2023-01-27,5,C,50000,2,Apparel,6101.37,0,None,1763.14,1,36.5,3.891,224.964,6.36
2023-02-03,5,C,50000,2,Apparel,5929.39,0,None,0.0,0,43.9,3.905,224.935,6.16
2023-02-10,5,C,50000,2,Apparel,7199.43,1,Super Bowl,3228.73,1,43.0,4.038,224.151,6.23
2023-02-17,5,C,50000,2,Apparel,5855.68,0,None,0.0,0,41.7,4.012,225.234,6.19
2023-02-24,5,C,50000,2,Apparel,6069.78,0,None,0.0,0,39.8,3.938,225.415,6.45
2023-03-03,5,C,50000,2,Apparel,5926.38,0,None,0.0,0,47.1,4.071,226.754,6.25
2023-03-10,5,C,50000,2,Apparel,6191.55,0,None,0.0,0,52.3,4.024,225.563,6.11
2023-03-17,5,C,50000,2,Apparel,6424.99,0,None,762.76,1,46.1,4.062,225.947,6.01
2023-03-24,5,C,50000,2,Apparel,6983.67,0,None,0.0,0,54.2,4.04,225.917,5.94
2023-03-31,5,C,50000,2,Apparel,6832.2,0,None,0.0,0,50.2,3.911,225.487,6.11
2023-04-07,5,C,50000,2,Apparel,7031.01,0,None,0.0,0,51.3,3.917,226.78,6.0
2023-04-14,5,C,50000,2,Apparel,7198.02,0,None,0.0,0,63.1,4.001,226.722,5.92
2023-04-21,5,C,50000,2,Apparel,6995.95,0,None,0.0,0,62.1,3.966,226.879,5.98
2023-04-28,5,C,50000,2,Apparel,7224.48,0,None,0.0,0,64.2,3.888,226.166,5.93
2023-05-05,5,C,50000,2,Apparel,6944.99,0,None,0.0,0,74.7,3.867,227.46,6.19
2023-05-12,5,C,50000,2,Apparel,7384.5,0,None,2793.25,1,67.9,3.925,226.195,6.1
2023-05-19,5,C,50000,2,Apparel,7033.49,0,None,0.0,0,77.3,3.737,227.326,6.0
2023-05-26,5,C,50000,2,Apparel,9171.29,1,Memorial Day,3185.34,1,80.3,3.786,228.266,6.14
2023-06-02,5,C,50000,2,Apparel,8064.62,0,None,2445.14,1,77.5,3.681,226.812,5.98
2023-06-09,5,C,50000,2,Apparel,7188.04,0,None,0.0,0,81.1,3.631,227.162,5.88
2023-06-16,5,C,50000,2,Apparel,7130.69,0,None,0.0,0,77.1,3.686,227.632,6.11
2023-06-23,5,C,50000,2,Apparel,7672.97,0,None,3366.99,1,85.1,3.612,227.468,5.99
2023-06-30,5,C,50000,2,Apparel,7106.59,0,None,1759.64,1,79.3,3.556,227.082,5.82
2023-07-07,5,C,50000,2,Apparel,7734.96,0,None,887.63,1,86.4,3.538,228.029,5.9
2023-07-14,5,C,50000,2,Apparel,7622.19,0,None,2742.63,1,76.9,3.377,227.601,5.82
2023-07-21,5,C,50000,2,Apparel,7176.25,0,None,768.91,1,80.5,3.37,228.506,5.75
2023-07-28,5,C,50000,2,Apparel,7391.9,0,None,0.0,0,89.4,3.23,227.947,5.97
2023-08-04,5,C,50000,2,Apparel,6544.64,0,None,0.0,0,77.5,3.219,229.319,6.06
2023-08-11,5,C,50000,2,Apparel,8038.98,0,None,4257.73,1,76.4,3.121,228.29,5.72
2023-08-18,5,C,50000,2,Apparel,6568.74,0,None,0.0,0,79.1,3.077,228.658,5.9
2023-08-25,5,C,50000,2,Apparel,6627.66,0,None,0.0,0,76.6,3.055,229.363,5.77
2023-09-01,5,C,50000,2,Apparel,6773.89,0,None,0.0,0,70.0,2.88,228.478,5.77
2023-09-08,5,C,50000,2,Apparel,8078.75,1,Labor Day,3186.13,1,76.7,3.052,229.344,5.75
2023-09-15,5,C,50000,2,Apparel,6854.9,0,None,3377.91,1,66.4,2.744,230.022,5.71
2023-09-22,5,C,50000,2,Apparel,6105.5,0,None,0.0,0,64.3,2.669,228.702,5.79
2023-09-29,5,C,50000,2,Apparel,6106.76,0,None,0.0,0,65.5,2.802,229.735,5.69
2023-10-06,5,C,50000,2,Apparel,5531.9,0,None,0.0,0,63.3,2.718,229.91,5.79
2023-10-13,5,C,50000,2,Apparel,6060.46,0,None,0.0,0,56.7,2.652,230.308,5.74
2023-10-20,5,C,50000,2,Apparel,6567.04,0,None,4330.42,1,61.3,2.601,229.436,5.71
2023-10-27,5,C,50000,2,Apparel,5676.13,0,None,0.0,0,52.2,2.502,229.532,5.63
2023-11-03,5,C,50000,2,Apparel,6127.98,0,None,0.0,0,50.5,2.386,230.591,5.65
2023-11-10,5,C,50000,2,Apparel,5618.04,0,None,0.0,0,46.0,2.422,230.616,5.77
2023-11-17,5,C,50000,2,Apparel,5825.16,0,None,0.0,0,54.6,2.323,230.73,5.74
2023-11-24,5,C,50000,2,Apparel,10394.97,1,Thanksgiving / Black Friday,2372.14,1,44.0,2.42,230.915,5.58
2023-12-01,5,C,50000,2,Apparel,10469.42,1,Thanksgiving / Black Friday,3269.78,1,41.1,2.299,230.539,5.67
2023-12-08,5,C,50000,2,Apparel,5742.08,0,None,0.0,0,44.9,2.216,231.133,5.73
2023-12-15,5,C,50000,2,Apparel,5933.46,0,None,916.97,1,34.0,2.233,231.3,5.47
2023-12-22,5,C,50000,2,Apparel,9388.54,1,Christmas / New Year,2503.72,1,42.2,2.272,230.934,5.68
2023-12-29,5,C,50000,2,Apparel,9543.98,1,Christmas / New Year,2053.63,1,30.8,2.177,232.361,5.55
2024-01-05,5,C,50000,2,Apparel,5537.26,0,None,0.0,0,33.1,2.145,231.803,5.66
2024-01-12,5,C,50000,2,Apparel,5758.07,0,None,0.0,0,47.3,2.223,231.108,5.51
2024-01-19,5,C,50000,2,Apparel,6014.08,0,None,0.0,0,44.5,2.22,232.169,5.4
2024-01-26,5,C,50000,2,Apparel,5700.85,0,None,0.0,0,41.5,2.161,231.491,5.4
2024-02-02,5,C,50000,2,Apparel,6055.68,0,None,0.0,0,35.8,2.169,232.509,5.56
2024-02-09,5,C,50000,2,Apparel,6683.94,1,Super Bowl,1078.51,1,38.2,2.235,232.832,5.57
2024-02-16,5,C,50000,2,Apparel,5950.12,0,None,548.67,1,41.9,2.114,231.98,5.44
2024-02-23,5,C,50000,2,Apparel,6313.74,0,None,1791.35,1,48.8,2.135,233.009,5.58
2024-03-01,5,C,50000,2,Apparel,6819.01,0,None,0.0,0,40.4,2.213,232.871,5.34
2024-03-08,5,C,50000,2,Apparel,7058.31,0,None,0.0,0,51.3,2.279,233.213,5.49
2024-03-15,5,C,50000,2,Apparel,6731.97,0,None,0.0,0,53.6,2.351,233.888,5.36
2024-03-22,5,C,50000,2,Apparel,6884.0,0,None,0.0,0,54.4,2.477,232.954,5.4
2024-03-29,5,C,50000,2,Apparel,7298.09,0,None,3444.95,1,61.1,2.465,232.837,5.46
2024-04-05,5,C,50000,2,Apparel,7010.78,0,None,0.0,0,59.4,2.424,232.907,5.36
2024-04-12,5,C,50000,2,Apparel,7214.61,0,None,2913.13,1,54.0,2.479,233.081,5.39
2024-04-19,5,C,50000,2,Apparel,7359.16,0,None,0.0,0,57.6,2.447,233.588,5.52
2024-04-26,5,C,50000,2,Apparel,7721.57,0,None,0.0,0,65.4,2.575,233.934,5.35
2024-05-03,5,C,50000,2,Apparel,7428.62,0,None,0.0,0,61.6,2.605,234.039,5.48
2024-05-10,5,C,50000,2,Apparel,7273.08,0,None,0.0,0,70.7,2.708,234.452,5.27
2024-05-17,5,C,50000,2,Apparel,7256.03,0,None,0.0,0,73.1,2.672,234.182,5.43
2024-05-24,5,C,50000,2,Apparel,8563.23,1,Memorial Day,2076.45,1,77.4,2.837,235.04,5.5
2024-05-31,5,C,50000,2,Apparel,7878.3,0,None,0.0,0,81.7,2.977,234.318,5.1
2024-06-07,5,C,50000,2,Apparel,7694.44,0,None,1978.42,1,81.5,2.906,235.948,5.26
2024-06-14,5,C,50000,2,Apparel,7300.17,0,None,0.0,0,88.3,3.008,235.038,5.38
2024-06-21,5,C,50000,2,Apparel,7882.06,0,None,0.0,0,79.6,3.093,234.434,5.29
2024-06-28,5,C,50000,2,Apparel,7500.34,0,None,1816.05,1,77.5,3.068,234.465,5.34
2021-01-01,5,C,50000,3,Grocery,11914.42,0,None,0.0,0,37.1,3.139,210.248,7.52
2021-01-08,5,C,50000,3,Grocery,11634.94,0,None,0.0,0,33.4,3.144,210.068,7.49
2021-01-15,5,C,50000,3,Grocery,11958.65,0,None,0.0,0,35.4,3.281,210.599,7.49
2021-01-22,5,C,50000,3,Grocery,12785.02,0,None,3722.94,1,24.8,3.323,211.174,7.39
2021-01-29,5,C,50000,3,Grocery,12444.3,0,None,0.0,0,39.9,3.34,210.432,7.45
2021-02-05,5,C,50000,3,Grocery,13163.54,0,None,1991.11,1,44.7,3.337,210.57,7.49
2021-02-12,5,C,50000,3,Grocery,14642.3,1,Super Bowl,3873.44,1,34.0,3.341,211.614,7.57
2021-02-19,5,C,50000,3,Grocery,13683.47,0,None,0.0,0,34.7,3.483,211.345,7.51
2021-02-26,5,C,50000,3,Grocery,13804.67,0,None,0.0,0,51.2,3.641,210.864,7.62
2021-03-05,5,C,50000,3,Grocery,13601.68,0,None,0.0,0,53.0,3.641,211.508,7.31
2021-03-12,5,C,50000,3,Grocery,13501.69,0,None,0.0,0,54.0,3.574,211.142,7.47
2021-03-19,5,C,50000,3,Grocery,14469.48,0,None,0.0,0,46.0,3.734,211.278,7.39
2021-03-26,5,C,50000,3,Grocery,15235.67,0,None,2533.39,1,51.7,3.794,211.769,7.57
2021-04-02,5,C,50000,3,Grocery,14037.62,0,None,0.0,0,63.5,3.733,210.829,7.26
2021-04-09,5,C,50000,3,Grocery,15571.61,0,None,0.0,0,63.3,3.853,211.061,7.25
2021-04-16,5,C,50000,3,Grocery,15861.01,0,None,0.0,0,54.9,3.879,211.779,7.26
2021-04-23,5,C,50000,3,Grocery,15000.52,0,None,2143.13,1,71.6,3.813,211.691,7.09
2021-04-30,5,C,50000,3,Grocery,16090.84,0,None,0.0,0,74.2,3.959,212.492,7.24
2021-05-07,5,C,50000,3,Grocery,15199.07,0,None,0.0,0,64.5,3.997,212.019,7.21
2021-05-14,5,C,50000,3,Grocery,16669.96,0,None,1827.11,1,65.5,4.057,211.904,7.29
2021-05-21,5,C,50000,3,Grocery,15706.17,0,None,0.0,0,72.3,4.068,213.48,7.29
2021-05-28,5,C,50000,3,Grocery,20044.22,1,Memorial Day,1263.88,1,75.7,3.883,212.772,7.43
2021-06-04,5,C,50000,3,Grocery,15418.0,0,None,1384.26,1,77.4,3.924,213.056,7.33
2021-06-11,5,C,50000,3,Grocery,15340.21,0,None,0.0,0,76.0,4.041,212.447,7.16
2021-06-18,5,C,50000,3,Grocery,16497.87,0,None,0.0,0,79.6,4.038,213.025,7.12
2021-06-25,5,C,50000,3,Grocery,15937.82,0,None,0.0,0,76.9,4.03,213.49,7.25
2021-07-02,5,C,50000,3,Grocery,16508.9,0,None,0.0,0,83.6,4.286,212.996,7.05
2021-07-09,5,C,50000,3,Grocery,16352.25,0,None,0.0,0,77.2,4.007,213.897,7.36
2021-07-16,5,C,50000,3,Grocery,17149.37,0,None,4027.85,1,81.2,4.032,213.546,7.28
2021-07-23,5,C,50000,3,Grocery,15627.82,0,None,0.0,0,86.6,3.994,213.838,7.1
2021-07-30,5,C,50000,3,Grocery,14942.48,0,None,0.0,0,77.7,3.942,213.82,6.97
2021-08-06,5,C,50000,3,Grocery,15568.09,0,None,0.0,0,81.8,3.833,215.184,7.26
2021-08-13,5,C,50000,3,Grocery,14389.45,0,None,0.0,0,82.7,3.883,214.389,7.1
2021-08-20,5,C,50000,3,Grocery,14938.2,0,None,0.0,0,78.2,3.722,214.004,7.22
2021-08-27,5,C,50000,3,Grocery,15429.75,0,None,3308.45,1,73.8,3.723,215.082,6.93
2021-09-03,5,C,50000,3,Grocery,15413.3,0,None,1759.2,1,82.2,3.658,214.197,7.02
2021-09-10,5,C,50000,3,Grocery,17202.88,1,Labor Day,954.97,1,68.3,3.655,215.049,7.07
2021-09-17,5,C,50000,3,Grocery,15433.59,0,None,3376.66,1,72.8,3.784,214.103,7.06
2021-09-24,5,C,50000,3,Grocery,13609.41,0,None,1130.36,1,71.0,3.396,214.556,7.0
2021-10-01,5,C,50000,3,Grocery,13430.17,0,None,0.0,0,60.1,3.545,215.456,7.09
2021-10-08,5,C,50000,3,Grocery,12801.82,0,None,546.23,1,63.3,3.305,215.864,6.91
2021-10-15,5,C,50000,3,Grocery,12494.68,0,None,0.0,0,63.9,3.337,215.718,6.99
2021-10-22,5,C,50000,3,Grocery,13134.87,0,None,0.0,0,57.8,3.403,215.711,7.0
2021-10-29,5,C,50000,3,Grocery,12842.6,0,None,0.0,0,49.0,3.26,215.756,7.03
2021-11-05,5,C,50000,3,Grocery,13800.09,0,None,2918.25,1,52.4,3.107,215.305,7.04
2021-11-12,5,C,50000,3,Grocery,12589.38,0,None,0.0,0,47.8,3.074,215.821,6.84
2021-11-19,5,C,50000,3,Grocery,12350.88,0,None,0.0,0,47.5,3.123,216.088,6.79
2021-11-26,5,C,50000,3,Grocery,21542.48,1,Thanksgiving / Black Friday,2996.11,1,40.1,2.949,216.985,7.06
2021-12-03,5,C,50000,3,Grocery,22165.26,1,Thanksgiving / Black Friday,4338.21,1,32.3,2.963,216.765,6.95
2021-12-10,5,C,50000,3,Grocery,13452.94,0,None,4402.31,1,43.2,2.888,215.849,6.83
2021-12-17,5,C,50000,3,Grocery,12402.52,0,None,0.0,0,41.4,2.773,217.03,7.05
2021-12-24,5,C,50000,3,Grocery,20840.81,1,Christmas / New Year,1678.76,1,43.4,2.938,216.813,6.9
2021-12-31,5,C,50000,3,Grocery,20227.29,1,Christmas / New Year,2424.53,1,42.0,2.76,216.804,6.99
2022-01-07,5,C,50000,3,Grocery,12297.76,0,None,0.0,0,39.6,2.492,217.586,6.87
2022-01-14,5,C,50000,3,Grocery,12446.83,0,None,0.0,0,43.6,2.617,217.933,7.05
2022-01-21,5,C,50000,3,Grocery,12163.42,0,None,0.0,0,43.3,2.498,218.021,7.01
2022-01-28,5,C,50000,3,Grocery,12322.53,0,None,0.0,0,38.7,2.571,217.273,6.8
2022-02-04,5,C,50000,3,Grocery,13319.86,0,None,0.0,0,36.1,2.395,217.675,6.91
2022-02-11,5,C,50000,3,Grocery,16140.67,1,Super Bowl,2994.89,1,43.2,2.407,218.133,6.86
2022-02-18,5,C,50000,3,Grocery,13452.34,0,None,0.0,0,44.4,2.418,218.592,6.92
2022-02-25,5,C,50000,3,Grocery,13816.33,0,None,0.0,0,46.0,2.411,218.002,6.68
2022-03-04,5,C,50000,3,Grocery,13993.51,0,None,0.0,0,41.2,2.214,218.286,6.83
2022-03-11,5,C,50000,3,Grocery,14833.18,0,None,0.0,0,48.6,2.256,217.963,6.86
2022-03-18,5,C,50000,3,Grocery,15930.13,0,None,2523.33,1,49.2,2.22,218.056,6.56
2022-03-25,5,C,50000,3,Grocery,15612.18,0,None,3386.63,1,54.7,2.186,219.197,6.61
2022-04-01,5,C,50000,3,Grocery,15080.97,0,None,933.77,1,55.6,2.364,219.607,6.51
2022-04-08,5,C,50000,3,Grocery,15699.94,0,None,0.0,0,59.1,2.243,219.03,6.68
2022-04-15,5,C,50000,3,Grocery,15659.7,0,None,0.0,0,51.8,2.102,219.705,6.76
2022-04-22,5,C,50000,3,Grocery,16311.92,0,None,0.0,0,70.6,2.274,219.521,6.83
2022-04-29,5,C,50000,3,Grocery,16436.43,0,None,0.0,0,64.1,2.371,219.155,6.67
2022-05-06,5,C,50000,3,Grocery,15928.57,0,None,0.0,0,64.3,2.289,219.796,6.82
2022-05-13,5,C,50000,3,Grocery,16243.14,0,None,0.0,0,73.8,2.095,220.522,6.5
2022-05-20,5,C,50000,3,Grocery,17106.19,0,None,0.0,0,70.5,2.191,219.872,6.46
2022-05-27,5,C,50000,3,Grocery,20593.72,1,Memorial Day,3298.78,1,74.0,2.349,220.81,6.61
2022-06-03,5,C,50000,3,Grocery,16507.58,0,None,0.0,0,74.8,2.213,218.855,6.64
2022-06-10,5,C,50000,3,Grocery,16957.69,0,None,0.0,0,77.4,2.331,220.713,6.59
2022-06-17,5,C,50000,3,Grocery,16537.86,0,None,0.0,0,80.2,2.388,220.483,6.37
2022-06-24,5,C,50000,3,Grocery,16458.28,0,None,0.0,0,84.5,2.285,220.427,6.56
2022-07-01,5,C,50000,3,Grocery,17128.56,0,None,0.0,0,84.3,2.392,220.76,6.43
2022-07-08,5,C,50000,3,Grocery,16672.26,0,None,0.0,0,76.8,2.177,219.858,6.61
2022-07-15,5,C,50000,3,Grocery,16905.5,0,None,2713.94,1,79.4,2.398,220.879,6.57
2022-07-22,5,C,50000,3,Grocery,15778.62,0,None,0.0,0,80.2,2.507,221.305,6.43
2022-07-29,5,C,50000,3,Grocery,16856.98,0,None,0.0,0,78.6,2.476,222.003,6.46
2022-08-05,5,C,50000,3,Grocery,15327.6,0,None,1467.48,1,84.4,2.758,221.142,6.39
2022-08-12,5,C,50000,3,Grocery,15816.98,0,None,0.0,0,76.4,2.567,221.134,6.48
2022-08-19,5,C,50000,3,Grocery,15720.48,0,None,0.0,0,83.1,2.703,221.425,6.57
2022-08-26,5,C,50000,3,Grocery,15411.4,0,None,0.0,0,78.4,2.806,222.271,6.36
2022-09-02,5,C,50000,3,Grocery,15349.3,0,None,0.0,0,77.8,2.97,222.115,6.5
2022-09-09,5,C,50000,3,Grocery,18094.58,1,Labor Day,1327.19,1,69.1,2.8,221.823,6.38
2022-09-16,5,C,50000,3,Grocery,13686.81,0,None,0.0,0,72.6,3.069,222.482,6.34
2022-09-23,5,C,50000,3,Grocery,15364.69,0,None,3473.45,1,67.3,3.039,222.411,6.4
2022-09-30,5,C,50000,3,Grocery,15181.72,0,None,4239.59,1,68.5,3.021,222.984,6.3
2022-10-07,5,C,50000,3,Grocery,13914.82,0,None,0.0,0,63.6,3.199,222.286,6.33
2022-10-14,5,C,50000,3,Grocery,13466.17,0,None,0.0,0,63.4,3.24,222.611,6.26
2022-10-21,5,C,50000,3,Grocery,13185.59,0,None,0.0,0,53.5,3.237,222.716,6.56
2022-10-28,5,C,50000,3,Grocery,12247.19,0,None,0.0,0,56.4,3.351,222.318,6.36
2022-11-04,5,C,50000,3,Grocery,13031.94,0,None,0.0,0,45.4,3.374,223.335,6.27
2022-11-11,5,C,50000,3,Grocery,12652.34,0,None,0.0,0,54.5,3.471,223.455,6.35
2022-11-18,5,C,50000,3,Grocery,12535.07,0,None,0.0,0,47.1,3.571,223.464,6.3
2022-11-25,5,C,50000,3,Grocery,21608.8,1,Thanksgiving / Black Friday,1003.91,1,43.9,3.699,223.482,6.28
2022-12-02,5,C,50000,3,Grocery,23084.87,1,Thanksgiving / Black Friday,4315.62,1,42.6,3.525,223.029,6.35
2022-12-09,5,C,50000,3,Grocery,12913.53,0,None,0.0,0,35.0,3.844,223.663,6.35
2022-12-16,5,C,50000,3,Grocery,12853.44,0,None,0.0,0,46.7,3.564,223.84,6.21
2022-12-23,5,C,50000,3,Grocery,21117.71,1,Christmas / New Year,2641.59,1,40.6,3.751,223.747,6.2
2022-12-30,5,C,50000,3,Grocery,21246.27,1,Christmas / New Year,2665.89,1,37.2,3.851,224.205,6.22
2023-01-06,5,C,50000,3,Grocery,12861.06,0,None,0.0,0,37.6,3.863,224.625,6.0
2023-01-13,5,C,50000,3,Grocery,13081.28,0,None,0.0,0,42.0,3.824,225.504,6.07
2023-01-20,5,C,50000,3,Grocery,13051.84,0,None,0.0,0,40.0,3.887,224.785,6.34
2023-01-27,5,C,50000,3,Grocery,13083.01,0,None,0.0,0,34.2,3.891,224.964,6.36
2023-02-03,5,C,50000,3,Grocery,13234.89,0,None,0.0,0,41.2,3.905,224.935,6.16
2023-02-10,5,C,50000,3,Grocery,15668.77,1,Super Bowl,1598.98,1,33.3,4.038,224.151,6.23
2023-02-17,5,C,50000,3,Grocery,14888.96,0,None,3483.19,1,42.4,4.012,225.234,6.19
2023-02-24,5,C,50000,3,Grocery,14232.42,0,None,0.0,0,40.8,3.938,225.415,6.45
2023-03-03,5,C,50000,3,Grocery,14942.86,0,None,1887.23,1,41.9,4.071,226.754,6.25
2023-03-10,5,C,50000,3,Grocery,15678.83,0,None,0.0,0,48.6,4.024,225.563,6.11
2023-03-17,5,C,50000,3,Grocery,15373.02,0,None,0.0,0,44.8,4.062,225.947,6.01
2023-03-24,5,C,50000,3,Grocery,15442.01,0,None,0.0,0,55.4,4.04,225.917,5.94
2023-03-31,5,C,50000,3,Grocery,16208.15,0,None,1724.42,1,54.9,3.911,225.487,6.11
2023-04-07,5,C,50000,3,Grocery,16456.29,0,None,0.0,0,44.4,3.917,226.78,6.0
2023-04-14,5,C,50000,3,Grocery,15673.92,0,None,0.0,0,55.0,4.001,226.722,5.92
2023-04-21,5,C,50000,3,Grocery,16320.26,0,None,0.0,0,63.4,3.966,226.879,5.98
2023-04-28,5,C,50000,3,Grocery,16419.54,0,None,0.0,0,56.4,3.888,226.166,5.93
2023-05-05,5,C,50000,3,Grocery,17057.38,0,None,0.0,0,67.7,3.867,227.46,6.19
2023-05-12,5,C,50000,3,Grocery,16802.34,0,None,0.0,0,72.6,3.925,226.195,6.1
2023-05-19,5,C,50000,3,Grocery,17002.45,0,None,0.0,0,66.0,3.737,227.326,6.0
2023-05-26,5,C,50000,3,Grocery,20580.5,1,Memorial Day,1917.96,1,82.4,3.786,228.266,6.14
2023-06-02,5,C,50000,3,Grocery,16790.77,0,None,0.0,0,81.9,3.681,226.812,5.98
2023-06-09,5,C,50000,3,Grocery,17946.31,0,None,0.0,0,77.8,3.631,227.162,5.88
2023-06-16,5,C,50000,3,Grocery,17272.02,0,None,0.0,0,76.3,3.686,227.632,6.11
2023-06-23,5,C,50000,3,Grocery,17189.3,0,None,0.0,0,79.2,3.612,227.468,5.99
2023-06-30,5,C,50000,3,Grocery,17504.67,0,None,0.0,0,84.7,3.556,227.082,5.82
2023-07-07,5,C,50000,3,Grocery,18058.77,0,None,0.0,0,78.8,3.538,228.029,5.9
2023-07-14,5,C,50000,3,Grocery,17681.98,0,None,2142.42,1,79.8,3.377,227.601,5.82
2023-07-21,5,C,50000,3,Grocery,16788.64,0,None,0.0,0,84.5,3.37,228.506,5.75
2023-07-28,5,C,50000,3,Grocery,16814.38,0,None,0.0,0,80.6,3.23,227.947,5.97
2023-08-04,5,C,50000,3,Grocery,17283.89,0,None,4084.0,1,80.6,3.219,229.319,6.06
2023-08-11,5,C,50000,3,Grocery,16796.93,0,None,0.0,0,82.9,3.121,228.29,5.72
2023-08-18,5,C,50000,3,Grocery,16087.52,0,None,0.0,0,76.9,3.077,228.658,5.9
2023-08-25,5,C,50000,3,Grocery,16575.79,0,None,3098.65,1,80.4,3.055,229.363,5.77
2023-09-01,5,C,50000,3,Grocery,15685.9,0,None,588.06,1,69.5,2.88,228.478,5.77
2023-09-08,5,C,50000,3,Grocery,17853.9,1,Labor Day,2426.24,1,66.6,3.052,229.344,5.75
2023-09-15,5,C,50000,3,Grocery,14403.42,0,None,0.0,0,70.3,2.744,230.022,5.71
2023-09-22,5,C,50000,3,Grocery,15228.6,0,None,0.0,0,73.3,2.669,228.702,5.79
2023-09-29,5,C,50000,3,Grocery,14282.48,0,None,0.0,0,68.9,2.802,229.735,5.69
2023-10-06,5,C,50000,3,Grocery,14663.48,0,None,0.0,0,63.1,2.718,229.91,5.79
2023-10-13,5,C,50000,3,Grocery,13785.01,0,None,0.0,0,65.2,2.652,230.308,5.74
2023-10-20,5,C,50000,3,Grocery,14873.68,0,None,2058.38,1,53.0,2.601,229.436,5.71
2023-10-27,5,C,50000,3,Grocery,13629.52,0,None,1409.83,1,55.1,2.502,229.532,5.63
2023-11-03,5,C,50000,3,Grocery,12788.46,0,None,0.0,0,46.4,2.386,230.591,5.65
2023-11-10,5,C,50000,3,Grocery,13303.54,0,None,817.97,1,47.8,2.422,230.616,5.77
2023-11-17,5,C,50000,3,Grocery,12751.08,0,None,0.0,0,53.7,2.323,230.73,5.74
2023-11-24,5,C,50000,3,Grocery,23276.6,1,Thanksgiving / Black Friday,1071.55,1,47.0,2.42,230.915,5.58
2023-12-01,5,C,50000,3,Grocery,22774.48,1,Thanksgiving / Black Friday,2012.12,1,47.3,2.299,230.539,5.67
2023-12-08,5,C,50000,3,Grocery,13327.28,0,None,917.11,1,36.1,2.216,231.133,5.73
2023-12-15,5,C,50000,3,Grocery,13538.96,0,None,0.0,0,44.1,2.233,231.3,5.47
2023-12-22,5,C,50000,3,Grocery,20216.43,1,Christmas / New Year,1318.77,1,34.9,2.272,230.934,5.68
2023-12-29,5,C,50000,3,Grocery,20676.69,1,Christmas / New Year,508.32,1,39.9,2.177,232.361,5.55
2024-01-05,5,C,50000,3,Grocery,12742.09,0,None,0.0,0,41.1,2.145,231.803,5.66
2024-01-12,5,C,50000,3,Grocery,13658.34,0,None,0.0,0,33.2,2.223,231.108,5.51
2024-01-19,5,C,50000,3,Grocery,13162.54,0,None,0.0,0,45.1,2.22,232.169,5.4
2024-01-26,5,C,50000,3,Grocery,13305.29,0,None,0.0,0,36.5,2.161,231.491,5.4
2024-02-02,5,C,50000,3,Grocery,13933.08,0,None,2132.66,1,39.5,2.169,232.509,5.56
2024-02-09,5,C,50000,3,Grocery,16389.62,1,Super Bowl,1094.18,1,37.1,2.235,232.832,5.57
2024-02-16,5,C,50000,3,Grocery,14311.12,0,None,0.0,0,44.7,2.114,231.98,5.44
2024-02-23,5,C,50000,3,Grocery,16801.42,0,None,4164.44,1,44.3,2.135,233.009,5.58
2024-03-01,5,C,50000,3,Grocery,14807.63,0,None,0.0,0,47.0,2.213,232.871,5.34
2024-03-08,5,C,50000,3,Grocery,15485.67,0,None,766.29,1,47.2,2.279,233.213,5.49
2024-03-15,5,C,50000,3,Grocery,15091.42,0,None,1166.93,1,44.7,2.351,233.888,5.36
2024-03-22,5,C,50000,3,Grocery,16944.36,0,None,0.0,0,49.5,2.477,232.954,5.4
2024-03-29,5,C,50000,3,Grocery,16256.07,0,None,0.0,0,51.0,2.465,232.837,5.46
2024-04-05,5,C,50000,3,Grocery,16809.4,0,None,0.0,0,62.1,2.424,232.907,5.36
2024-04-12,5,C,50000,3,Grocery,16328.69,0,None,0.0,0,58.0,2.479,233.081,5.39
2024-04-19,5,C,50000,3,Grocery,17354.76,0,None,0.0,0,63.8,2.447,233.588,5.52
2024-04-26,5,C,50000,3,Grocery,18466.3,0,None,3695.85,1,68.4,2.575,233.934,5.35
2024-05-03,5,C,50000,3,Grocery,17859.7,0,None,0.0,0,65.9,2.605,234.039,5.48
2024-05-10,5,C,50000,3,Grocery,17715.86,0,None,0.0,0,65.3,2.708,234.452,5.27
2024-05-17,5,C,50000,3,Grocery,17855.73,0,None,0.0,0,69.4,2.672,234.182,5.43
2024-05-24,5,C,50000,3,Grocery,20096.93,1,Memorial Day,1867.46,1,70.0,2.837,235.04,5.5
2024-05-31,5,C,50000,3,Grocery,17837.48,0,None,0.0,0,75.1,2.977,234.318,5.1
2024-06-07,5,C,50000,3,Grocery,16584.75,0,None,0.0,0,87.5,2.906,235.948,5.26
2024-06-14,5,C,50000,3,Grocery,16851.23,0,None,0.0,0,82.4,3.008,235.038,5.38
2024-06-21,5,C,50000,3,Grocery,18813.4,0,None,2726.42,1,79.4,3.093,234.434,5.29
2024-06-28,5,C,50000,3,Grocery,18769.85,0,None,1487.25,1,82.2,3.068,234.465,5.34
2021-01-01,5,C,50000,4,Home & Garden,4017.35,0,None,0.0,0,38.8,3.139,210.248,7.52
2021-01-08,5,C,50000,4,Home & Garden,3650.68,0,None,0.0,0,33.0,3.144,210.068,7.49
2021-01-15,5,C,50000,4,Home & Garden,4009.33,0,None,0.0,0,41.8,3.281,210.599,7.49
2021-01-22,5,C,50000,4,Home & Garden,4131.72,0,None,1256.94,1,45.6,3.323,211.174,7.39
2021-01-29,5,C,50000,4,Home & Garden,4638.19,0,None,4191.49,1,37.3,3.34,210.432,7.45
2021-02-05,5,C,50000,4,Home & Garden,3892.36,0,None,1576.13,1,40.2,3.337,210.57,7.49
2021-02-12,5,C,50000,4,Home & Garden,4624.21,1,Super Bowl,1016.29,1,38.0,3.341,211.614,7.57
2021-02-19,5,C,50000,4,Home & Garden,3743.28,0,None,0.0,0,36.9,3.483,211.345,7.51
2021-02-26,5,C,50000,4,Home & Garden,3812.06,0,None,0.0,0,44.1,3.641,210.864,7.62
2021-03-05,5,C,50000,4,Home & Garden,4005.02,0,None,0.0,0,44.7,3.641,211.508,7.31
2021-03-12,5,C,50000,4,Home & Garden,3699.97,0,None,0.0,0,48.6,3.574,211.142,7.47
2021-03-19,5,C,50000,4,Home & Garden,3817.55,0,None,0.0,0,49.0,3.734,211.278,7.39
2021-03-26,5,C,50000,4,Home & Garden,4155.91,0,None,0.0,0,52.3,3.794,211.769,7.57
2021-04-02,5,C,50000,4,Home & Garden,6986.05,0,None,0.0,0,55.4,3.733,210.829,7.26
2021-04-09,5,C,50000,4,Home & Garden,6852.75,0,None,3208.16,1,62.5,3.853,211.061,7.25
2021-04-16,5,C,50000,4,Home & Garden,7047.85,0,None,0.0,0,61.2,3.879,211.779,7.26
2021-04-23,5,C,50000,4,Home & Garden,7269.69,0,None,588.88,1,54.8,3.813,211.691,7.09
2021-04-30,5,C,50000,4,Home & Garden,7258.58,0,None,2215.72,1,63.7,3.959,212.492,7.24
2021-05-07,5,C,50000,4,Home & Garden,6526.94,0,None,0.0,0,68.8,3.997,212.019,7.21
2021-05-14,5,C,50000,4,Home & Garden,7322.57,0,None,0.0,0,73.2,4.057,211.904,7.29
2021-05-21,5,C,50000,4,Home & Garden,7147.83,0,None,1324.66,1,66.6,4.068,213.48,7.29
2021-05-28,5,C,50000,4,Home & Garden,8641.19,1,Memorial Day,2478.67,1,69.5,3.883,212.772,7.43
2021-06-04,5,C,50000,4,Home & Garden,6772.27,0,None,0.0,0,73.4,3.924,213.056,7.33
2021-06-11,5,C,50000,4,Home & Garden,6902.48,0,None,0.0,0,74.0,4.041,212.447,7.16
2021-06-18,5,C,50000,4,Home & Garden,7014.54,0,None,0.0,0,86.6,4.038,213.025,7.12
2021-06-25,5,C,50000,4,Home & Garden,7790.91,0,None,2648.3,1,82.5,4.03,213.49,7.25
2021-07-02,5,C,50000,4,Home & Garden,3908.1,0,None,0.0,0,83.2,4.286,212.996,7.05
2021-07-09,5,C,50000,4,Home & Garden,4108.65,0,None,1928.26,1,74.0,4.007,213.897,7.36
2021-07-16,5,C,50000,4,Home & Garden,4117.46,0,None,0.0,0,81.0,4.032,213.546,7.28
2021-07-23,5,C,50000,4,Home & Garden,4033.18,0,None,0.0,0,86.8,3.994,213.838,7.1
2021-07-30,5,C,50000,4,Home & Garden,3931.7,0,None,1437.49,1,81.3,3.942,213.82,6.97
2021-08-06,5,C,50000,4,Home & Garden,3890.88,0,None,0.0,0,71.8,3.833,215.184,7.26
2021-08-13,5,C,50000,4,Home & Garden,4077.67,0,None,0.0,0,79.8,3.883,214.389,7.1
2021-08-20,5,C,50000,4,Home & Garden,4244.26,0,None,0.0,0,77.8,3.722,214.004,7.22
2021-08-27,5,C,50000,4,Home & Garden,3774.82,0,None,0.0,0,80.0,3.723,215.082,6.93
2021-09-03,5,C,50000,4,Home & Garden,4165.78,0,None,0.0,0,77.2,3.658,214.197,7.02
2021-09-10,5,C,50000,4,Home & Garden,5337.75,1,Labor Day,4486.23,1,76.0,3.655,215.049,7.07
2021-09-17,5,C,50000,4,Home & Garden,4009.62,0,None,0.0,0,72.0,3.784,214.103,7.06
2021-09-24,5,C,50000,4,Home & Garden,4179.37,0,None,0.0,0,63.0,3.396,214.556,7.0
2021-10-01,5,C,50000,4,Home & Garden,4172.49,0,None,0.0,0,63.4,3.545,215.456,7.09
2021-10-08,5,C,50000,4,Home & Garden,3863.59,0,None,0.0,0,59.1,3.305,215.864,6.91
2021-10-15,5,C,50000,4,Home & Garden,4235.01,0,None,0.0,0,58.1,3.337,215.718,6.99
2021-10-22,5,C,50000,4,Home & Garden,3908.79,0,None,0.0,0,58.8,3.403,215.711,7.0
2021-10-29,5,C,50000,4,Home & Garden,4027.64,0,None,0.0,0,50.2,3.26,215.756,7.03
2021-11-05,5,C,50000,4,Home & Garden,3971.68,0,None,0.0,0,52.8,3.107,215.305,7.04
2021-11-12,5,C,50000,4,Home & Garden,3894.64,0,None,0.0,0,49.5,3.074,215.821,6.84
2021-11-19,5,C,50000,4,Home & Garden,4190.21,0,None,0.0,0,47.8,3.123,216.088,6.79
2021-11-26,5,C,50000,4,Home & Garden,7612.01,1,Thanksgiving / Black Friday,3253.41,1,46.2,2.949,216.985,7.06
2021-12-03,5,C,50000,4,Home & Garden,7397.69,1,Thanksgiving / Black Friday,3054.84,1,45.5,2.963,216.765,6.95
2021-12-10,5,C,50000,4,Home & Garden,4250.83,0,None,0.0,0,52.6,2.888,215.849,6.83
2021-12-17,5,C,50000,4,Home & Garden,4145.45,0,None,0.0,0,42.7,2.773,217.03,7.05
2021-12-24,5,C,50000,4,Home & Garden,7196.28,1,Christmas / New Year,1298.59,1,35.0,2.938,216.813,6.9
2021-12-31,5,C,50000,4,Home & Garden,7114.33,1,Christmas / New Year,4488.94,1,41.9,2.76,216.804,6.99
2022-01-07,5,C,50000,4,Home & Garden,4144.88,0,None,0.0,0,35.3,2.492,217.586,6.87
2022-01-14,5,C,50000,4,Home & Garden,3953.54,0,None,0.0,0,40.8,2.617,217.933,7.05
2022-01-21,5,C,50000,4,Home & Garden,4615.36,0,None,3908.53,1,37.1,2.498,218.021,7.01
2022-01-28,5,C,50000,4,Home & Garden,4148.66,0,None,0.0,0,42.9,2.571,217.273,6.8
2022-02-04,5,C,50000,4,Home & Garden,4394.23,0,None,3594.93,1,39.0,2.395,217.675,6.91
2022-02-11,5,C,50000,4,Home & Garden,5196.01,1,Super Bowl,3470.28,1,40.4,2.407,218.133,6.86
2022-02-18,5,C,50000,4,Home & Garden,4348.45,0,None,0.0,0,38.2,2.418,218.592,6.92
2022-02-25,5,C,50000,4,Home & Garden,4259.29,0,None,0.0,0,44.3,2.411,218.002,6.68
2022-03-04,5,C,50000,4,Home & Garden,4277.4,0,None,0.0,0,41.8,2.214,218.286,6.83
2022-03-11,5,C,50000,4,Home & Garden,4159.47,0,None,0.0,0,48.0,2.256,217.963,6.86
2022-03-18,5,C,50000,4,Home & Garden,4259.14,0,None,0.0,0,38.0,2.22,218.056,6.56
2022-03-25,5,C,50000,4,Home & Garden,4142.99,0,None,0.0,0,51.7,2.186,219.197,6.61
2022-04-01,5,C,50000,4,Home & Garden,7591.75,0,None,0.0,0,50.9,2.364,219.607,6.51
2022-04-08,5,C,50000,4,Home & Garden,6775.44,0,None,0.0,0,59.2,2.243,219.03,6.68
2022-04-15,5,C,50000,4,Home & Garden,8060.47,0,None,0.0,0,54.1,2.102,219.705,6.76
2022-04-22,5,C,50000,4,Home & Garden,6951.32,0,None,0.0,0,62.6,2.274,219.521,6.83
2022-04-29,5,C,50000,4,Home & Garden,6762.46,0,None,1667.18,1,68.8,2.371,219.155,6.67
2022-05-06,5,C,50000,4,Home & Garden,7197.14,0,None,0.0,0,68.2,2.289,219.796,6.82
2022-05-13,5,C,50000,4,Home & Garden,6427.81,0,None,0.0,0,67.5,2.095,220.522,6.5
2022-05-20,5,C,50000,4,Home & Garden,7367.44,0,None,0.0,0,76.8,2.191,219.872,6.46
2022-05-27,5,C,50000,4,Home & Garden,7604.45,1,Memorial Day,2654.68,1,75.5,2.349,220.81,6.61
2022-06-03,5,C,50000,4,Home & Garden,8083.09,0,None,2273.03,1,74.7,2.213,218.855,6.64
2022-06-10,5,C,50000,4,Home & Garden,7138.39,0,None,0.0,0,73.6,2.331,220.713,6.59
2022-06-17,5,C,50000,4,Home & Garden,7704.05,0,None,0.0,0,77.1,2.388,220.483,6.37
2022-06-24,5,C,50000,4,Home & Garden,7240.99,0,None,0.0,0,79.6,2.285,220.427,6.56
2022-07-01,5,C,50000,4,Home & Garden,4049.37,0,None,0.0,0,85.4,2.392,220.76,6.43
2022-07-08,5,C,50000,4,Home & Garden,4272.54,0,None,0.0,0,79.6,2.177,219.858,6.61
2022-07-15,5,C,50000,4,Home & Garden,4028.27,0,None,0.0,0,81.5,2.398,220.879,6.57
2022-07-22,5,C,50000,4,Home & Garden,3961.56,0,None,0.0,0,78.6,2.507,221.305,6.43
2022-07-29,5,C,50000,4,Home & Garden,3864.99,0,None,0.0,0,89.5,2.476,222.003,6.46
2022-08-05,5,C,50000,4,Home & Garden,4140.09,0,None,597.66,1,82.1,2.758,221.142,6.39
2022-08-12,5,C,50000,4,Home & Garden,4288.48,0,None,0.0,0,78.6,2.567,221.134,6.48
2022-08-19,5,C,50000,4,Home & Garden,4071.7,0,None,0.0,0,81.9,2.703,221.425,6.57
2022-08-26,5,C,50000,4,Home & Garden,3869.59,0,None,0.0,0,79.4,2.806,222.271,6.36
2022-09-02,5,C,50000,4,Home & Garden,4089.37,0,None,0.0,0,68.2,2.97,222.115,6.5
2022-09-09,5,C,50000,4,Home & Garden,5032.08,1,Labor Day,1777.2,1,68.9,2.8,221.823,6.38
2022-09-16,5,C,50000,4,Home & Garden,4475.85,0,None,3082.78,1,73.7,3.069,222.482,6.34
2022-09-23,5,C,50000,4,Home & Garden,4065.65,0,None,0.0,0,62.5,3.039,222.411,6.4
2022-09-30,5,C,50000,4,Home & Garden,4251.74,0,None,0.0,0,69.1,3.021,222.984,6.3
2022-10-07,5,C,50000,4,Home & Garden,4509.11,0,None,0.0,0,61.5,3.199,222.286,6.33
2022-10-14,5,C,50000,4,Home & Garden,4136.5,0,None,2239.74,1,56.2,3.24,222.611,6.26
2022-10-21,5,C,50000,4,Home & Garden,4253.5,0,None,0.0,0,63.5,3.237,222.716,6.56
2022-10-28,5,C,50000,4,Home & Garden,4398.13,0,None,0.0,0,61.7,3.351,222.318,6.36
2022-11-04,5,C,50000,4,Home & Garden,4321.62,0,None,0.0,0,56.8,3.374,223.335,6.27
2022-11-11,5,C,50000,4,Home & Garden,3860.1,0,None,0.0,0,51.0,3.471,223.455,6.35
2022-11-18,5,C,50000,4,Home & Garden,4313.67,0,None,0.0,0,43.0,3.571,223.464,6.3
2022-11-25,5,C,50000,4,Home & Garden,7662.24,1,Thanksgiving / Black Friday,1665.87,1,51.3,3.699,223.482,6.28
2022-12-02,5,C,50000,4,Home & Garden,7757.62,1,Thanksgiving / Black Friday,3661.97,1,46.7,3.525,223.029,6.35
2022-12-09,5,C,50000,4,Home & Garden,4206.28,0,None,0.0,0,37.3,3.844,223.663,6.35
2022-12-16,5,C,50000,4,Home & Garden,4051.13,0,None,0.0,0,37.9,3.564,223.84,6.21
2022-12-23,5,C,50000,4,Home & Garden,6989.43,1,Christmas / New Year,1376.27,1,43.3,3.751,223.747,6.2
2022-12-30,5,C,50000,4,Home & Garden,7019.89,1,Christmas / New Year,918.76,1,41.7,3.851,224.205,6.22
2023-01-06,5,C,50000,4,Home & Garden,4272.25,0,None,0.0,0,33.2,3.863,224.625,6.0
2023-01-13,5,C,50000,4,Home & Garden,4355.27,0,None,0.0,0,39.9,3.824,225.504,6.07
2023-01-20,5,C,50000,4,Home & Garden,4140.42,0,None,0.0,0,37.8,3.887,224.785,6.34
2023-01-27,5,C,50000,4,Home & Garden,3996.21,0,None,0.0,0,39.4,3.891,224.964,6.36
2023-02-03,5,C,50000,4,Home & Garden,4228.56,0,None,1087.43,1,34.1,3.905,224.935,6.16
2023-02-10,5,C,50000,4,Home & Garden,5505.43,1,Super Bowl,4067.88,1,36.5,4.038,224.151,6.23
2023-02-17,5,C,50000,4,Home & Garden,4599.56,0,None,2864.4,1,38.6,4.012,225.234,6.19
2023-02-24,5,C,50000,4,Home & Garden,4517.11,0,None,0.0,0,43.5,3.938,225.415,6.45
2023-03-03,5,C,50000,4,Home & Garden,4468.38,0,None,2749.35,1,44.4,4.071,226.754,6.25
2023-03-10,5,C,50000,4,Home & Garden,4226.67,0,None,0.0,0,45.1,4.024,225.563,6.11
2023-03-17,5,C,50000,4,Home & Garden,4082.61,0,None,0.0,0,57.0,4.062,225.947,6.01
2023-03-24,5,C,50000,4,Home & Garden,4535.72,0,None,0.0,0,52.3,4.04,225.917,5.94
2023-03-31,5,C,50000,4,Home & Garden,4199.44,0,None,0.0,0,56.5,3.911,225.487,6.11
2023-04-07,5,C,50000,4,Home & Garden,7789.69,0,None,1779.65,1,56.2,3.917,226.78,6.0
2023-04-14,5,C,50000,4,Home & Garden,7756.55,0,None,0.0,0,60.0,4.001,226.722,5.92
2023-04-21,5,C,50000,4,Home & Garden,8195.89,0,None,734.03,1,67.0,3.966,226.879,5.98
2023-04-28,5,C,50000,4,Home & Garden,7716.98,0,None,0.0,0,67.0,3.888,226.166,5.93
2023-05-05,5,C,50000,4,Home & Garden,7744.65,0,None,0.0,0,66.7,3.867,227.46,6.19
2023-05-12,5,C,50000,4,Home & Garden,7597.62,0,None,813.55,1,76.8,3.925,226.195,6.1
2023-05-19,5,C,50000,4,Home & Garden,7599.85,0,None,0.0,0,71.8,3.737,227.326,6.0
2023-05-26,5,C,50000,4,Home & Garden,9166.86,1,Memorial Day,1655.31,1,69.9,3.786,228.266,6.14
2023-06-02,5,C,50000,4,Home & Garden,6888.32,0,None,0.0,0,78.8,3.681,226.812,5.98
2023-06-09,5,C,50000,4,Home & Garden,7297.53,0,None,0.0,0,78.9,3.631,227.162,5.88
2023-06-16,5,C,50000,4,Home & Garden,8440.26,0,None,3196.84,1,76.0,3.686,227.632,6.11
2023-06-23,5,C,50000,4,Home & Garden,6649.91,0,None,0.0,0,85.9,3.612,227.468,5.99
2023-06-30,5,C,50000,4,Home & Garden,7402.4,0,None,0.0,0,82.2,3.556,227.082,5.82
2023-07-07,5,C,50000,4,Home & Garden,4153.71,0,None,0.0,0,80.8,3.538,228.029,5.9
2023-07-14,5,C,50000,4,Home & Garden,4004.03,0,None,0.0,0,78.9,3.377,227.601,5.82
2023-07-21,5,C,50000,4,Home & Garden,4355.52,0,None,0.0,0,93.3,3.37,228.506,5.75
2023-07-28,5,C,50000,4,Home & Garden,4854.85,0,None,1688.6,1,86.1,3.23,227.947,5.97
2023-08-04,5,C,50000,4,Home & Garden,4673.24,0,None,0.0,0,79.9,3.219,229.319,6.06
2023-08-11,5,C,50000,4,Home & Garden,4395.73,0,None,0.0,0,80.9,3.121,228.29,5.72
2023-08-18,5,C,50000,4,Home & Garden,4630.18,0,None,513.45,1,78.0,3.077,228.658,5.9
2023-08-25,5,C,50000,4,Home & Garden,4111.59,0,None,0.0,0,69.9,3.055,229.363,5.77
2023-09-01,5,C,50000,4,Home & Garden,4791.1,0,None,3908.59,1,74.3,2.88,228.478,5.77
2023-09-08,5,C,50000,4,Home & Garden,5159.66,1,Labor Day,3156.87,1,75.8,3.052,229.344,5.75
2023-09-15,5,C,50000,4,Home & Garden,4391.14,0,None,0.0,0,71.9,2.744,230.022,5.71
2023-09-22,5,C,50000,4,Home & Garden,4661.55,0,None,4314.23,1,75.3,2.669,228.702,5.79
2023-09-29,5,C,50000,4,Home & Garden,3736.14,0,None,0.0,0,68.0,2.802,229.735,5.69
2023-10-06,5,C,50000,4,Home & Garden,4257.6,0,None,0.0,0,63.5,2.718,229.91,5.79
2023-10-13,5,C,50000,4,Home & Garden,4392.19,0,None,763.35,1,64.4,2.652,230.308,5.74
2023-10-20,5,C,50000,4,Home & Garden,4446.85,0,None,0.0,0,55.3,2.601,229.436,5.71
2023-10-27,5,C,50000,4,Home & Garden,4456.78,0,None,0.0,0,50.1,2.502,229.532,5.63
2023-11-03,5,C,50000,4,Home & Garden,3951.44,0,None,0.0,0,46.3,2.386,230.591,5.65
2023-11-10,5,C,50000,4,Home & Garden,4336.37,0,None,0.0,0,48.1,2.422,230.616,5.77
2023-11-17,5,C,50000,4,Home & Garden,4196.54,0,None,0.0,0,49.0,2.323,230.73,5.74
2023-11-24,5,C,50000,4,Home & Garden,7820.56,1,Thanksgiving / Black Friday,2712.65,1,45.1,2.42,230.915,5.58
2023-12-01,5,C,50000,4,Home & Garden,8112.18,1,Thanksgiving / Black Friday,2365.03,1,42.1,2.299,230.539,5.67
2023-12-08,5,C,50000,4,Home & Garden,3811.18,0,None,0.0,0,36.1,2.216,231.133,5.73
2023-12-15,5,C,50000,4,Home & Garden,4224.53,0,None,0.0,0,39.4,2.233,231.3,5.47
2023-12-22,5,C,50000,4,Home & Garden,7323.89,1,Christmas / New Year,712.29,1,41.0,2.272,230.934,5.68
2023-12-29,5,C,50000,4,Home & Garden,7309.23,1,Christmas / New Year,2494.1,1,43.3,2.177,232.361,5.55
2024-01-05,5,C,50000,4,Home & Garden,4369.62,0,None,0.0,0,25.0,2.145,231.803,5.66
2024-01-12,5,C,50000,4,Home & Garden,4587.34,0,None,0.0,0,28.1,2.223,231.108,5.51
2024-01-19,5,C,50000,4,Home & Garden,4031.19,0,None,0.0,0,42.2,2.22,232.169,5.4
2024-01-26,5,C,50000,4,Home & Garden,4568.41,0,None,0.0,0,33.7,2.161,231.491,5.4
2024-02-02,5,C,50000,4,Home & Garden,4441.05,0,None,0.0,0,39.0,2.169,232.509,5.56
2024-02-09,5,C,50000,4,Home & Garden,5499.83,1,Super Bowl,4383.97,1,42.8,2.235,232.832,5.57
2024-02-16,5,C,50000,4,Home & Garden,4516.98,0,None,709.91,1,42.3,2.114,231.98,5.44
2024-02-23,5,C,50000,4,Home & Garden,4413.36,0,None,0.0,0,43.7,2.135,233.009,5.58
2024-03-01,5,C,50000,4,Home & Garden,4615.93,0,None,0.0,0,39.5,2.213,232.871,5.34
2024-03-08,5,C,50000,4,Home & Garden,4338.59,0,None,0.0,0,43.6,2.279,233.213,5.49
2024-03-15,5,C,50000,4,Home & Garden,4143.11,0,None,0.0,0,52.1,2.351,233.888,5.36
2024-03-22,5,C,50000,4,Home & Garden,4952.27,0,None,3547.85,1,45.7,2.477,232.954,5.4
2024-03-29,5,C,50000,4,Home & Garden,4441.81,0,None,0.0,0,53.5,2.465,232.837,5.46
2024-04-05,5,C,50000,4,Home & Garden,7028.03,0,None,0.0,0,64.7,2.424,232.907,5.36
2024-04-12,5,C,50000,4,Home & Garden,7801.09,0,None,0.0,0,60.9,2.479,233.081,5.39
2024-04-19,5,C,50000,4,Home & Garden,7740.79,0,None,0.0,0,59.6,2.447,233.588,5.52
2024-04-26,5,C,50000,4,Home & Garden,7480.84,0,None,0.0,0,63.9,2.575,233.934,5.35
2024-05-03,5,C,50000,4,Home & Garden,7429.74,0,None,0.0,0,67.3,2.605,234.039,5.48
2024-05-10,5,C,50000,4,Home & Garden,7499.26,0,None,0.0,0,71.3,2.708,234.452,5.27
2024-05-17,5,C,50000,4,Home & Garden,7955.54,0,None,0.0,0,72.5,2.672,234.182,5.43
2024-05-24,5,C,50000,4,Home & Garden,9033.87,1,Memorial Day,1311.88,1,77.6,2.837,235.04,5.5
2024-05-31,5,C,50000,4,Home & Garden,7750.86,0,None,0.0,0,80.0,2.977,234.318,5.1
2024-06-07,5,C,50000,4,Home & Garden,8038.62,0,None,0.0,0,75.0,2.906,235.948,5.26
2024-06-14,5,C,50000,4,Home & Garden,7786.59,0,None,0.0,0,76.5,3.008,235.038,5.38
2024-06-21,5,C,50000,4,Home & Garden,7670.36,0,None,0.0,0,79.7,3.093,234.434,5.29
2024-06-28,5,C,50000,4,Home & Garden,8146.47,0,None,0.0,0,83.7,3.068,234.465,5.34
2021-01-01,5,C,50000,5,Toys,3542.15,0,None,0.0,0,35.3,3.139,210.248,7.52
2021-01-08,5,C,50000,5,Toys,3442.72,0,None,0.0,0,36.1,3.144,210.068,7.49
2021-01-15,5,C,50000,5,Toys,3720.68,0,None,0.0,0,37.4,3.281,210.599,7.49
2021-01-22,5,C,50000,5,Toys,3420.37,0,None,0.0,0,36.6,3.323,211.174,7.39
2021-01-29,5,C,50000,5,Toys,3216.34,0,None,0.0,0,37.8,3.34,210.432,7.45
2021-02-05,5,C,50000,5,Toys,3335.71,0,None,0.0,0,42.5,3.337,210.57,7.49
2021-02-12,5,C,50000,5,Toys,3914.64,1,Super Bowl,2051.28,1,35.5,3.341,211.614,7.57
2021-02-19,5,C,50000,5,Toys,3419.09,0,None,0.0,0,42.6,3.483,211.345,7.51
2021-02-26,5,C,50000,5,Toys,3243.72,0,None,1130.54,1,46.6,3.641,210.864,7.62
2021-03-05,5,C,50000,5,Toys,3348.06,0,None,0.0,0,39.1,3.641,211.508,7.31
2021-03-12,5,C,50000,5,Toys,3538.26,0,None,0.0,0,44.6,3.574,211.142,7.47
2021-03-19,5,C,50000,5,Toys,3492.74,0,None,0.0,0,53.4,3.734,211.278,7.39
2021-03-26,5,C,50000,5,Toys,3755.71,0,None,0.0,0,55.8,3.794,211.769,7.57
2021-04-02,5,C,50000,5,Toys,3251.3,0,None,0.0,0,57.2,3.733,210.829,7.26
2021-04-09,5,C,50000,5,Toys,3026.4,0,None,0.0,0,58.3,3.853,211.061,7.25
2021-04-16,5,C,50000,5,Toys,3412.64,0,None,1055.71,1,58.2,3.879,211.779,7.26
2021-04-23,5,C,50000,5,Toys,3863.93,0,None,4285.83,1,53.5,3.813,211.691,7.09
2021-04-30,5,C,50000,5,Toys,3665.77,0,None,2915.2,1,68.8,3.959,212.492,7.24
2021-05-07,5,C,50000,5,Toys,3587.9,0,None,0.0,0,67.9,3.997,212.019,7.21
2021-05-14,5,C,50000,5,Toys,3280.66,0,None,560.87,1,71.2,4.057,211.904,7.29
2021-05-21,5,C,50000,5,Toys,3810.35,0,None,3478.72,1,73.7,4.068,213.48,7.29
2021-05-28,5,C,50000,5,Toys,3982.13,1,Memorial Day,4169.63,1,69.0,3.883,212.772,7.43
2021-06-04,5,C,50000,5,Toys,3072.24,0,None,1021.85,1,73.7,3.924,213.056,7.33
2021-06-11,5,C,50000,5,Toys,3438.05,0,None,0.0,0,75.3,4.041,212.447,7.16
2021-06-18,5,C,50000,5,Toys,3437.89,0,None,0.0,0,81.1,4.038,213.025,7.12
2021-06-25,5,C,50000,5,Toys,3147.89,0,None,0.0,0,78.3,4.03,213.49,7.25
2021-07-02,5,C,50000,5,Toys,3324.17,0,None,0.0,0,78.7,4.286,212.996,7.05
2021-07-09,5,C,50000,5,Toys,3706.92,0,None,0.0,0,84.7,4.007,213.897,7.36
2021-07-16,5,C,50000,5,Toys,3810.22,0,None,2873.37,1,84.2,4.032,213.546,7.28
2021-07-23,5,C,50000,5,Toys,3554.85,0,None,0.0,0,78.5,3.994,213.838,7.1
2021-07-30,5,C,50000,5,Toys,3567.28,0,None,0.0,0,84.0,3.942,213.82,6.97
2021-08-06,5,C,50000,5,Toys,3466.59,0,None,0.0,0,83.0,3.833,215.184,7.26
2021-08-13,5,C,50000,5,Toys,3676.0,0,None,0.0,0,79.7,3.883,214.389,7.1
2021-08-20,5,C,50000,5,Toys,3385.56,0,None,0.0,0,68.5,3.722,214.004,7.22
2021-08-27,5,C,50000,5,Toys,3529.32,0,None,0.0,0,71.5,3.723,215.082,6.93
2021-09-03,5,C,50000,5,Toys,3205.09,0,None,0.0,0,74.7,3.658,214.197,7.02
2021-09-10,5,C,50000,5,Toys,4556.19,1,Labor Day,4485.96,1,73.6,3.655,215.049,7.07
2021-09-17,5,C,50000,5,Toys,4128.11,0,None,0.0,0,71.5,3.784,214.103,7.06
2021-09-24,5,C,50000,5,Toys,3718.58,0,None,3257.96,1,69.2,3.396,214.556,7.0
2021-10-01,5,C,50000,5,Toys,3718.15,0,None,0.0,0,63.8,3.545,215.456,7.09
2021-10-08,5,C,50000,5,Toys,3460.05,0,None,0.0,0,66.4,3.305,215.864,6.91
2021-10-15,5,C,50000,5,Toys,3524.51,0,None,0.0,0,65.3,3.337,215.718,6.99
2021-10-22,5,C,50000,5,Toys,3514.0,0,None,1474.03,1,58.8,3.403,215.711,7.0
2021-10-29,5,C,50000,5,Toys,3667.84,0,None,0.0,0,51.3,3.26,215.756,7.03
2021-11-05,5,C,50000,5,Toys,7578.56,0,None,0.0,0,51.8,3.107,215.305,7.04
2021-11-12,5,C,50000,5,Toys,6973.17,0,None,0.0,0,48.6,3.074,215.821,6.84
2021-11-19,5,C,50000,5,Toys,7926.72,0,None,0.0,0,50.4,3.123,216.088,6.79
2021-11-26,5,C,50000,5,Toys,15674.66,1,Thanksgiving / Black Friday,858.06,1,47.1,2.949,216.985,7.06
2021-12-03,5,C,50000,5,Toys,15835.65,1,Thanksgiving / Black Friday,4008.15,1,43.5,2.963,216.765,6.95
2021-12-10,5,C,50000,5,Toys,7521.29,0,None,0.0,0,41.1,2.888,215.849,6.83
2021-12-17,5,C,50000,5,Toys,7505.83,0,None,1886.56,1,37.4,2.773,217.03,7.05
2021-12-24,5,C,50000,5,Toys,13731.11,1,Christmas / New Year,3454.28,1,47.8,2.938,216.813,6.9
2021-12-31,5,C,50000,5,Toys,13224.18,1,Christmas / New Year,2157.91,1,41.7,2.76,216.804,6.99
2022-01-07,5,C,50000,5,Toys,3152.75,0,None,0.0,0,33.0,2.492,217.586,6.87
2022-01-14,5,C,50000,5,Toys,3213.51,0,None,0.0,0,40.2,2.617,217.933,7.05
2022-01-21,5,C,50000,5,Toys,2975.02,0,None,0.0,0,33.4,2.498,218.021,7.01
2022-01-28,5,C,50000,5,Toys,3441.38,0,None,588.56,1,41.1,2.571,217.273,6.8
2022-02-04,5,C,50000,5,Toys,3529.48,0,None,0.0,0,38.6,2.395,217.675,6.91
2022-02-11,5,C,50000,5,Toys,3703.4,1,Super Bowl,2042.63,1,38.2,2.407,218.133,6.86
2022-02-18,5,C,50000,5,Toys,3638.19,0,None,0.0,0,43.7,2.418,218.592,6.92
2022-02-25,5,C,50000,5,Toys,3261.82,0,None,0.0,0,47.5,2.411,218.002,6.68
2022-03-04,5,C,50000,5,Toys,3555.13,0,None,0.0,0,43.0,2.214,218.286,6.83
2022-03-11,5,C,50000,5,Toys,3362.65,0,None,0.0,0,53.5,2.256,217.963,6.86
2022-03-18,5,C,50000,5,Toys,3330.38,0,None,0.0,0,48.2,2.22,218.056,6.56
2022-03-25,5,C,50000,5,Toys,3650.57,0,None,0.0,0,59.8,2.186,219.197,6.61
2022-04-01,5,C,50000,5,Toys,3123.17,0,None,0.0,0,57.7,2.364,219.607,6.51
2022-04-08,5,C,50000,5,Toys,3849.0,0,None,0.0,0,54.9,2.243,219.03,6.68
2022-04-15,5,C,50000,5,Toys,3463.78,0,None,0.0,0,53.8,2.102,219.705,6.76
2022-04-22,5,C,50000,5,Toys,3481.72,0,None,0.0,0,57.9,2.274,219.521,6.83
2022-04-29,5,C,50000,5,Toys,3575.0,0,None,2158.75,1,71.0,2.371,219.155,6.67
2022-05-06,5,C,50000,5,Toys,3153.51,0,None,0.0,0,73.3,2.289,219.796,6.82
2022-05-13,5,C,50000,5,Toys,3506.76,0,None,0.0,0,70.4,2.095,220.522,6.5
2022-05-20,5,C,50000,5,Toys,3418.49,0,None,768.26,1,69.1,2.191,219.872,6.46
2022-05-27,5,C,50000,5,Toys,4563.97,1,Memorial Day,3327.6,1,92.5,2.349,220.81,6.61
2022-06-03,5,C,50000,5,Toys,3734.82,0,None,0.0,0,80.2,2.213,218.855,6.64
2022-06-10,5,C,50000,5,Toys,3628.5,0,None,0.0,0,85.6,2.331,220.713,6.59
2022-06-17,5,C,50000,5,Toys,3815.6,0,None,4123.09,1,80.0,2.388,220.483,6.37
2022-06-24,5,C,50000,5,Toys,3312.48,0,None,0.0,0,79.3,2.285,220.427,6.56
2022-07-01,5,C,50000,5,Toys,3614.54,0,None,0.0,0,82.7,2.392,220.76,6.43
2022-07-08,5,C,50000,5,Toys,3918.31,0,None,0.0,0,86.0,2.177,219.858,6.61
2022-07-15,5,C,50000,5,Toys,3151.05,0,None,0.0,0,82.0,2.398,220.879,6.57
2022-07-22,5,C,50000,5,Toys,3475.49,0,None,0.0,0,85.5,2.507,221.305,6.43
2022-07-29,5,C,50000,5,Toys,3971.44,0,None,0.0,0,78.8,2.476,222.003,6.46
2022-08-05,5,C,50000,5,Toys,3755.72,0,None,3281.23,1,85.0,2.758,221.142,6.39
2022-08-12,5,C,50000,5,Toys,3469.64,0,None,0.0,0,78.0,2.567,221.134,6.48
2022-08-19,5,C,50000,5,Toys,3446.06,0,None,0.0,0,77.6,2.703,221.425,6.57
2022-08-26,5,C,50000,5,Toys,3775.02,0,None,1507.04,1,75.8,2.806,222.271,6.36
2022-09-02,5,C,50000,5,Toys,3432.35,0,None,0.0,0,72.1,2.97,222.115,6.5
2022-09-09,5,C,50000,5,Toys,4701.38,1,Labor Day,2471.52,1,74.3,2.8,221.823,6.38
2022-09-16,5,C,50000,5,Toys,3760.25,0,None,0.0,0,75.5,3.069,222.482,6.34
2022-09-23,5,C,50000,5,Toys,3743.2,0,None,723.55,1,67.7,3.039,222.411,6.4
2022-09-30,5,C,50000,5,Toys,3508.58,0,None,0.0,0,60.1,3.021,222.984,6.3
2022-10-07,5,C,50000,5,Toys,3373.37,0,None,0.0,0,57.2,3.199,222.286,6.33
2022-10-14,5,C,50000,5,Toys,3584.56,0,None,0.0,0,55.8,3.24,222.611,6.26
2022-10-21,5,C,50000,5,Toys,3260.29,0,None,0.0,0,58.9,3.237,222.716,6.56
2022-10-28,5,C,50000,5,Toys,3515.71,0,None,0.0,0,51.5,3.351,222.318,6.36
2022-11-04,5,C,50000,5,Toys,7100.73,0,None,0.0,0,57.7,3.374,223.335,6.27
2022-11-11,5,C,50000,5,Toys,7828.14,0,None,0.0,0,48.6,3.471,223.455,6.35
2022-11-18,5,C,50000,5,Toys,6828.92,0,None,0.0,0,48.5,3.571,223.464,6.3
2022-11-25,5,C,50000,5,Toys,16237.82,1,Thanksgiving / Black Friday,1274.92,1,45.3,3.699,223.482,6.28
2022-12-02,5,C,50000,5,Toys,15475.71,1,Thanksgiving / Black Friday,661.78,1,39.7,3.525,223.029,6.35
2022-12-09,5,C,50000,5,Toys,7046.06,0,None,0.0,0,39.7,3.844,223.663,6.35
2022-12-16,5,C,50000,5,Toys,7133.59,0,None,0.0,0,46.4,3.564,223.84,6.21
2022-12-23,5,C,50000,5,Toys,14965.15,1,Christmas / New Year,3688.4,1,39.8,3.751,223.747,6.2
2022-12-30,5,C,50000,5,Toys,14032.68,1,Christmas / New Year,1085.88,1,28.8,3.851,224.205,6.22
2023-01-06,5,C,50000,5,Toys,3789.08,0,None,0.0,0,40.9,3.863,224.625,6.0
2023-01-13,5,C,50000,5,Toys,3924.77,0,None,1382.81,1,44.7,3.824,225.504,6.07
2023-01-20,5,C,50000,5,Toys,3507.7,0,None,0.0,0,36.3,3.887,224.785,6.34
2023-01-27,5,C,50000,5,Toys,3661.54,0,None,0.0,0,44.9,3.891,224.964,6.36
2023-02-03,5,C,50000,5,Toys,3391.91,0,None,0.0,0,43.4,3.905,224.935,6.16
2023-02-10,5,C,50000,5,Toys,4175.45,1,Super Bowl,1412.3,1,48.0,4.038,224.151,6.23
2023-02-17,5,C,50000,5,Toys,3413.36,0,None,0.0,0,38.8,4.012,225.234,6.19
2023-02-24,5,C,50000,5,Toys,3435.66,0,None,0.0,0,48.3,3.938,225.415,6.45
2023-03-03,5,C,50000,5,Toys,3453.78,0,None,972.65,1,49.2,4.071,226.754,6.25
2023-03-10,5,C,50000,5,Toys,3299.15,0,None,0.0,0,43.5,4.024,225.563,6.11
2023-03-17,5,C,50000,5,Toys,3756.53,0,None,0.0,0,52.1,4.062,225.947,6.01
2023-03-24,5,C,50000,5,Toys,3525.69,0,None,0.0,0,49.8,4.04,225.917,5.94
2023-03-31,5,C,50000,5,Toys,3464.03,0,None,0.0,0,59.2,3.911,225.487,6.11
2023-04-07,5,C,50000,5,Toys,3679.26,0,None,0.0,0,49.7,3.917,226.78,6.0
2023-04-14,5,C,50000,5,Toys,3633.15,0,None,0.0,0,71.0,4.001,226.722,5.92
2023-04-21,5,C,50000,5,Toys,3250.09,0,None,0.0,0,67.1,3.966,226.879,5.98
2023-04-28,5,C,50000,5,Toys,3419.89,0,None,0.0,0,69.8,3.888,226.166,5.93
2023-05-05,5,C,50000,5,Toys,3475.18,0,None,0.0,0,61.0,3.867,227.46,6.19
2023-05-12,5,C,50000,5,Toys,3833.99,0,None,0.0,0,73.7,3.925,226.195,6.1
2023-05-19,5,C,50000,5,Toys,3809.37,0,None,1420.73,1,70.7,3.737,227.326,6.0
2023-05-26,5,C,50000,5,Toys,4436.33,1,Memorial Day,1407.39,1,77.6,3.786,228.266,6.14
2023-06-02,5,C,50000,5,Toys,3525.82,0,None,0.0,0,75.0,3.681,226.812,5.98
2023-06-09,5,C,50000,5,Toys,3781.79,0,None,0.0,0,71.9,3.631,227.162,5.88
2023-06-16,5,C,50000,5,Toys,3584.34,0,None,0.0,0,81.7,3.686,227.632,6.11
2023-06-23,5,C,50000,5,Toys,4199.65,0,None,3334.93,1,83.0,3.612,227.468,5.99
2023-06-30,5,C,50000,5,Toys,4208.7,0,None,3874.77,1,81.9,3.556,227.082,5.82
2023-07-07,5,C,50000,5,Toys,3700.03,0,None,2938.33,1,76.6,3.538,228.029,5.9
2023-07-14,5,C,50000,5,Toys,3761.74,0,None,2650.52,1,87.6,3.377,227.601,5.82
2023-07-21,5,C,50000,5,Toys,3808.39,0,None,0.0,0,85.6,3.37,228.506,5.75
2023-07-28,5,C,50000,5,Toys,4039.82,0,None,4439.62,1,85.3,3.23,227.947,5.97
2023-08-04,5,C,50000,5,Toys,3604.21,0,None,0.0,0,90.5,3.219,229.319,6.06
2023-08-11,5,C,50000,5,Toys,3735.49,0,None,0.0,0,81.0,3.121,228.29,5.72
2023-08-18,5,C,50000,5,Toys,3373.13,0,None,0.0,0,76.2,3.077,228.658,5.9
2023-08-25,5,C,50000,5,Toys,3519.0,0,None,0.0,0,78.5,3.055,229.363,5.77
2023-09-01,5,C,50000,5,Toys,3941.75,0,None,0.0,0,79.6,2.88,228.478,5.77
2023-09-08,5,C,50000,5,Toys,4522.37,1,Labor Day,634.92,1,69.6,3.052,229.344,5.75
2023-09-15,5,C,50000,5,Toys,3572.65,0,None,0.0,0,70.4,2.744,230.022,5.71
2023-09-22,5,C,50000,5,Toys,3544.16,0,None,3993.37,1,60.9,2.669,228.702,5.79
2023-09-29,5,C,50000,5,Toys,3610.82,0,None,4287.07,1,70.0,2.802,229.735,5.69
2023-10-06,5,C,50000,5,Toys,3831.1,0,None,0.0,0,63.7,2.718,229.91,5.79
2023-10-13,5,C,50000,5,Toys,3656.64,0,None,0.0,0,53.9,2.652,230.308,5.74
2023-10-20,5,C,50000,5,Toys,3344.93,0,None,0.0,0,61.9,2.601,229.436,5.71
2023-10-27,5,C,50000,5,Toys,3453.08,0,None,0.0,0,52.8,2.502,229.532,5.63
2023-11-03,5,C,50000,5,Toys,7997.07,0,None,0.0,0,47.4,2.386,230.591,5.65
2023-11-10,5,C,50000,5,Toys,7759.73,0,None,0.0,0,47.6,2.422,230.616,5.77
2023-11-17,5,C,50000,5,Toys,7735.01,0,None,0.0,0,47.5,2.323,230.73,5.74
2023-11-24,5,C,50000,5,Toys,15032.97,1,Thanksgiving / Black Friday,3660.11,1,41.7,2.42,230.915,5.58
2023-12-01,5,C,50000,5,Toys,17771.34,1,Thanksgiving / Black Friday,2727.16,1,36.6,2.299,230.539,5.67
2023-12-08,5,C,50000,5,Toys,7968.8,0,None,0.0,0,42.9,2.216,231.133,5.73
2023-12-15,5,C,50000,5,Toys,7408.31,0,None,0.0,0,45.6,2.233,231.3,5.47
2023-12-22,5,C,50000,5,Toys,15614.93,1,Christmas / New Year,2990.77,1,33.9,2.272,230.934,5.68
2023-12-29,5,C,50000,5,Toys,16117.69,1,Christmas / New Year,2799.65,1,38.5,2.177,232.361,5.55
2024-01-05,5,C,50000,5,Toys,3860.59,0,None,2244.59,1,36.5,2.145,231.803,5.66
2024-01-12,5,C,50000,5,Toys,4031.6,0,None,0.0,0,34.1,2.223,231.108,5.51
2024-01-19,5,C,50000,5,Toys,3745.79,0,None,0.0,0,41.1,2.22,232.169,5.4
2024-01-26,5,C,50000,5,Toys,3900.27,0,None,0.0,0,39.6,2.161,231.491,5.4
2024-02-02,5,C,50000,5,Toys,3575.47,0,None,0.0,0,38.9,2.169,232.509,5.56
2024-02-09,5,C,50000,5,Toys,4499.45,1,Super Bowl,1394.77,1,47.2,2.235,232.832,5.57
2024-02-16,5,C,50000,5,Toys,3452.52,0,None,0.0,0,47.9,2.114,231.98,5.44
2024-02-23,5,C,50000,5,Toys,3534.43,0,None,0.0,0,45.6,2.135,233.009,5.58
2024-03-01,5,C,50000,5,Toys,3986.55,0,None,0.0,0,38.7,2.213,232.871,5.34
2024-03-08,5,C,50000,5,Toys,4012.75,0,None,0.0,0,56.4,2.279,233.213,5.49
2024-03-15,5,C,50000,5,Toys,3618.67,0,None,777.67,1,61.6,2.351,233.888,5.36
2024-03-22,5,C,50000,5,Toys,4087.86,0,None,0.0,0,42.5,2.477,232.954,5.4
2024-03-29,5,C,50000,5,Toys,3670.18,0,None,0.0,0,60.9,2.465,232.837,5.46
2024-04-05,5,C,50000,5,Toys,3646.46,0,None,1266.41,1,58.7,2.424,232.907,5.36
2024-04-12,5,C,50000,5,Toys,3903.38,0,None,0.0,0,56.1,2.479,233.081,5.39
2024-04-19,5,C,50000,5,Toys,4039.15,0,None,1088.81,1,58.3,2.447,233.588,5.52
2024-04-26,5,C,50000,5,Toys,3773.3,0,None,0.0,0,65.3,2.575,233.934,5.35
2024-05-03,5,C,50000,5,Toys,4082.34,0,None,0.0,0,68.7,2.605,234.039,5.48
2024-05-10,5,C,50000,5,Toys,3743.66,0,None,2674.96,1,76.1,2.708,234.452,5.27
2024-05-17,5,C,50000,5,Toys,3687.2,0,None,0.0,0,64.2,2.672,234.182,5.43
2024-05-24,5,C,50000,5,Toys,4537.78,1,Memorial Day,753.8,1,71.0,2.837,235.04,5.5
2024-05-31,5,C,50000,5,Toys,3697.95,0,None,0.0,0,75.3,2.977,234.318,5.1
2024-06-07,5,C,50000,5,Toys,3865.74,0,None,1300.86,1,74.2,2.906,235.948,5.26
2024-06-14,5,C,50000,5,Toys,4175.02,0,None,0.0,0,77.0,3.008,235.038,5.38
2024-06-21,5,C,50000,5,Toys,3929.4,0,None,1875.58,1,86.3,3.093,234.434,5.29
2024-06-28,5,C,50000,5,Toys,3523.79,0,None,0.0,0,86.0,3.068,234.465,5.34
2021-01-01,5,C,50000,6,Health & Beauty,4399.6,0,None,0.0,0,33.1,3.139,210.248,7.52
2021-01-08,5,C,50000,6,Health & Beauty,4766.95,0,None,0.0,0,41.0,3.144,210.068,7.49
2021-01-15,5,C,50000,6,Health & Beauty,4507.21,0,None,0.0,0,40.7,3.281,210.599,7.49
2021-01-22,5,C,50000,6,Health & Beauty,4535.31,0,None,0.0,0,37.9,3.323,211.174,7.39
2021-01-29,5,C,50000,6,Health & Beauty,4693.14,0,None,0.0,0,31.7,3.34,210.432,7.45
2021-02-05,5,C,50000,6,Health & Beauty,4933.46,0,None,0.0,0,36.5,3.337,210.57,7.49
2021-02-12,5,C,50000,6,Health & Beauty,5467.46,1,Super Bowl,1240.86,1,45.9,3.341,211.614,7.57
2021-02-19,5,C,50000,6,Health & Beauty,5032.66,0,None,3128.85,1,38.8,3.483,211.345,7.51
2021-02-26,5,C,50000,6,Health & Beauty,4705.8,0,None,0.0,0,50.4,3.641,210.864,7.62
2021-03-05,5,C,50000,6,Health & Beauty,5209.1,0,None,0.0,0,45.3,3.641,211.508,7.31
2021-03-12,5,C,50000,6,Health & Beauty,4929.51,0,None,0.0,0,45.5,3.574,211.142,7.47
2021-03-19,5,C,50000,6,Health & Beauty,5077.84,0,None,0.0,0,49.7,3.734,211.278,7.39
2021-03-26,5,C,50000,6,Health & Beauty,5329.87,0,None,0.0,0,50.7,3.794,211.769,7.57
2021-04-02,5,C,50000,6,Health & Beauty,5421.03,0,None,0.0,0,55.6,3.733,210.829,7.26
2021-04-09,5,C,50000,6,Health & Beauty,5635.12,0,None,0.0,0,58.1,3.853,211.061,7.25
2021-04-16,5,C,50000,6,Health & Beauty,5543.08,0,None,0.0,0,58.7,3.879,211.779,7.26
2021-04-23,5,C,50000,6,Health & Beauty,6471.76,0,None,2747.82,1,73.7,3.813,211.691,7.09
2021-04-30,5,C,50000,6,Health & Beauty,5721.06,0,None,0.0,0,63.4,3.959,212.492,7.24
2021-05-07,5,C,50000,6,Health & Beauty,6081.11,0,None,1058.84,1,69.0,3.997,212.019,7.21
2021-05-14,5,C,50000,6,Health & Beauty,6254.54,0,None,0.0,0,67.8,4.057,211.904,7.29
2021-05-21,5,C,50000,6,Health & Beauty,5758.27,0,None,0.0,0,80.1,4.068,213.48,7.29
2021-05-28,5,C,50000,6,Health & Beauty,7037.42,1,Memorial Day,1757.08,1,69.0,3.883,212.772,7.43
2021-06-04,5,C,50000,6,Health & Beauty,6518.5,0,None,2884.79,1,78.5,3.924,213.056,7.33
2021-06-11,5,C,50000,6,Health & Beauty,6079.1,0,None,0.0,0,80.5,4.041,212.447,7.16
2021-06-18,5,C,50000,6,Health & Beauty,5970.47,0,None,0.0,0,87.7,4.038,213.025,7.12
2021-06-25,5,C,50000,6,Health & Beauty,6015.18,0,None,0.0,0,83.0,4.03,213.49,7.25
2021-07-02,5,C,50000,6,Health & Beauty,5784.85,0,None,0.0,0,75.4,4.286,212.996,7.05
2021-07-09,5,C,50000,6,Health & Beauty,6648.54,0,None,0.0,0,75.9,4.007,213.897,7.36
2021-07-16,5,C,50000,6,Health & Beauty,6399.35,0,None,0.0,0,87.1,4.032,213.546,7.28
2021-07-23,5,C,50000,6,Health & Beauty,6050.1,0,None,1214.53,1,81.4,3.994,213.838,7.1
2021-07-30,5,C,50000,6,Health & Beauty,5863.55,0,None,0.0,0,71.1,3.942,213.82,6.97
2021-08-06,5,C,50000,6,Health & Beauty,6102.95,0,None,0.0,0,80.5,3.833,215.184,7.26
2021-08-13,5,C,50000,6,Health & Beauty,5940.89,0,None,1084.62,1,76.2,3.883,214.389,7.1
2021-08-20,5,C,50000,6,Health & Beauty,5801.06,0,None,0.0,0,82.3,3.722,214.004,7.22
2021-08-27,5,C,50000,6,Health & Beauty,5339.02,0,None,0.0,0,76.5,3.723,215.082,6.93
2021-09-03,5,C,50000,6,Health & Beauty,5426.94,0,None,0.0,0,73.6,3.658,214.197,7.02
2021-09-10,5,C,50000,6,Health & Beauty,6903.32,1,Labor Day,2387.36,1,74.0,3.655,215.049,7.07
2021-09-17,5,C,50000,6,Health & Beauty,5082.86,0,None,0.0,0,70.2,3.784,214.103,7.06
2021-09-24,5,C,50000,6,Health & Beauty,5846.95,0,None,4223.89,1,74.0,3.396,214.556,7.0
2021-10-01,5,C,50000,6,Health & Beauty,5016.95,0,None,0.0,0,67.1,3.545,215.456,7.09
2021-10-08,5,C,50000,6,Health & Beauty,5146.37,0,None,0.0,0,58.7,3.305,215.864,6.91
2021-10-15,5,C,50000,6,Health & Beauty,5034.11,0,None,1836.74,1,58.6,3.337,215.718,6.99
2021-10-22,5,C,50000,6,Health & Beauty,5143.2,0,None,1272.66,1,56.7,3.403,215.711,7.0
2021-10-29,5,C,50000,6,Health & Beauty,4556.42,0,None,0.0,0,60.7,3.26,215.756,7.03
2021-11-05,5,C,50000,6,Health & Beauty,4656.38,0,None,0.0,0,50.1,3.107,215.305,7.04
2021-11-12,5,C,50000,6,Health & Beauty,4550.8,0,None,0.0,0,50.9,3.074,215.821,6.84
2021-11-19,5,C,50000,6,Health & Beauty,4382.28,0,None,0.0,0,45.4,3.123,216.088,6.79
2021-11-26,5,C,50000,6,Health & Beauty,8254.61,1,Thanksgiving / Black Friday,1740.0,1,46.2,2.949,216.985,7.06
2021-12-03,5,C,50000,6,Health & Beauty,8283.91,1,Thanksgiving / Black Friday,2995.23,1,47.7,2.963,216.765,6.95
2021-12-10,5,C,50000,6,Health & Beauty,4322.38,0,None,0.0,0,41.1,2.888,215.849,6.83
2021-12-17,5,C,50000,6,Health & Beauty,4532.26,0,None,0.0,0,43.3,2.773,217.03,7.05
2021-12-24,5,C,50000,6,Health & Beauty,7334.17,1,Christmas / New Year,999.62,1,35.4,2.938,216.813,6.9
2021-12-31,5,C,50000,6,Health & Beauty,7470.07,1,Christmas / New Year,1590.2,1,38.2,2.76,216.804,6.99
2022-01-07,5,C,50000,6,Health & Beauty,4723.85,0,None,0.0,0,28.3,2.492,217.586,6.87
2022-01-14,5,C,50000,6,Health & Beauty,4905.42,0,None,0.0,0,30.9,2.617,217.933,7.05
2022-01-21,5,C,50000,6,Health & Beauty,4880.67,0,None,0.0,0,36.1,2.498,218.021,7.01
2022-01-28,5,C,50000,6,Health & Beauty,4629.07,0,None,0.0,0,38.0,2.571,217.273,6.8
2022-02-04,5,C,50000,6,Health & Beauty,4972.27,0,None,0.0,0,36.2,2.395,217.675,6.91
2022-02-11,5,C,50000,6,Health & Beauty,5984.4,1,Super Bowl,4026.46,1,41.1,2.407,218.133,6.86
2022-02-18,5,C,50000,6,Health & Beauty,5094.81,0,None,0.0,0,35.1,2.418,218.592,6.92
2022-02-25,5,C,50000,6,Health & Beauty,5267.04,0,None,0.0,0,49.5,2.411,218.002,6.68
2022-03-04,5,C,50000,6,Health & Beauty,5479.91,0,None,0.0,0,49.1,2.214,218.286,6.83
2022-03-11,5,C,50000,6,Health & Beauty,5842.92,0,None,3475.05,1,36.5,2.256,217.963,6.86
2022-03-18,5,C,50000,6,Health & Beauty,5794.3,0,None,0.0,0,46.1,2.22,218.056,6.56
2022-03-25,5,C,50000,6,Health & Beauty,5487.79,0,None,0.0,0,51.7,2.186,219.197,6.61
2022-04-01,5,C,50000,6,Health & Beauty,5883.29,0,None,0.0,0,57.8,2.364,219.607,6.51
2022-04-08,5,C,50000,6,Health & Beauty,5304.63,0,None,0.0,0,57.4,2.243,219.03,6.68
2022-04-15,5,C,50000,6,Health & Beauty,5423.11,0,None,0.0,0,54.3,2.102,219.705,6.76
2022-04-22,5,C,50000,6,Health & Beauty,6326.35,0,None,1541.74,1,69.4,2.274,219.521,6.83
2022-04-29,5,C,50000,6,Health & Beauty,5880.67,0,None,0.0,0,64.0,2.371,219.155,6.67
2022-05-06,5,C,50000,6,Health & Beauty,6369.46,0,None,0.0,0,65.5,2.289,219.796,6.82
2022-05-13,5,C,50000,6,Health & Beauty,6439.74,0,None,0.0,0,69.9,2.095,220.522,6.5
2022-05-20,5,C,50000,6,Health & Beauty,6318.2,0,None,0.0,0,69.0,2.191,219.872,6.46
2022-05-27,5,C,50000,6,Health & Beauty,8018.19,1,Memorial Day,4145.58,1,69.9,2.349,220.81,6.61
2022-06-03,5,C,50000,6,Health & Beauty,6299.93,0,None,0.0,0,81.0,2.213,218.855,6.64
2022-06-10,5,C,50000,6,Health & Beauty,6036.43,0,None,0.0,0,74.6,2.331,220.713,6.59
2022-06-17,5,C,50000,6,Health & Beauty,6430.99,0,None,0.0,0,76.8,2.388,220.483,6.37
2022-06-24,5,C,50000,6,Health & Beauty,6526.26,0,None,1079.64,1,85.0,2.285,220.427,6.56
2022-07-01,5,C,50000,6,Health & Beauty,7293.43,0,None,3870.51,1,78.0,2.392,220.76,6.43
2022-07-08,5,C,50000,6,Health & Beauty,6365.1,0,None,0.0,0,80.3,2.177,219.858,6.61
2022-07-15,5,C,50000,6,Health & Beauty,6202.83,0,None,0.0,0,79.3,2.398,220.879,6.57
2022-07-22,5,C,50000,6,Health & Beauty,6238.13,0,None,0.0,0,77.4,2.507,221.305,6.43
2022-07-29,5,C,50000,6,Health & Beauty,6226.13,0,None,3628.78,1,80.1,2.476,222.003,6.46
2022-08-05,5,C,50000,6,Health & Beauty,6315.38,0,None,0.0,0,84.4,2.758,221.142,6.39
2022-08-12,5,C,50000,6,Health & Beauty,6132.65,0,None,0.0,0,75.4,2.567,221.134,6.48
2022-08-19,5,C,50000,6,Health & Beauty,5771.14,0,None,1628.45,1,78.4,2.703,221.425,6.57
2022-08-26,5,C,50000,6,Health & Beauty,5675.64,0,None,0.0,0,77.1,2.806,222.271,6.36
2022-09-02,5,C,50000,6,Health & Beauty,6075.52,0,None,0.0,0,83.3,2.97,222.115,6.5
2022-09-09,5,C,50000,6,Health & Beauty,6401.17,1,Labor Day,511.0,1,65.5,2.8,221.823,6.38
2022-09-16,5,C,50000,6,Health & Beauty,5080.97,0,None,0.0,0,68.8,3.069,222.482,6.34
2022-09-23,5,C,50000,6,Health & Beauty,5820.07,0,None,0.0,0,67.0,3.039,222.411,6.4
2022-09-30,5,C,50000,6,Health & Beauty,5286.65,0,None,0.0,0,66.2,3.021,222.984,6.3
2022-10-07,5,C,50000,6,Health & Beauty,4999.68,0,None,0.0,0,66.8,3.199,222.286,6.33
2022-10-14,5,C,50000,6,Health & Beauty,4873.8,0,None,0.0,0,62.7,3.24,222.611,6.26
2022-10-21,5,C,50000,6,Health & Beauty,4932.18,0,None,0.0,0,52.2,3.237,222.716,6.56
2022-10-28,5,C,50000,6,Health & Beauty,4852.75,0,None,0.0,0,55.1,3.351,222.318,6.36
2022-11-04,5,C,50000,6,Health & Beauty,4765.18,0,None,0.0,0,54.7,3.374,223.335,6.27
2022-11-11,5,C,50000,6,Health & Beauty,4810.24,0,None,0.0,0,46.4,3.471,223.455,6.35
2022-11-18,5,C,50000,6,Health & Beauty,4985.12,0,None,0.0,0,50.4,3.571,223.464,6.3
2022-11-25,5,C,50000,6,Health & Beauty,8766.97,1,Thanksgiving / Black Friday,3254.41,1,45.0,3.699,223.482,6.28
2022-12-02,5,C,50000,6,Health & Beauty,9336.39,1,Thanksgiving / Black Friday,2215.86,1,36.6,3.525,223.029,6.35
2022-12-09,5,C,50000,6,Health & Beauty,4789.78,0,None,0.0,0,42.5,3.844,223.663,6.35
2022-12-16,5,C,50000,6,Health & Beauty,4939.66,0,None,1799.95,1,37.8,3.564,223.84,6.21
2022-12-23,5,C,50000,6,Health & Beauty,8082.34,1,Christmas / New Year,4259.31,1,41.1,3.751,223.747,6.2
2022-12-30,5,C,50000,6,Health & Beauty,8167.73,1,Christmas / New Year,3013.63,1,34.2,3.851,224.205,6.22
2023-01-06,5,C,50000,6,Health & Beauty,4913.15,0,None,0.0,0,44.6,3.863,224.625,6.0
2023-01-13,5,C,50000,6,Health & Beauty,5017.24,0,None,0.0,0,37.3,3.824,225.504,6.07
2023-01-20,5,C,50000,6,Health & Beauty,5322.66,0,None,4172.19,1,42.0,3.887,224.785,6.34
2023-01-27,5,C,50000,6,Health & Beauty,5031.82,0,None,0.0,0,35.4,3.891,224.964,6.36
2023-02-03,5,C,50000,6,Health & Beauty,5105.69,0,None,0.0,0,38.2,3.905,224.935,6.16
2023-02-10,5,C,50000,6,Health & Beauty,6409.71,1,Super Bowl,2690.67,1,41.5,4.038,224.151,6.23
2023-02-17,5,C,50000,6,Health & Beauty,5464.07,0,None,0.0,0,43.6,4.012,225.234,6.19
2023-02-24,5,C,50000,6,Health & Beauty,5511.35,0,None,0.0,0,48.2,3.938,225.415,6.45
2023-03-03,5,C,50000,6,Health & Beauty,6034.39,0,None,0.0,0,42.9,4.071,226.754,6.25
2023-03-10,5,C,50000,6,Health & Beauty,5748.45,0,None,0.0,0,47.2,4.024,225.563,6.11
2023-03-17,5,C,50000,6,Health & Beauty,5792.78,0,None,0.0,0,56.6,4.062,225.947,6.01
2023-03-24,5,C,50000,6,Health & Beauty,5982.91,0,None,0.0,0,53.5,4.04,225.917,5.94
2023-03-31,5,C,50000,6,Health & Beauty,5867.19,0,None,0.0,0,53.8,3.911,225.487,6.11
2023-04-07,5,C,50000,6,Health & Beauty,6567.66,0,None,1635.67,1,57.0,3.917,226.78,6.0
2023-04-14,5,C,50000,6,Health & Beauty,6097.22,0,None,0.0,0,67.3,4.001,226.722,5.92
2023-04-21,5,C,50000,6,Health & Beauty,6616.06,0,None,801.28,1,59.5,3.966,226.879,5.98
2023-04-28,5,C,50000,6,Health & Beauty,6444.24,0,None,0.0,0,67.3,3.888,226.166,5.93
2023-05-05,5,C,50000,6,Health & Beauty,6267.35,0,None,0.0,0,71.9,3.867,227.46,6.19
2023-05-12,5,C,50000,6,Health & Beauty,6571.52,0,None,0.0,0,67.9,3.925,226.195,6.1
2023-05-19,5,C,50000,6,Health & Beauty,6459.86,0,None,0.0,0,77.4,3.737,227.326,6.0
2023-05-26,5,C,50000,6,Health & Beauty,7809.01,1,Memorial Day,1835.1,1,76.0,3.786,228.266,6.14
2023-06-02,5,C,50000,6,Health & Beauty,6741.5,0,None,0.0,0,76.8,3.681,226.812,5.98
2023-06-09,5,C,50000,6,Health & Beauty,6530.03,0,None,0.0,0,78.2,3.631,227.162,5.88
2023-06-16,5,C,50000,6,Health & Beauty,6685.75,0,None,0.0,0,86.8,3.686,227.632,6.11
2023-06-23,5,C,50000,6,Health & Beauty,6631.47,0,None,0.0,0,80.6,3.612,227.468,5.99
2023-06-30,5,C,50000,6,Health & Beauty,6333.2,0,None,0.0,0,80.5,3.556,227.082,5.82
2023-07-07,5,C,50000,6,Health & Beauty,6252.82,0,None,0.0,0,80.8,3.538,228.029,5.9
2023-07-14,5,C,50000,6,Health & Beauty,6349.41,0,None,0.0,0,78.5,3.377,227.601,5.82
2023-07-21,5,C,50000,6,Health & Beauty,6418.47,0,None,0.0,0,83.1,3.37,228.506,5.75
2023-07-28,5,C,50000,6,Health & Beauty,6743.38,0,None,0.0,0,86.5,3.23,227.947,5.97
2023-08-04,5,C,50000,6,Health & Beauty,6733.45,0,None,3550.83,1,80.3,3.219,229.319,6.06
2023-08-11,5,C,50000,6,Health & Beauty,6575.67,0,None,3794.3,1,77.5,3.121,228.29,5.72
2023-08-18,5,C,50000,6,Health & Beauty,6030.35,0,None,0.0,0,70.5,3.077,228.658,5.9
2023-08-25,5,C,50000,6,Health & Beauty,6096.75,0,None,0.0,0,82.7,3.055,229.363,5.77
2023-09-01,5,C,50000,6,Health & Beauty,6040.86,0,None,672.34,1,74.9,2.88,228.478,5.77
2023-09-08,5,C,50000,6,Health & Beauty,6969.79,1,Labor Day,2095.97,1,68.5,3.052,229.344,5.75
2023-09-15,5,C,50000,6,Health & Beauty,5506.05,0,None,0.0,0,66.5,2.744,230.022,5.71
2023-09-22,5,C,50000,6,Health & Beauty,5816.0,0,None,0.0,0,69.3,2.669,228.702,5.79
2023-09-29,5,C,50000,6,Health & Beauty,5571.29,0,None,0.0,0,61.5,2.802,229.735,5.69
2023-10-06,5,C,50000,6,Health & Beauty,5659.31,0,None,0.0,0,60.9,2.718,229.91,5.79
2023-10-13,5,C,50000,6,Health & Beauty,5075.1,0,None,0.0,0,53.1,2.652,230.308,5.74
2023-10-20,5,C,50000,6,Health & Beauty,5056.05,0,None,0.0,0,61.8,2.601,229.436,5.71
2023-10-27,5,C,50000,6,Health & Beauty,5256.58,0,None,0.0,0,52.3,2.502,229.532,5.63
2023-11-03,5,C,50000,6,Health & Beauty,5193.98,0,None,0.0,0,49.3,2.386,230.591,5.65
2023-11-10,5,C,50000,6,Health & Beauty,4917.15,0,None,0.0,0,56.5,2.422,230.616,5.77
2023-11-17,5,C,50000,6,Health & Beauty,4719.37,0,None,0.0,0,53.0,2.323,230.73,5.74
2023-11-24,5,C,50000,6,Health & Beauty,9930.71,1,Thanksgiving / Black Friday,2731.51,1,46.2,2.42,230.915,5.58
2023-12-01,5,C,50000,6,Health & Beauty,9111.61,1,Thanksgiving / Black Friday,2703.85,1,39.2,2.299,230.539,5.67
2023-12-08,5,C,50000,6,Health & Beauty,4826.68,0,None,0.0,0,44.1,2.216,231.133,5.73
2023-12-15,5,C,50000,6,Health & Beauty,4809.06,0,None,0.0,0,33.1,2.233,231.3,5.47
2023-12-22,5,C,50000,6,Health & Beauty,8945.24,1,Christmas / New Year,2894.05,1,33.6,2.272,230.934,5.68
2023-12-29,5,C,50000,6,Health & Beauty,8546.43,1,Christmas / New Year,1907.27,1,43.0,2.177,232.361,5.55
2024-01-05,5,C,50000,6,Health & Beauty,5373.15,0,None,1512.13,1,31.9,2.145,231.803,5.66
2024-01-12,5,C,50000,6,Health & Beauty,5471.75,0,None,2246.95,1,33.1,2.223,231.108,5.51
2024-01-19,5,C,50000,6,Health & Beauty,5162.12,0,None,0.0,0,37.3,2.22,232.169,5.4
2024-01-26,5,C,50000,6,Health & Beauty,5062.01,0,None,0.0,0,43.0,2.161,231.491,5.4
2024-02-02,5,C,50000,6,Health & Beauty,6096.01,0,None,2378.32,1,41.8,2.169,232.509,5.56
2024-02-09,5,C,50000,6,Health & Beauty,6526.76,1,Super Bowl,3247.04,1,39.1,2.235,232.832,5.57
2024-02-16,5,C,50000,6,Health & Beauty,5595.78,0,None,0.0,0,39.3,2.114,231.98,5.44
2024-02-23,5,C,50000,6,Health & Beauty,5860.26,0,None,2640.96,1,51.9,2.135,233.009,5.58
2024-03-01,5,C,50000,6,Health & Beauty,6184.85,0,None,1102.62,1,46.2,2.213,232.871,5.34
2024-03-08,5,C,50000,6,Health & Beauty,5599.44,0,None,0.0,0,46.1,2.279,233.213,5.49
2024-03-15,5,C,50000,6,Health & Beauty,6283.37,0,None,0.0,0,56.9,2.351,233.888,5.36
2024-03-22,5,C,50000,6,Health & Beauty,5986.96,0,None,0.0,0,52.5,2.477,232.954,5.4
2024-03-29,5,C,50000,6,Health & Beauty,6341.89,0,None,0.0,0,58.5,2.465,232.837,5.46
2024-04-05,5,C,50000,6,Health & Beauty,6282.01,0,None,0.0,0,54.0,2.424,232.907,5.36
2024-04-12,5,C,50000,6,Health & Beauty,6182.54,0,None,0.0,0,58.9,2.479,233.081,5.39
2024-04-19,5,C,50000,6,Health & Beauty,6215.57,0,None,0.0,0,64.9,2.447,233.588,5.52
2024-04-26,5,C,50000,6,Health & Beauty,7593.67,0,None,3633.06,1,66.8,2.575,233.934,5.35
2024-05-03,5,C,50000,6,Health & Beauty,6947.9,0,None,0.0,0,73.3,2.605,234.039,5.48
2024-05-10,5,C,50000,6,Health & Beauty,6907.41,0,None,0.0,0,68.1,2.708,234.452,5.27
2024-05-17,5,C,50000,6,Health & Beauty,7005.43,0,None,0.0,0,68.3,2.672,234.182,5.43
2024-05-24,5,C,50000,6,Health & Beauty,8740.11,1,Memorial Day,1395.09,1,79.2,2.837,235.04,5.5
2024-05-31,5,C,50000,6,Health & Beauty,6643.56,0,None,0.0,0,81.9,2.977,234.318,5.1
2024-06-07,5,C,50000,6,Health & Beauty,6686.44,0,None,0.0,0,79.7,2.906,235.948,5.26
2024-06-14,5,C,50000,6,Health & Beauty,7596.02,0,None,3964.43,1,71.6,3.008,235.038,5.38
2024-06-21,5,C,50000,6,Health & Beauty,6779.9,0,None,0.0,0,81.0,3.093,234.434,5.29
2024-06-28,5,C,50000,6,Health & Beauty,6585.8,0,None,0.0,0,81.2,3.068,234.465,5.34
